callsign,type,qth,tx,rx,tone,dmr_id,group,status,locator,locator_lat,locator_lon,locator_precision_m,osm_lat,osm_lon,osm_id,osm_match,radioid_lat,radioid_lon,repeaterbook_lat,repeaterbook_lon,aprsfi_lat,aprsfi_lon,local_lat,local_lon,best_lat,best_lon,best_source,elevation_m,max_disagreement_m,flags,codeplug_channels,codeplug_zones,group_nrrl_url,group_website,notes
JW9SRR,FM Repeater,Svalbard/Skolten,145.6,145,91.5,,Svalbard,,JQ88HD,78.145833,16.625000,3268.3,78.149405,16.658259,node/13003985929,override:node/13003985929,,,78.140000,16.570000,,,78.149405,16.658259,78.149405,16.658259,local,,0.0,,Svalbard JW9SRR,ANALOG SVALBARD,https://nrrl.no/grupper/svalbard-og-jan-mayen/svalbardgruppen/,http://jw5e.com/,OSM mast node/13003985929 (Skolten).
LA1HRR,Crossband link,Halden,144.6625,433.4,77,,Halden,,JO59QC,59.104167,11.375000,4695.6,,,,,,,59.104198,11.375000,,,,,59.104198,11.375000,repeaterbook,,3.5,,,,https://nrrl.no/grupper/ostfold/haldengruppen/,https://la9h.no/,missing_osm
LA1KRR,FM/DMR Repeater,Kolsås,434.925,432.925,110.9,242101,Asker og Bærum,,JO59GW,59.937500,10.541667,4637.5,59.918889,10.516077,node/912390742,override:node/912390742,59.918880,10.515982,59.919601,10.516100,,,59.918889,10.516077,59.918889,10.516077,local,,0.0,,Kolsaas LA1KRR,ANALOG OSLO/VIKE,https://nrrl.no/grupper/akershus/asker-og-baerumgruppen/,http://www.la2ab.net/,OSM tower node/912390742 (Kolsås Bærum).
LA1RRR,FM IVG,Heggedal,433.9875,433.9875,123,,LA1TRF,,JO59ES,59.770833,10.375000,4649.2,,,,,,,,,,,,,59.770833,10.375000,nrrl_locator,,0.0,,Heggedal LA1RRR,,,,missing_osm; missing_repeaterbook
LA1TRR,FM Repeater,Halden,434.875,432.875,67,,Halden,,JO59QC,59.104167,11.375000,4695.6,,,,,,,,,,,,,59.104167,11.375000,nrrl_locator,,0.0,,Halden LA1TRR,ANALOG OSLO/VIKE,https://nrrl.no/grupper/ostfold/haldengruppen/,https://la9h.no/,missing_osm; missing_repeaterbook
LA1ZRR,FM IVG,Røyken,145.2375,145.2375,123,,LA1TRF,,JO59ES,59.770833,10.375000,4649.2,,,,,,,,,,,,,59.770833,10.375000,nrrl_locator,,0.0,,Heggedal LA1ZRR,ANALOG OSLO/VIKE,,,missing_osm; missing_repeaterbook
LA2BRR,FM Repeater,Bislingen,145.6375,145.0375,88.5,,Ringerike,,JP50HF,60.229167,10.625000,4617.1,,,,,,,,,,,,,60.229167,10.625000,nrrl_locator,,0.0,,Bislingen LA2BRR,ANALOG OSLO/VIKE,https://nrrl.no/grupper/akershus/ringeriksgruppen/,,missing_osm; missing_repeaterbook
LA2DRR,DMR Repeater,Raufoss,434.825,432.825,,242603,Gjøvik og Toten,,JP50IR,60.729167,10.708333,4581.9,,,,,60.728992,10.704625,,,,,,,60.728992,10.704625,radioid,,202.5,,,,https://nrrl.no/grupper/innlandet/gjovik-og-totengruppa/,https://www.la5g.no/,missing_osm; missing_repeaterbook
LA2ERR,FM Repeater,Gardermoen portabel,434.85,432.85,1750,,Gardermoen,,NA,,,,,,,,,,60.176498,11.139200,,,,,60.176498,11.139200,repeaterbook,,0.0,,,,https://nrrl.no/grupper/akershus/gardermogruppen/,https://www.la2g.no/,missing_osm; portable
LA2FRR,FM Repeater,Oppegård,1297,1291,,,Follo,,JO59JS,59.770833,10.791667,4649.2,,,,,,,59.913869,10.752245,,,,,59.913869,10.752245,repeaterbook,,16056.5,,,,https://nrrl.no/grupper/akershus/follogruppen/,https://la3f.no/,disagreement; missing_osm; outside_locator:repeaterbook
LA2HRR,FM Repeater,Geitberget,145.7,145.1,88.5,,Gudbrandsdal,,JP42SF,62.229167,9.541667,4475.3,,,,,,,62.224400,9.547340,,,62.212513,9.538915,62.212513,9.538915,local,,0.0,,Innland LA2HRR,ANALOG INNLANDET,https://nrrl.no/grupper/innlandet/gudbrandsdalsgruppen/,https://www.la7g.no/,Operator position from JOSM review (was NRRL locator centre).; missing_osm
LA2JRR,FM Repeater,Jetta,145.6625,145.0625,88.5,,Gudbrandsdal,,JP41PV,61.895833,9.291667,4499.1,,,,,,,61.900000,9.290000,,,61.897565,9.284453,61.897565,9.284453,local,,0.0,,Innland LA2JRR,ANALOG INNLANDET,https://nrrl.no/grupper/innlandet/gudbrandsdalsgruppen/,https://www.la7g.no/,"Jetta (LA7GRR, LA2JRR, LD2JB).; missing_osm"
LA2KRR,FM/C4FM,Rafjellet,434.65,432.65,71.9,,Kongsvinger,,JP60BH,60.312500,12.125000,4611.2,60.324222,12.138325,node/5576656337,override:node/5576656337,,,60.324600,12.138300,,,60.324222,12.138325,60.324222,12.138325,local,,0.0,,Kongsving LA2KRR,ANALOG OSLO/VIKE,https://nrrl.no/grupper/innlandet/kongsvingergruppen/,https://www.la7v.org/,Rafjellet mast. Restore amateur-radio tags for LA2KRR on node/5576656337 if missing (siblings are separate nodes).
LA2L-10,APRS,Biri,144.8,144.8,,,Gjøvik og Toten,,,,,,,,,,,,,,,,60.942730,10.614060,60.942730,10.614060,local,,0.0,,,,https://nrrl.no/grupper/innlandet/gjovik-og-totengruppa/,https://www.la5g.no/,LoRa APRS digipeater heard on aprs.no / aprs.fi (not in NRRL).; missing_osm; missing_repeaterbook
LA2LRR,FM Repeater,Mjøsa portabel,434.7,432.7,123,242602,Hamar,,JP50OW,60.937500,11.208333,4567.2,,,,,60.830292,11.016800,60.735901,10.983800,,,,,60.937500,11.208333,nrrl_locator,,10647.5,,Mjoesa LA2LRR,ANALOG INNLANDET,https://nrrl.no/grupper/innlandet/hamargruppen/,,NRRL QTH is Mjøsa portabel; not a fixed site.; disagreement; missing_osm; portable
LA2RRR,FM Repeater,Holtberget,51.83,51.23,71.9,,Kongsvinger,,JP50XE,60.187500,11.958333,4620.0,60.167611,11.994392,node/471110617,override:node/471110617,,,60.167099,11.995600,,,60.167611,11.994392,60.167611,11.994392,local,,0.0,,,,https://nrrl.no/grupper/innlandet/kongsvingergruppen/,https://www.la7v.org/,Holtberget
LA2XRR,FM Repeater,Rafjellet,145.7125,145.1125,71.9,,Kongsvinger,,JP60BH,60.312500,12.125000,4611.2,60.324222,12.138325,node/14228508489,override:node/14228508489,,,60.324299,12.138300,,,60.324222,12.138325,60.324222,12.138325,local,,0.0,,Kongsving LA2XRR,ANALOG OSLO/VIKE,https://nrrl.no/grupper/innlandet/kongsvingergruppen/,https://www.la7v.org/,Rafjellet. Co-located with mast node/5576656337.
LA2YRR,DMR Repeater,Stangåsen/Oppegård,434.75,432.75,123.0,242103,Follo,,JO59JS,59.770833,10.791667,4649.2,,,,,59.780815,10.795479,59.770802,10.791700,,,,,59.780815,10.795479,radioid,,1133.4,,,,https://nrrl.no/grupper/akershus/follogruppen/,https://la3f.no/,missing_osm
LA3ARR,FM Repeater,Hillestad,434.7625,432.7625,123,,Viken Radioforening,,JO49XN,59.562500,9.958333,4663.7,,,,,,,,,,,,,59.562500,9.958333,nrrl_locator,,0.0,,Skien LA3ARR,ANALOG GRENLAND,,,missing_osm; missing_repeaterbook
LA3BRR,FM Repeater,Bronane/Drangedal,145.5625,144.9625,74.4,,Grenland,,,,,,59.221984,8.977644,node/5417275137,override:node/5417275137,,,59.221968,8.977551,,,59.221984,8.977644,59.221984,8.977644,local,,0.0,,,,https://nrrl.no/grupper/telemark/grenlandgruppen/,,Fylkesnettet. OSM tower node/5417275137 (Bronane).
LA3DRR,FM Repeater,Vealøs/Skien,434.6125,432.6125,74.4,,Tønsberg,,JO49UF,59.229167,9.708333,4686.9,59.236000,9.699390,node/4904156635,override:node/4904156635,,,59.235172,9.698932,,,59.236000,9.699390,59.236000,9.699390,local,,0.0,,Toensberg LA3DRR,ANALOG GRENLAND,https://nrrl.no/grupper/vestfold/tonsberggruppen/,http://la1t.no/,"Vealøs mast. Operator position 59.2360000, 9.6993900. OSM node/4904156635 (LA3DRR)."
LA3ERR,Crossband FM,Stokke,144.6875,434.7625,,,Viken Radioforening,,JO59DE,59.187500,10.291667,4689.8,,,,,,,,,,,,,59.187500,10.291667,nrrl_locator,,0.0,,,,,,missing_osm; missing_repeaterbook
LA3FRR,FM Repeater,Halden,145.775,145.175,67,,Halden,,JO59QC,59.104167,11.375000,4695.6,,,,,,,,,,,,,59.104167,11.375000,nrrl_locator,,0.0,,Halden LA3FRR,ANALOG OSLO/VIKE,https://nrrl.no/grupper/ostfold/haldengruppen/,https://la9h.no/,missing_osm; missing_repeaterbook
LA3GRR,FM Repeater,Gaustatoppen,145.6125,145.0125,74.4,,Grenland,,,,,,59.856968,8.648648,node/12640560650,override:node/12640560650,,,59.854301,8.625000,,,59.856968,8.648648,59.856968,8.648648,local,,0.0,,Toensberg LA3GRR,ANALOG GRENLAND,https://nrrl.no/grupper/telemark/grenlandgruppen/,,Fylkesnettet. OSM mast node/12640560650 (LA3GRR).
LA3HRR,Crossband link,Geilotoppen,144.6375,433.125,74.4,,Hallingdal,,JP40CN,60.562500,8.208333,4593.6,,,,,,,60.562500,8.208330,,,,,60.562500,8.208330,repeaterbook,,0.2,,Hallingda LA3HRR,ANALOG INNLANDET,https://nrrl.no/grupper/buskerud/hallingdalsgruppa/,,missing_osm
LA3JRR,FM Repeater,Kvelde/Jordstøyp,434.675,432.675,74.4,,Tønsberg,,JO49XE,59.187500,9.958333,4689.8,,,,,,,,,,,,,59.187500,9.958333,nrrl_locator,,0.0,,Toensberg LA3JRR,ANALOG GRENLAND,https://nrrl.no/grupper/vestfold/tonsberggruppen/,http://la1t.no/,missing_osm; missing_repeaterbook
LA3KRR,Crossband FM,Bronane/Drangedal,145.5625,144.9625,,,Tønsberg,,JO49LF,59.229167,8.958333,4686.9,,,,,,,59.221968,8.977551,,,,,59.221968,8.977551,repeaterbook,,1355.1,,,,https://nrrl.no/grupper/vestfold/tonsberggruppen/,http://la1t.no/,missing_osm
LA3KRR,Crossband FM,Vealøs/Skien,434.5875,432.5875,,,Tønsberg,,JO49UF,59.229167,9.708333,4686.9,,,,,,,59.235333,9.699000,,,,,59.235333,9.699000,repeaterbook,,867.2,,,,https://nrrl.no/grupper/vestfold/tonsberggruppen/,http://la1t.no/,missing_osm
LA3NRR,Crossband link,Notodden,145.05,433.0875,74.4,,Notodden,,JO49ON,59.562500,9.208333,4663.7,,,,,,,,,,,,,59.562500,9.208333,nrrl_locator,,0.0,,,,https://nrrl.no/grupper/telemark/notoddengruppen/,https://la3n.no/,missing_osm; missing_repeaterbook
LA3RRR,FM Repeater,Vestre Buttentjern,145.6875,145.0875,123,,Ringerike,,JP50DF,60.229167,10.291667,4617.1,,,,,,,,,,,,,60.229167,10.291667,nrrl_locator,,0.0,,Ringerike LA3RRR,,https://nrrl.no/grupper/akershus/ringeriksgruppen/,,missing_osm; missing_repeaterbook
LA3SRR,FM Repeater,Korpås/Brunlanes,145.275,144.675,74.4,,Sandefjord,,JO59CE,59.187500,10.208333,4689.8,59.031323,9.963454,node/11540556760,override:node/11540556760,,,59.179200,10.208300,,,59.031323,9.963454,59.031323,9.963454,local,,0.0,,Sandefj LA3SRR,ANALOG GRENLAND,https://nrrl.no/grupper/vestfold/sandefjordgruppen/,,Fylkesnettet. OSM node/11540556760 (LA3SRR). NRRL still listed this as crossband.; locator_mismatch
LA3VRR,FM/C4FM,Vealøs/Skien,434.6125,432.6125,74.4,,Grenland,,JO49UF,59.229167,9.708333,4686.9,,,,,,,59.235333,9.699000,,,,,59.235333,9.699000,repeaterbook,,867.2,,Skien LA3VRR,ANALOG GRENLAND,https://nrrl.no/grupper/telemark/grenlandgruppen/,,missing_osm
LA3XRR,Crossband FM,Hvittingen/Sande,145.225,144.625,74.4,,Tønsberg,,JO59CN,59.562500,10.208333,4663.7,59.546468,10.196356,node/1964429111,override:node/1964429111,,,59.546667,10.196667,,,59.546468,10.196356,59.546468,10.196356,local,,0.0,,Toensberg LA3XRR,ANALOG GRENLAND,https://nrrl.no/grupper/vestfold/tonsberggruppen/,http://la1t.no/,Fylkesnettet. OSM tower node/1964429111 (Hvittingen).
LA4ARR,FM Repeater,Hestheia/Greipstad,434.9375,432.9375,123,,Kristiansand,,JO38WF,58.229167,7.875000,4756.0,,,,,,,58.219000,7.851970,,,,,58.219000,7.851970,repeaterbook,,1759.7,,Kr.sand S LA4ARR,ANALOG SOERLANDE,https://nrrl.no/grupper/agder/kristiansandsgruppen/,https://www.la9k.net/,missing_osm
LA4BRR,FM Repeater,Bru,434.9,432.9,123,,Sandnes,,JO29TA,59.020833,5.625000,4701.4,,,,,,,59.243077,5.625000,,,,,59.243077,5.625000,repeaterbook,,24712.4,,RTF Bru LA4BRR,ANALOG ROGALAND,https://nrrl.no/grupper/rogaland/sandnesgruppen/,https://la9s.no/,disagreement; missing_osm; outside_locator:repeaterbook
LA4CRR,Crossband FM,Mandal/Djubedalsheia,144.65,434.825,77,,Sandnes,,JO38RC,58.104167,7.458333,4764.6,,,,,,,,,,,,,58.104167,7.458333,nrrl_locator,,0.0,,RTF LA4CRR,ANALOG SOERLANDE,https://nrrl.no/grupper/rogaland/sandnesgruppen/,https://la9s.no/,missing_osm; missing_repeaterbook
LA4ERR,FM Repeater,Egerøy,434.875,432.875,123,,Sandnes,,JO28WK,58.437500,5.875000,4741.7,,,,,,,58.437500,5.875000,,,,,58.437500,5.875000,repeaterbook,,0.0,,Sandnes LA4ERR,ANALOG ROGALAND|ANALOG SOERLANDE,https://nrrl.no/grupper/rogaland/sandnesgruppen/,https://la9s.no/,missing_osm
LA4FRR,FM Repeater,Fjæreheia/Grimstad,145.725,145.125,123,,Arendal,,JO48GJ,58.395833,8.541667,4744.5,,,,,,,,,,,,,58.395833,8.541667,nrrl_locator,,0.0,,Arendal LA4FRR,ANALOG SOERLANDE,https://nrrl.no/grupper/agder/arendalsgruppen/,,missing_osm; missing_repeaterbook
LA4KRR,FM Repeater,Kvinesheia,434.825,432.825,123,,Sandnes,,JO38MH,58.312500,7.041667,4750.3,,,,,,,58.304798,7.097500,,,,,58.304798,7.097500,repeaterbook,,3372.1,,Kvineshei LA4KRR,ANALOG SOERLANDE,https://nrrl.no/grupper/rogaland/sandnesgruppen/,https://la9s.no/,disagreement; missing_osm; outside_locator:repeaterbook
LA4LRR,FM Repeater,Stavanger/Lifjell,145.6375,145.0375,123,,Sandnes,,JO28VW,58.937500,5.791667,4707.1,,,,,,,58.923599,5.793000,,,,,58.923599,5.793000,repeaterbook,,1547.6,,Sandnes LA4LRR,ANALOG ROGALAND,https://nrrl.no/grupper/rogaland/sandnesgruppen/,https://la9s.no/,missing_osm
LA4MRR,FM Repeater,Varmestø,434.9,432.9,1750,,Mandal,,JO38RC,58.104167,7.458333,4764.6,,,,,,,58.104301,7.458330,,,,,58.104301,7.458330,repeaterbook,,15.0,,Mandal LA4MRR,ANALOG SOERLANDE,https://nrrl.no/grupper/agder/Mandalsgruppen/,https://la4k.no/,missing_osm
LA4ORR,FM Repeater,Odderøya,145.6125,145.0125,123,,Kristiansand,,JO48AD,58.145833,8.041667,4761.7,,,,,,,58.132725,8.006554,,,,,58.132725,8.006554,repeaterbook,,2524.3,,Odderoya LA4ORR,ANALOG SOERLANDE,https://nrrl.no/grupper/agder/kristiansandsgruppen/,https://www.la9k.net/,disagreement; missing_osm
LA4RRR,FM Repeaterlink,Reinsnuten,145.0125,145.6125,74.4,,STF Sauda,,JO39FO,59.604167,6.458333,4660.8,,,,,,,,,,,,,59.604167,6.458333,nrrl_locator,,0.0,,,,,,missing_osm; missing_repeaterbook
LA4SRR,FM Repeater,Bjerkreim,145.7125,145.1125,79.7,,Sandnes,,JO28XP,58.645833,5.958333,4727.3,,,,,,,58.628601,6.323600,,,,,58.628601,6.323600,repeaterbook,,21225.3,,Sandnes LA4SRR,ANALOG ROGALAND,https://nrrl.no/grupper/rogaland/sandnesgruppen/,https://la9s.no/,disagreement; missing_osm; outside_locator:repeaterbook
LA4URR,FM Repeater,Aasvik,434.875,432.875,1750,,Risør,,JP40OR,60.729167,9.208333,4581.9,,,,,,,58.726200,9.203000,,,,,58.726200,9.203000,repeaterbook,,222719.9,,Risoer LA4URR,ANALOG SOERLANDE,,,disagreement; missing_osm; outside_locator:repeaterbook
LA4WRR,FM Repeater,Bogafjell,434.85,432.85,123,,Sandnes,,JO28UT,58.812500,5.708333,4715.8,58.810140,5.744782,way/628543477,override:way/628543477,,,58.810600,5.744940,,,58.810140,5.744782,58.810140,5.744782,local,,0.0,,Sandnes LA4WRR,ANALOG ROGALAND,https://nrrl.no/grupper/rogaland/sandnesgruppen/,https://la9s.no/,OSM way/628543477 (Bogafjell).
LA5AR,FM Repeater,Vaktårnheia/Arendal,145.7,145.1,123,,Arendal,,JO48JL,58.479167,8.791667,4738.8,,,,,,,58.463699,8.766700,,,,,58.463699,8.766700,repeaterbook,,2250.7,,Arendal LA5AR,ANALOG SOERLANDE,https://nrrl.no/grupper/agder/arendalsgruppen/,,disagreement; missing_osm
LA5ARR,FM Repeater,Tverrberget,434.775,432.775,71.9,,Gjøvik og Toten,,JP40QU,60.854167,9.375000,4573.0,61.280312,10.311360,node/3115922468,override:node/3115922468,,,,,,,61.280312,10.311360,61.280312,10.311360,local,,0.0,,Tverrberg LA5ARR,ANALOG INNLANDET,https://nrrl.no/grupper/innlandet/gjovik-og-totengruppa/,https://www.la5g.no/,"Tverrberget. OSM node/3115922468 (LA5ARR, LD2GS).; locator_mismatch; missing_repeaterbook"
LA5BR,FM Repeater,Rundemannen,145.75,145.15,97.4,,Bergen,,JP20QJ,60.395833,5.375000,4605.3,,,,,,,60.410801,5.361000,,,,,60.410801,5.361000,repeaterbook,,1833.3,,Bergen LA5BR,ANALOG VESTLAND,https://nrrl.no/grupper/vestland/bergensgruppen/,https://www.la1b.no/,missing_osm
LA5CR,FM Repeater,Egersund/Gaupelemfjell,434.675,432.675,107.2,,Jæren,,JO38DO,58.604167,6.291667,4730.2,,,,,,,58.660099,5.741520,,,,,58.660099,5.741520,repeaterbook,,32444.3,,Jaeren LA5CR,ANALOG ROGALAND,https://nrrl.no/grupper/rogaland/jaergruppen/,https://www.la1j.no/,disagreement; missing_osm; outside_locator:repeaterbook
LA5CRR,Crossband/link,Østre Nattlansfjell,144.65,433.05,,,Bergen,,JP20QI,60.354167,5.375000,4608.3,,,,,,,,,,,,,60.354167,5.375000,nrrl_locator,,0.0,,,,https://nrrl.no/grupper/vestland/bergensgruppen/,https://www.la1b.no/,missing_osm; missing_repeaterbook
LA5DR,FM Repeater,Nordbykollen,145.725,145.125,74.4,,Drammen,,JO59CR,59.729167,10.208333,4652.1,,,,,,,59.729198,10.125000,,,,,59.729198,10.125000,repeaterbook,,4671.0,,Drammen LA5DR,ANALOG OSLO/VIKE,https://nrrl.no/grupper/buskerud/drammengruppen/,,disagreement; missing_osm; outside_locator:repeaterbook
LA5ER,FM Repeater,Eirefjell/Tokke,145.7125,145.1125,74.4,,Grenland,on-air,JO49BL,59.479167,8.125000,4669.5,59.489697,8.090134,node/5008797918,override:node/5008797918,,,59.489696,8.090016,,,59.489697,8.090134,59.489697,8.090134,local,,0.0,,Grenland LA5ER,ANALOG GRENLAND,https://nrrl.no/grupper/telemark/grenlandgruppen/,,Fylkesnettet. Eirefjell communications tower node/5008797918.
LA5FR,FM/C4FM,Svartåsen/Enebakk,145.7875,145.1875,123,,Follo,,JO59MS,59.770833,11.041667,4649.2,,,,,,,59.770802,11.041700,,,,,59.770802,11.041700,repeaterbook,,4.0,,Follo LA5FR,ANALOG OSLO/VIKE,https://nrrl.no/grupper/akershus/follogruppen/,https://la3f.no/,missing_osm
LA5GR,FM Repeater,Vealøs/Skien,145.65,145.05,74.4,,Grenland,,JO49UF,59.229167,9.708333,4686.9,,,,,,,59.235199,9.698430,,,59.236000,9.699390,59.236000,9.699390,local,,0.0,,Grenland LA5GR,ANALOG GRENLAND,https://nrrl.no/grupper/telemark/grenlandgruppen/,,Fylkesnettet. Co-located at Vealøs with LA3DRR (operator position).; missing_osm
LA5HR,FM Repeater,Skottås/Horten,145.625,145.025,74.4,,Horten,,JO59EJ,59.395833,10.375000,4675.3,,,,,,,59.401501,10.382300,,,,,59.401501,10.382300,repeaterbook,,753.6,,Horten LA5HR,ANALOG GRENLAND,https://nrrl.no/grupper/vestfold/hortengruppen/,https://www.la2z.no/,missing_osm
LA5HRR,FM Repeater,Storhorta,145.65,145.05,88.5,,Gjøvik og Toten,,JP51NH,61.312500,11.125000,4540.6,61.332001,11.094165,node/5576657770,override:node/5576657770,,,,,,,61.332001,11.094165,61.332001,11.094165,local,,0.0,,Innland LA5HRR,ANALOG INNLANDET,https://nrrl.no/grupper/innlandet/gjovik-og-totengruppa/,https://www.la5g.no/,Storhorta / Horta; missing_repeaterbook
LA5IR,FM/C4FM,Førde/Hafstadfjell,145.7,145.1,82.5,,Firda,,JP21WK,61.437500,5.875000,4531.7,,,,,,,61.436798,5.856800,,,,,61.436798,5.856800,repeaterbook,,970.7,,Foerde LA5IR,ANALOG VESTLAND,https://nrrl.no/grupper/vestland/firdagruppen/,http://la6f.blogspot.com/,missing_osm
LA5JR,FM Repeater,Haus Sachsen,434.625,432.625,123,242625,Kongsberg,,JO49SQ,59.687500,9.541667,4655.0,,,,,59.670914,9.574759,59.670892,9.574771,,,,,59.670914,9.574759,radioid,,2619.9,,Kongsberg LA5JR,ANALOG OSLO/VIKE,https://nrrl.no/grupper/buskerud/kongsberggruppen/,https://www.la8z.com,disagreement; missing_osm
LA5JRR,FM Repeater,Juvbreen,145.7875,145.1875,88.5,,Gjøvik og Toten,,JP41EQ,61.687500,8.375000,4514.0,,,,,,,,,,,61.661314,8.335389,61.661314,8.335389,local,,0.0,,Innland LA5JRR,ANALOG INNLANDET,https://nrrl.no/grupper/innlandet/gjovik-og-totengruppa/,https://www.la5g.no/,Operator position from JOSM review (was NRRL locator centre).; missing_osm; missing_repeaterbook
LA5KR,FM Repeater,Holtberget,145.65,145.05,71.9,242610,Kongsvinger,,JP50XE,60.187500,11.958333,4620.0,60.167611,11.994392,node/471110617,override:node/471110617,,,60.167400,11.995600,,,60.167611,11.994392,60.167611,11.994392,local,,0.0,,Kongsving LA5KR,ANALOG OSLO/VIKE,https://nrrl.no/grupper/innlandet/kongsvingergruppen/,https://www.la7v.org/,Holtberget
LA5LRR,Crossband Link,"Rong, Øygarden",145.125,145.725,123.0,,Bergen,,JP20LI,60.354167,4.958333,4608.3,60.512071,4.913333,node/5583842945,override:node/5583842945,,,,,,,60.512071,4.913333,60.512071,4.913333,local,,0.0,,,,https://nrrl.no/grupper/vestland/bergensgruppen/,https://www.la1b.no/,Crossband link. Club page: Rong i Øygarden. OSM mast node/5583842945. https://www.la1b.no/la5lrr/; missing_repeaterbook
LA5MR,FM Repeater,Høykorset,145.625,145.025,88.5,,Innlandsnettet,,JP50HL,60.479167,10.625000,4599.5,60.478166,10.601822,node/1705107664,override:node/1705107664,,,60.478199,10.601700,,,60.478166,10.601822,60.478166,10.601822,local,,0.0,,Innland LA5MR,ANALOG INNLANDET,https://nrrl.no/grupper/innlandet/sambandstjenesten-innlandet/,,"Høykorset / Totenåsen. OSM node/1705107664 (LA5MR, LD2GI). Not on Bagn node/2641537344."
LA5NR,FM Repeater,Ofoten/Veggen,145.775,145.175,1750,,Narvik,,JP88OL,68.479167,17.208333,4016.2,,,,,,,68.479202,17.208300,,,,,68.479202,17.208300,repeaterbook,,4.2,,Narvik LA5NR,ANALOG NORDLAND,https://nrrl.no/grupper/nordland/narvikgruppen/,http://la1n.no/,missing_osm
LA5OR,FM Repeater,Tryvasshøgda,145.6,145,123,,Oslo,,JO59IX,59.979167,10.708333,4634.6,,,,,,,59.988602,10.668100,,,,,59.988602,10.668100,repeaterbook,,2471.6,,Oslo LA5OR,ANALOG OSLO/VIKE,https://nrrl.no/grupper/oslo/oslogruppen/,https://la4o.no/,disagreement; missing_osm
LA5PR,FM Repeater,Høyanger,145.6,145,,,Firda,,JP31AF,61.229167,6.041667,4546.5,,,,,,,,,,,,,61.229167,6.041667,nrrl_locator,,0.0,,,,https://nrrl.no/grupper/vestland/firdagruppen/,http://la6f.blogspot.com/,missing_osm; missing_repeaterbook
LA5QR,FM/C4FM,Sunndalsøra,145.625,145.025,123,,Molde,,JP42GQ,62.687500,8.541667,4442.4,,,,,,,62.671398,8.590500,,,,,62.671398,8.590500,repeaterbook,,3068.7,,Molde LA5QR,ANALOG M/ROMSDAL,https://nrrl.no/grupper/more-og-romsdal/moldegruppen/,https://qsl.net/la9m/,disagreement; missing_osm; outside_locator:repeaterbook
LA5RR,FM Repeater,Toåsen,145.675,145.075,123,,Asker og Bærum,,JO59HT,59.812500,10.625000,4646.2,,,,,,,59.823257,10.650245,,,,,59.823257,10.650245,repeaterbook,,1850.0,,Nesodden LA5RR,ANALOG OSLO/VIKE,https://nrrl.no/grupper/akershus/asker-og-baerumgruppen/,http://www.la2ab.net/,missing_osm
LA5RRR,FM/DMR Repeater,Røldal,434.6,432.6,91.5,,STF Sauda,,JO39JU,59.854167,6.791667,4643.3,,,,,,,59.854198,6.791670,,,,,59.854198,6.791670,repeaterbook,,3.5,,,,,,missing_osm; missing_radioid
LA5SR,FM Repeater,Mokollen,145.75,145.15,74.4,,Sandefjord,,JO59CD,59.145833,10.208333,4692.7,,,,,,,59.145802,10.208300,,,,,59.145802,10.208300,repeaterbook,,4.0,,Sandefjord LA5SR,ANALOG GRENLAND,https://nrrl.no/grupper/vestfold/sandefjordgruppen/,,missing_osm
LA5TR,FM Repeater,Forbordfjell,145.675,145.075,1750,,Stjørdal,,JP53KM,63.520833,10.875000,4382.3,,,,,,,63.525600,10.889700,,,,,63.525600,10.889700,repeaterbook,,901.1,,Stjoerdal LA5TR,ANALOG TRONDELAG,https://nrrl.no/grupper/trondelag/stjordalsgruppa/,,missing_osm
LA5TRR,FM Repeater,Trysilfjellet,145.725,145.125,88.5,,Gjøvik og Toten,,JP61CH,61.312500,12.208333,4540.6,,,,,,,,,,,61.319375,12.190147,61.319375,12.190147,local,,0.0,,Innland LA5TRR,ANALOG INNLANDET,https://nrrl.no/grupper/innlandet/gjovik-og-totengruppa/,https://www.la5g.no/,Trysilfjellet. Detached from mast node/5576656903 onto a separate node (name=LA5TRR).; missing_repeaterbook
LA5VR,FM Repeater,Kattnakken,145.625,145.025,123,,Haugaland/Sunnhordland,,JO29RU,59.854167,5.458333,4643.3,,,,,,,59.879299,5.493300,,,,,59.879299,5.493300,repeaterbook,,3408.8,,Sunnhord LA5VR,ANALOG VESTLAND,https://nrrl.no/grupper/rogaland/haugalandgruppen/,,disagreement; missing_osm; outside_locator:repeaterbook
LA5VRR,FM Repeaterlink,Verjesteinsnuten,432.8,434.8,,,STF Sauda,,JO39NU,59.854167,7.125000,4643.3,,,,,,,,,,,,,59.854167,7.125000,nrrl_locator,,0.0,,,,,,missing_osm; missing_repeaterbook
LA5WR,FM/C4FM,Narvik/Ankenes,434.75,432.75,123,242950,Narvik,,JP88QJ,68.395833,17.375000,4022.4,68.421144,17.480923,node/1199576872,override:node/1199576872,68.414101,17.396601,68.421997,17.457300,,,68.421144,17.480923,68.421144,17.480923,local,,0.0,,Narvik LA5WR,ANALOG NORDLAND,https://nrrl.no/grupper/nordland/narvikgruppen/,http://la1n.no/,Narvik hovedsender. OSM node/1199576872.
LA5WRR,FM/DMR Repeater,Verjesteinsnuten,145.575,144.975,,242220,STF Sauda,,JO39NU,59.854167,7.125000,4643.3,,,,,,,,,,,,,59.854167,7.125000,nrrl_locator,,0.0,,,,,,missing_osm; missing_repeaterbook
LA5XR,FM Repeater,Gråkallen,434.725,432.725,1750,,TRC-Trondheim,,JP53DJ,63.395833,10.291667,4391.4,,,,,,,63.420700,10.251600,,,,,63.420700,10.251600,repeaterbook,,3409.2,,Trondheim LA5XR,ANALOG TRONDELAG,https://nrrl.no/grupper/trondelag/trondheimsgruppen/,http://www.la2t.no/,disagreement; missing_osm; outside_locator:repeaterbook
LA5YR,FM Repeater,Svartåsen/Enebakk,434.9,432.9,1750,242102,Follo,,JO59MS,59.770833,11.041667,4649.2,59.780292,11.003822,node/5574482764,override:node/5574482764,59.780262,11.003797,59.770500,11.041700,,,59.780292,11.003822,59.780292,11.003822,local,,0.0,,Follo LA5YR,ANALOG OSLO/VIKE,https://nrrl.no/grupper/akershus/follogruppen/,https://la3f.no/,OSM mast node/5574482764.
LA6AR,FM Repeater,Høgåsen/Sandnessjøen,145.725,145.125,88.5,,Sandnessjøen,,JP66HA,66.020833,12.625000,4199.5,,,,,,,65.914299,12.181700,,,,,65.914299,12.181700,repeaterbook,,23309.2,,Sandnessjo LA6AR,ANALOG NORDLAND,https://nrrl.no/grupper/nordland/sandnessjogruppen/,,disagreement; missing_osm; outside_locator:repeaterbook
LA6ARR,FM Repeater,Algasvarre / Tana,145.6,145,91.5,,Kirkenes,,KQ40CL,70.479167,28.208333,3864.7,,,,,,,,,,,,,70.479167,28.208333,nrrl_locator,,0.0,,Kirkenes LA6ARR,ANALOG TROMS/FIN,https://nrrl.no/grupper/finnmark/varangergruppen/,,missing_osm; missing_repeaterbook
LA6BR,FM Repeater,Rønvikfjell,145.75,145.15,1750,,Bodø,,JP77FH,67.312500,14.458333,4103.6,,,,,,,67.302498,14.446700,,,,,67.302498,14.446700,repeaterbook,,1219.0,,Bodoe LA6BR,ANALOG NORDLAND,https://nrrl.no/grupper/nordland/bodogruppen/,,missing_osm
LA6CR,FM Repeater,Knarvik,434.625,432.625,1750,,Nord-Hordland,,JP20PN,60.562500,5.291667,4593.6,,,,,,,60.562500,5.291670,,,,,60.562500,5.291670,repeaterbook,,0.2,,Nord-Hordl LA6CR,ANALOG VESTLAND,,,missing_osm
LA6DR,FM/DMR Repeater,Ravnafjell,434.65,432.65,91.5,,STF Sauda,,JO39CO,59.604167,6.208333,4660.8,,,,,,,59.604301,6.208330,,,,,59.604301,6.208330,repeaterbook,,15.0,,,,,,missing_osm; missing_radioid
LA6ER,FM Repeater,Egersund/Gaupelemfjell,145.725,145.125,107.2,,Jæren,,JO38DO,58.604167,6.291667,4730.2,,,,,,,58.620201,6.292500,,,,,58.620201,6.292500,repeaterbook,,1783.6,,Jaeren LA6ER,ANALOG ROGALAND,https://nrrl.no/grupper/rogaland/jaergruppen/,https://www.la1j.no/,missing_osm
LA6ERR,FM IVG,Nordlandet,145.4,145.4,,,Kristiansund,,JP33VC,63.104167,7.791667,4412.4,,,,,,,,,,,,,63.104167,7.791667,nrrl_locator,,0.0,,,,https://nrrl.no/grupper/more-og-romsdal/kristiansundgruppen/,,missing_osm; missing_repeaterbook
LA6FR,FM Repeater,Storestø,145.625,145.025,77,,Mandal,,JO38HH,58.312500,6.625000,4750.3,,,,,,,58.291500,6.620400,,,,,58.291500,6.620400,repeaterbook,,2350.5,,Flekkefjor LA6FR,ANALOG SOERLANDE,https://nrrl.no/grupper/agder/Mandalsgruppen/,https://la4k.no/,disagreement; missing_osm; outside_locator:repeaterbook
LA6GR,FM Repeater,Torseterkampen,434.75,432.75,71.9,,Innlandsnettet,,JP50LM,60.520833,10.958333,4596.6,60.569583,10.937981,node/1640276661,override:node/1640276661,,,,,,,60.569583,10.937981,60.569583,10.937981,local,,0.0,,Totenaas LA6GR,ANALOG INNLANDET,https://nrrl.no/grupper/innlandet/sambandstjenesten-innlandet/,,Torseterkampen; missing_repeaterbook
LA6HR,FM/DMR Repeater,Hvittingen/Holmestrand,434.65,432.65,74.4,242803,Horten,,JO59CN,59.562500,10.208333,4663.7,,,,,59.546593,10.196480,59.535556,10.196833,,,,,59.546593,10.196480,radioid,,3065.3,,Horten LA6HR,ANALOG GRENLAND,https://nrrl.no/grupper/vestfold/hortengruppen/,https://www.la2z.no/,disagreement; missing_osm; outside_locator:repeaterbook
LA6JR,FM Repeater,Hovassfjell,145.6,145,123,,Kristiansand,,JO38UX,58.979167,7.708333,4704.2,,,,,,,58.995000,7.735000,,,,,58.995000,7.735000,repeaterbook,,2331.0,,Kr.sand S LA6JR,ANALOG SOERLANDE,https://nrrl.no/grupper/agder/kristiansandsgruppen/,https://www.la9k.net/,disagreement; missing_osm
LA6KR,FM Repeater,Hestheia/Greipstad,145.75,145.15,123,,Kristiansand,,JO38WF,58.229167,7.875000,4756.0,,,,,,,58.219000,7.851970,,,,,58.219000,7.851970,repeaterbook,,1759.7,,Kr.sand S LA6KR,ANALOG SOERLANDE,https://nrrl.no/grupper/agder/kristiansandsgruppen/,https://www.la9k.net/,missing_osm
LA6LR,Crossband link,Korpås,144.65,433.025,88.5,,Larvik,,JO49XA,59.020833,9.958333,4701.4,,,,,,,59.874599,10.086200,,,,,59.874599,10.086200,repeaterbook,,95209.1,,Risoer LA6LR,ANALOG SOERLANDE,https://nrrl.no/grupper/vestfold/larvikgruppen/,http://la3l.no/,disagreement; missing_osm; outside_locator:repeaterbook
LA6MR,FM Repeater,Valderøyfjellet,145.65,145.05,1750,,Ålesund,,JP32BM,62.520833,6.125000,4454.4,,,,,,,62.520802,6.125000,,,,,62.520802,6.125000,repeaterbook,,3.5,,Aalesund LA6MR,ANALOG M/ROMSDAL,https://nrrl.no/grupper/more-og-romsdal/alesundgruppen/,https://www.la1z.no/,missing_osm
LA6MRR,FM Repeater,Humla,434.65,432.65,82.5,,Ålesund,,JP32DK,62.437500,6.291667,4460.4,,,,,,,62.472228,6.149482,,,,,62.472228,6.149482,repeaterbook,,8268.5,,Aalesund LA6MRR,ANALOG M/ROMSDAL,https://nrrl.no/grupper/more-og-romsdal/alesundgruppen/,https://www.la1z.no/,disagreement; missing_osm; outside_locator:repeaterbook
LA6NR,FM Repeater,Syningen,145.775,145.175,88.5,,Hallingdal,,JP40MM,60.520833,9.041667,4596.6,,,,,,,60.536400,9.062100,,,,,60.536400,9.062100,repeaterbook,,2060.5,,Hallingdal LA6NR,ANALOG INNLANDET,https://nrrl.no/grupper/buskerud/hallingdalsgruppa/,,disagreement; missing_osm
LA6PR,DMR Repeater,Bodø,434.675,432.675,,242901,Bodø,,JP77FH,67.312500,14.458333,4103.6,,,,,67.307454,14.456593,,,,,,,67.307454,14.456593,radioid,,566.0,,,,https://nrrl.no/grupper/nordland/bodogruppen/,,missing_osm; missing_repeaterbook
LA6PRR,Crossband link,Rensvik,433.05,433.05,,,Kristiansund,,JP33VC,63.104167,7.791667,4412.4,,,,,,,,,,,,,63.104167,7.791667,nrrl_locator,,0.0,,,,https://nrrl.no/grupper/more-og-romsdal/kristiansundgruppen/,,missing_osm; missing_repeaterbook
LA6RR,FM Repeater,Rennesøyhornet,434.6,432.6,88.5,,Ryfylke,,JO29VB,59.062500,5.791667,4698.5,,,,,,,59.076500,5.757300,,,,,59.076500,5.757300,repeaterbook,,2506.3,,Ryfylke LA6RR,ANALOG ROGALAND,https://nrrl.no/grupper/rogaland/ryfylkegruppen/,,disagreement; missing_osm
LA6SR,FM Repeater,Heiberg,145.775,145.175,123,,Arendal,,JO48NS,58.770833,9.125000,4718.7,,,,,,,58.770802,9.125000,,,,,58.770802,9.125000,repeaterbook,,3.5,,Arendal LA6SR,ANALOG SOERLANDE,https://nrrl.no/grupper/agder/arendalsgruppen/,,missing_osm
LA6SRR,FM DMR Repeater,Sagtennene,434.625,432.625,82.5,242009,Firda,,JP31BV,61.895833,6.125000,4499.1,,,,,61.891890,6.105970,61.890099,6.107430,,,,,61.891890,6.105970,radioid,,1119.7,,Nordfjord LA6SRR,ANALOG VESTLAND,https://nrrl.no/grupper/vestland/firdagruppen/,http://la6f.blogspot.com/,missing_osm
LA6TR,FM Repeater,Kvitbergfjellet,145.75,145.15,123,,Tromsø,,JP99GN,69.562500,18.541667,3934.4,,,,,,,69.570801,18.537901,,,,,69.570801,18.537901,repeaterbook,,934.5,,Tromsoe LA6TR,ANALOG TROMS/FIN,https://nrrl.no/grupper/troms/tromsogruppen/,https://www.la3t.no/,missing_osm
LA6UR,FM Repeater,Gjeltheia,145.65,145.05,1750,,Fosen,,JP54GG,64.270833,10.541667,4327.9,,,,,,,64.261002,10.532500,,,,,64.261002,10.532500,repeaterbook,,1179.4,,Fosen LA6UR,ANALOG TRONDELAG,https://nrrl.no/grupper/trondelag/fosengruppen/,,missing_osm
LA6VR,FM Repeater,Verigasfjellet,145.75,145.15,1750,,Kirkenes,,KP49XQ,69.687500,29.958333,3924.9,,,,,,,69.687500,29.958300,,,,,69.687500,29.958300,repeaterbook,,1.3,,Kirkenes LA6VR,ANALOG TROMS/FIN,https://nrrl.no/grupper/finnmark/varangergruppen/,,missing_osm
LA6WR,FM Repeater,Lønahorgi,145.725,145.125,123,,Voss,,JP30EQ,60.687500,6.375000,4584.8,,,,,,,60.694000,6.414000,,,60.694000,6.414000,60.694000,6.414000,local,,0.0,,Voss LA6WR,ANALOG VESTLAND,,,Lønahorgi.; missing_osm
LA6XR,FM/C4FM,Reinsfjell,145.6,145,123,,Kristiansund,,JP32XW,62.937500,7.958333,4424.5,,,,,,,62.930901,7.927300,,,,,62.930901,7.927300,repeaterbook,,1733.2,,Kr.sund N LA6XR,ANALOG M/ROMSDAL,https://nrrl.no/grupper/more-og-romsdal/kristiansundgruppen/,,missing_osm
LA6YR,FM Repeater,Storkollen/Kragerø,434.85,432.85,74.4,,Grenland,,JO48QU,58.854167,9.375000,4712.9,,,,,,,58.868000,9.380000,,,,,58.868000,9.380000,repeaterbook,,1564.8,,Grenland LA6YR,ANALOG GRENLAND,https://nrrl.no/grupper/telemark/grenlandgruppen/,,missing_osm
LA6YRR,FM Repeater,Reinsfjell,434.6,432.6,1750,,Kristiansund,,JP32XW,62.937500,7.958333,4424.5,,,,,,,62.930599,7.927300,,,,,62.930599,7.927300,repeaterbook,,1747.6,,Kr.sund N LA6YRR,ANALOG M/ROMSDAL,https://nrrl.no/grupper/more-og-romsdal/kristiansundgruppen/,,missing_osm
LA6ZR,FM Repeater,Spåtind,145.75,145.15,91.5,,Lillehammer,,JP41VB,61.062500,9.791667,4558.3,,,,,,,61.045300,9.796500,,,61.076992,9.788389,61.076992,9.788389,local,,0.0,,Fagernes LA6ZR,ANALOG INNLANDET,https://nrrl.no/grupper/innlandet/lillehammergruppen/,http://la2l.no/,Operator position from JOSM review (was NRRL locator centre).; missing_osm
LA7AR,FM Repeater,Endletenfjell,145.675,145.075,1750,,Andøy,,JP89AF,69.229167,16.041667,3959.6,,,,,,,69.236603,16.044100,,,,,69.236603,16.044100,repeaterbook,,832.4,,Andenes LA7AR,ANALOG NORDLAND|ANALOG TROMS/FIN,,,missing_osm
LA7CR,C4FM/DSTAR/DMR,Norefjell,434.7,432.7,,242604,Modum,,JP49XW,69.937500,9.958333,3905.9,,,,,59.905640,9.912890,59.930860,9.929400,,,59.930860,9.929400,59.930860,9.929400,local,,0.0,,,,https://nrrl.no/grupper/buskerud/modumgruppen/,https://la7m.com/,Norefjell. NRRL locator JP49XW plots in the 69N band and is likely wrong.; locator_mismatch; missing_osm
LA7ER,FM Repeater,Sjåvassknuten,145.65,145.05,1750,,Mandal,,JO38QO,58.604167,7.375000,4730.2,,,,,,,58.623501,7.349600,,,,,58.623501,7.349600,repeaterbook,,2604.9,,Mandal LA7ER,ANALOG SOERLANDE,https://nrrl.no/grupper/agder/Mandalsgruppen/,https://la4k.no/,disagreement; missing_osm
LA7FR,FM Repeater,Barbertoppen,434.7,432.7,1750,,Fredrikstad,,JO59LG,59.270833,10.958333,4684.0,,,,,,,59.228600,10.941100,,,,,59.228600,10.941100,repeaterbook,,4797.3,,Fredriksta LA7FR,ANALOG OSLO/VIKE,https://nrrl.no/grupper/ostfold/fredrikstadgruppen/,https://la5f.no/,disagreement; missing_osm; outside_locator:repeaterbook
LA7GR,FM Repeater,Gålå,145.725,145.125,71.9,,Gudbrandsdal,,JP41VM,61.520833,9.791667,4525.8,61.513859,9.794657,node/5810152676,override:node/5810152676,,,61.513802,9.794700,,,61.513859,9.794657,61.513859,9.794657,local,,0.0,,Gaalaa LA7GR,,https://nrrl.no/grupper/innlandet/gudbrandsdalsgruppen/,https://www.la7g.no/,"Gålå-tårnet. OSM node/5810152676 (LA7GR, LD2GG)."
LA7GRR,FM Repeater,Jetta,434.8,432.8,123,242016,Gudbrandsdal,,JP41PV,61.895833,9.291667,4499.1,,,,,61.897565,9.284453,61.897741,9.284263,,,61.897565,9.284453,61.897565,9.284453,local,,0.0,,Jetta LA7GRR,ANALOG INNLANDET,https://nrrl.no/grupper/innlandet/gudbrandsdalsgruppen/,https://www.la7g.no/,"Jetta (LA7GRR, LA2JRR, LD2JB).; missing_osm"
LA7HR,FM Repeater,Sandsøy,145.65,145.05,123,242915,Harstad,,JP88IV,68.895833,16.708333,3984.8,,,,,,,68.809196,16.524500,,,,,68.809196,16.524500,repeaterbook,,12132.2,,,,https://nrrl.no/grupper/troms/harstadgruppen/,,disagreement; missing_osm; outside_locator:repeaterbook
LA7JR,FM Repeater,Verdal/Marsteinsvola,145.575,144.975,123,,Inntrøndelag,,JP53SU,63.854167,11.541667,4358.2,,,,,,,63.750598,11.916895,,,,,63.750598,11.916895,repeaterbook,,21723.4,,,,https://nrrl.no/grupper/trondelag/inntrondelagsgruppen/,,disagreement; missing_osm; outside_locator:repeaterbook
LA7KRR,FM Repeater,Kyrksæterøra,434.625,432.625,1750,,Fosen,,JP43NH,63.312500,9.125000,4397.4,,,,,,,,,,,,,63.312500,9.125000,nrrl_locator,,0.0,,Fosen LA7KRR,ANALOG TRONDELAG,https://nrrl.no/grupper/trondelag/fosengruppen/,,missing_osm; missing_repeaterbook
LA7LR,FM Repeater,Lifjell/Bø,434.925,432.925,74.4,,Grenland,,JO49ML,59.479167,9.041667,4669.5,,,,,,,59.478802,9.010300,,,,,59.478802,9.010300,repeaterbook,,1771.8,,Boe LA7LR,ANALOG GRENLAND,https://nrrl.no/grupper/telemark/grenlandgruppen/,,missing_osm
LA7LRR,Crossband link,Gråkallen,145.175,145.775,85.4,,Trondheim,,JP53DK,63.437500,10.291667,4388.4,,,,,,,,,,,,,63.437500,10.291667,nrrl_locator,,0.0,,,,https://nrrl.no/grupper/trondelag/trondheimsgruppen/,http://www.la2t.no/,missing_osm; missing_repeaterbook
LA7MR,FM Repeater,Veten,145.675,145.075,88.5,,Mo i Rana,,JP66UE,66.187500,13.708333,4187.2,,,,,,,66.208900,13.738600,,,,,66.208900,13.738600,repeaterbook,,2740.0,,Mo LA7MR,ANALOG NORDLAND,https://nrrl.no/grupper/nordland/mogruppen/,http://la3m.no/,disagreement; missing_osm; outside_locator:repeaterbook
LA7NR,FM Repeater,Vattafjell,145.775,145.175,85.4,,Namdal,,JP54RL,64.479167,11.458333,4312.7,,,,,,,64.414299,11.244900,,,,,64.414299,11.244900,repeaterbook,,12523.0,,Namdal LA7NR,ANALOG TRONDELAG,https://nrrl.no/grupper/trondelag/namdalsgruppen/,http://la7n-namdal.blogspot.com/,disagreement; missing_osm; outside_locator:repeaterbook
LA7OR,FM/C4FM,Brannfjell,434.775,432.775,123,,Oslo,,JO59JV,59.895833,10.791667,4640.4,,,,,,,59.887600,10.792700,,,,,59.887600,10.792700,repeaterbook,,917.3,,Oslo LA7OR,ANALOG OSLO/VIKE,https://nrrl.no/grupper/oslo/oslogruppen/,https://la4o.no/,missing_osm
LA7ORR,FM Repeater,Oppdal,145.775,145.175,85.4,,Trondheim,,JP42UN,62.562500,9.708333,4451.4,,,,,,,62.568401,9.710300,,,,,62.568401,9.710300,repeaterbook,,663.9,,Trondheim LA7ORR,ANALOG TRONDELAG,https://nrrl.no/grupper/trondelag/trondheimsgruppen/,http://www.la2t.no/,missing_osm
LA7PR,FM Repeater,Grimstadtoppen,145.6625,145.0625,1750,,Moss,,JO59JI,59.354167,10.791667,4678.2,,,,,,,59.367298,10.812900,,,,,59.367298,10.812900,repeaterbook,,1892.0,,Moss LA7PR,ANALOG OSLO/VIKE,https://nrrl.no/grupper/ostfold/mossegruppen/,https://www.la5m.no/,missing_osm
LA7RR,FM Repeater,Gråkallen,145.7,145.1,1750,,Trondheim,,JP53DK,63.437500,10.291667,4388.4,,,,,,,63.420799,10.260800,,,,,63.420799,10.260800,repeaterbook,,2409.5,,Trondheim LA7RR,ANALOG TRONDELAG,https://nrrl.no/grupper/trondelag/trondheimsgruppen/,http://www.la2t.no/,disagreement; missing_osm
LA7RRA-B,D-STAR,Hamar,433.575,433.575,,,Hamar,,,,,,,,,,,,,,,,60.817333,11.346667,60.817333,11.346667,local,,0.0,,,,https://nrrl.no/grupper/innlandet/hamargruppen/,,70cm D-STAR voice gateway heard on aprs.no / aprs.fi (not in NRRL). Locator JP50QT.; missing_osm; missing_repeaterbook
LA7SR,FM Repeater,Sandefjord/Kjerringberget,434.8,432.8,74.4,242804,Tønsberg,,JO59CA,59.020833,10.208333,4701.4,,,,,,,59.031601,10.201200,,,,,59.031601,10.201200,repeaterbook,,1265.0,,Sandefjord LA7SR,ANALOG GRENLAND,https://nrrl.no/grupper/vestfold/tonsberggruppen/,http://la1t.no/,missing_osm
LA7TR,FM Repeater,Forbordfjell,434.675,432.675,1750,,Stjørdal,,JP53KM,63.520833,10.875000,4382.3,,,,,63.526001,10.892100,,,,,,,63.526001,10.892100,radioid,,1024.1,,,,https://nrrl.no/grupper/trondelag/stjordalsgruppa/,,missing_osm; missing_repeaterbook
LA7UR,FM Repeater,Valebykampen,434.675,432.675,71.9,242675,Ringerike,,JP50HJ,60.395833,10.625000,4605.3,,,,,60.390980,10.618488,60.390999,10.618700,,,,,60.390980,10.618488,radioid,,647.5,,Ringerike LA7UR,ANALOG OSLO/VIKE,https://nrrl.no/grupper/akershus/ringeriksgruppen/,,missing_osm
LA7VR,FM Repeater,Hadseløya,145.6,145,1750,,Vesterålen,,JP78KN,68.562500,14.875000,4009.9,,,,,,,68.543900,14.868400,,,,,68.543900,14.868400,repeaterbook,,2085.6,,Vesteraale LA7VR,ANALOG NORDLAND,https://nrrl.no/grupper/nordland/vesteralsgruppen/,,disagreement; missing_osm
LA7XR,Crossband link,Kroksjø,144.6625,433.05,77.0,,Kongsvinger,,JO69BX,59.979167,12.125000,4634.6,,,,,,,59.937500,12.125000,,,59.960905,12.095320,59.960905,12.095320,local,,0.0,,Kongsving LA7XR,ANALOG OSLO/VIKE,https://nrrl.no/grupper/innlandet/kongsvingergruppen/,https://www.la7v.org/,Operator position.; missing_osm
LA7YR,FM Repeater,Kvanfjellet,145.7,145.1,91.5,,Alta,,KP19SX,69.979167,23.541667,3902.8,,,,,,,69.984497,23.552799,,,,,69.984497,23.552799,repeaterbook,,728.6,,Alta LA7YR,ANALOG TROMS/FIN,https://nrrl.no/grupper/finnmark/altagruppen/,http://la5a.no/,missing_osm
LA8BR,FM Repeater,Klettkoven,145.625,145.025,123,,Fauske,,JP77ME,67.187500,15.041667,4112.9,,,,,,,67.187500,15.041700,,,,,67.187500,15.041700,repeaterbook,,1.5,,Fauske LA8BR,ANALOG NORDLAND,https://nrrl.no/grupper/nordland/fauskegruppen/,,missing_osm
LA8CR,FM Repeater,Bjønnåsen,145.7625,145.1625,1750,,Romerike,,JO59MW,59.937500,11.041667,4637.5,,,,,,,59.918701,11.039200,,,,,59.918701,11.039200,repeaterbook,,2094.8,,Romerike LA8CR,ANALOG OSLO/VIKE,https://nrrl.no/grupper/akershus/nedre-romerikegruppen/,https://www.la9l.no/,disagreement; missing_osm
LA8CRR,FM Repeater,Narvik/Solhaugen,434.85,432.85,88.5,,Narvik,,JP88QK,68.437500,17.375000,4019.3,,,,,,,,,,,,,68.437500,17.375000,nrrl_locator,,0.0,,Narvik LA8CRR,ANALOG NORDLAND,https://nrrl.no/grupper/nordland/narvikgruppen/,http://la1n.no/,missing_osm; missing_repeaterbook
LA8DR,FM Repeater,Laland,145.675,145.075,1750,242007,Jæren,,JO28US,58.770833,5.708333,4718.7,,,,,58.663333,5.713889,,,,,58.762259,5.667756,58.762259,5.667756,local,,0.0,,Jaeren LA8DR,ANALOG ROGALAND,https://nrrl.no/grupper/rogaland/jaergruppen/,https://www.la1j.no/,"Operator position 58.7622588, 5.6677555.; missing_osm; missing_repeaterbook"
LA8ER,FM/DMR Repeater,Mistberget,434.875,432.875,123,242105,Gardermoen,,JP50NJ,60.395833,11.125000,4605.3,,,,,60.376522,11.158790,60.376300,11.158200,,,60.376421,11.158114,60.376421,11.158114,local,,0.0,,Mistberget LA8ER,ANALOG OSLO/VIKE,https://nrrl.no/grupper/akershus/gardermogruppen/,https://www.la2g.no/,Mistberget.; missing_osm
LA8FR,FM Repeater,Olsøyheia,145.625,145.025,1750,,Fosen,,JP53CQ,63.687500,10.208333,4370.3,,,,,,,63.693699,10.210700,,,,,63.693699,10.210700,repeaterbook,,699.1,,Fosen LA8FR,ANALOG TRONDELAG,https://nrrl.no/grupper/trondelag/fosengruppen/,,missing_osm
LA8GR,FM Repeater,Bråtsviksåta,145.775,145.175,97.4,,Bergen,,JP21NB,61.062500,5.125000,4558.3,,,,,,,61.037201,5.158500,,,,,61.037201,5.158500,repeaterbook,,3341.4,,Bergen LA8GR,ANALOG VESTLAND,https://nrrl.no/grupper/vestland/bergensgruppen/,https://www.la1b.no/,disagreement; missing_osm; outside_locator:repeaterbook
LA8HR,FM Repeater,Geilo,145.65,145.05,74.4,,Hallingdal,,JP40CN,60.562500,8.208333,4593.6,,,,,,,60.540806,8.195663,,,,,60.540806,8.195663,repeaterbook,,2509.8,,Geilo LA8HR,ANALOG INNLANDET,https://nrrl.no/grupper/buskerud/hallingdalsgruppa/,,disagreement; missing_osm; outside_locator:repeaterbook
LA8HRR,FM IVG,Nessna,433.95,433.95,88.5,,Mo i Rana,,JP66MF,66.229167,13.041667,4184.1,,,,,,,66.212700,13.054200,,,,,66.212700,13.054200,repeaterbook,,1915.3,,Mo LA8HRR,ANALOG NORDLAND,https://nrrl.no/grupper/nordland/mogruppen/,http://la3m.no/,missing_osm
LA8JR,Crossband link,Verdal/Marsteinsvola,434.6,434.6,1750,,Inntrøndelag,,JP53SU,63.854167,11.541667,4358.2,,,,,63.860939,11.524469,,,,,,,63.860939,11.524469,radioid,,1130.0,,,,https://nrrl.no/grupper/trondelag/inntrondelagsgruppen/,,missing_osm; missing_repeaterbook
LA8KR,FM Repeater,Jonsknuten,145.7,145.1,74.4,,Kongsberg,,JO49SQ,59.687500,9.541667,4655.0,,,,,,,59.671101,9.521800,,,,,59.671101,9.521800,repeaterbook,,2137.5,,Kongsberg LA8KR,ANALOG OSLO/VIKE,https://nrrl.no/grupper/buskerud/kongsberggruppen/,https://www.la8z.com,disagreement; missing_osm
LA8LR,FM Repeater,Kringsjå,145.65,145.05,1750,,Haugaland,,JO29QJ,59.395833,5.375000,4675.3,,,,,,,59.418800,5.334500,,,,,59.418800,5.334500,repeaterbook,,3431.5,,Haugesund LA8LR,ANALOG ROGALAND,https://nrrl.no/grupper/rogaland/haugalandgruppen/,,disagreement; missing_osm; outside_locator:repeaterbook
LA8MR,FM/C4FM,Molde/Tusten,145.775,145.175,123,,Molde,,JP32PS,62.770833,7.291667,4436.4,,,,,,,62.778999,7.249200,,,,,62.778999,7.249200,repeaterbook,,2343.4,,Molde LA8MR,ANALOG M/ROMSDAL,https://nrrl.no/grupper/more-og-romsdal/moldegruppen/,https://qsl.net/la9m/,disagreement; missing_osm; outside_locator:repeaterbook
LA8MRR,FM Repeater,Mo i Rana,145.775,145.175,123,,Mo i Rana,,JP76BH,66.312500,14.125000,4177.9,,,,,,,,,,,,,66.312500,14.125000,nrrl_locator,,0.0,,Mo LA8MRR,ANALOG NORDLAND,https://nrrl.no/grupper/nordland/mogruppen/,http://la3m.no/,missing_osm; missing_repeaterbook
LA8NR,FM Repeater,Honningsvågfjell,145.775,145.175,1750,,Nordkapp,,KQ20WX,70.979167,25.875000,3826.6,,,,,,,70.994865,25.896770,,,,,70.994865,25.896770,repeaterbook,,1915.5,,Nordkapp LA8NR,ANALOG TROMS/FIN,https://nrrl.no/grupper/finnmark/nordkappgruppen/,,missing_osm
LA8NRR,FM Repeater,Narvik/Solhaugen,145.625,145.025,1750,,Narvik,,JP88QK,68.437500,17.375000,4019.3,,,,,,,68.437796,17.396960,,,,,68.437796,17.396960,repeaterbook,,898.0,,Narvik LA8NRR,ANALOG NORDLAND,https://nrrl.no/grupper/nordland/narvikgruppen/,http://la1n.no/,missing_osm
LA8OR,FM/DMR/D-Star/C4FM,Bislingen,434.6,432.6,123,242004,Ringerike,,JP50HF,60.229167,10.625000,4617.1,,,,,60.229825,10.606684,60.229500,10.606500,,,,,60.229825,10.606684,radioid,,1022.1,,Bislingen LA8OR,ANALOG INNLANDET|ANALOG OSLO/VIKE,https://nrrl.no/grupper/akershus/ringeriksgruppen/,,missing_osm
LA8ORR,Crossband link,Bogen,144.65,433.025,88.5,,ORF,,JP88MM,68.520833,17.041667,4013.0,,,,,,,68.520798,17.041700,,,,,68.520798,17.041700,repeaterbook,,4.2,,Ofoten LA8ORR,ANALOG NORDLAND,,,missing_osm
LA8PR,FM Repeater,Trondheim portabel,434.9,432.9,85.4,,Trondheim,,NA,,,,,,,,,,63.440899,10.401500,,,,,63.440899,10.401500,repeaterbook,,0.0,,Trondheim LA8PR,ANALOG TRONDELAG,https://nrrl.no/grupper/trondelag/trondheimsgruppen/,http://www.la2t.no/,missing_osm; portable
LA8PRR,FM Repeater,Narvik/Gratangen,145.6875,145.0875,1750,,Narvik,,JP88VP,68.645833,17.791667,4003.6,,,,,,,68.648106,17.779975,,,,,68.648106,17.779975,repeaterbook,,536.6,,Narvik LA8PRR,ANALOG NORDLAND,https://nrrl.no/grupper/nordland/narvikgruppen/,http://la1n.no/,missing_osm
LA8QR,FM Repeater,Bringen,145.7125,145.1125,85.4,,Trondheim,,JP53NB,63.062500,11.125000,4415.4,,,,,,,63.064201,11.139800,,,,,63.064201,11.139800,repeaterbook,,769.1,,Trondheim LA8QR,ANALOG TRONDELAG,https://nrrl.no/grupper/trondelag/trondheimsgruppen/,http://www.la2t.no/,missing_osm
LA8QRR,FM Repeater,Hundholmen,145.7375,145.1375,1750,,Narvik,,JP88DD,68.145833,16.291667,4041.2,,,,,,,68.136510,16.254622,,,,,68.136510,16.254622,repeaterbook,,1851.2,,Narvik LA8QRR,ANALOG NORDLAND,https://nrrl.no/grupper/nordland/narvikgruppen/,http://la1n.no/,missing_osm
LA8RR,FM Repeater,Bjønnåsen,434.825,432.825,123,,Romerike,,JO59MW,59.937500,11.041667,4637.5,,,,,,,59.918400,11.039200,,,,,59.918400,11.039200,repeaterbook,,2128.3,,Romerike LA8RR,ANALOG OSLO/VIKE,https://nrrl.no/grupper/akershus/nedre-romerikegruppen/,https://www.la9l.no/,disagreement; missing_osm
LA8SR,FM Repeater,Bokn,145.775,145.175,88.5,,Jæren,,JO29UC,59.104167,5.708333,4695.6,,,,,,,59.219898,5.428100,,,,,59.219898,5.428100,repeaterbook,,20512.2,,Jaeren LA8SR,ANALOG ROGALAND,https://nrrl.no/grupper/rogaland/jaergruppen/,https://www.la1j.no/,disagreement; missing_osm; outside_locator:repeaterbook
LA8SRR,FM Repeater,Bjørnfjell,145.7625,145.1625,1750,,Narvik,,JP98AK,68.437500,18.041667,4019.3,,,,,,,68.432220,18.072027,,,,,68.432220,18.072027,repeaterbook,,1372.7,,Narvik LA8SRR,ANALOG NORDLAND,https://nrrl.no/grupper/nordland/narvikgruppen/,http://la1n.no/,missing_osm
LA8TR,FM Repeater,Ruten,145.75,145.15,85.4,,Trondheim,,JP43NE,63.187500,9.125000,4406.4,,,,,,,63.172699,9.152500,,,,,63.172699,9.152500,repeaterbook,,2147.6,,Trondheim LA8TR,ANALOG TRONDELAG,https://nrrl.no/grupper/trondelag/trondheimsgruppen/,http://www.la2t.no/,disagreement; missing_osm
LA8UR,FM Repeater,Kopparen,434.775,432.775,1750,,Fosen,,JP43UT,63.812500,9.708333,4361.2,,,,,,,63.806702,9.736800,,,,,63.806702,9.736800,repeaterbook,,1538.7,,Fosen LA8UR,ANALOG TRONDELAG,https://nrrl.no/grupper/trondelag/fosengruppen/,,missing_osm
LA8VRR,Crossband link,Storfjell,144.65,433.025,1750,,Mosjøen,,JP65OT,65.812500,13.208333,4214.9,,,,,,,65.857697,13.225800,,,,,65.857697,13.225800,repeaterbook,,5088.1,,Mosjoen LA8VRR,ANALOG NORDLAND,https://nrrl.no/grupper/nordland/mosjoengruppen/,http://www.la2w.no/,disagreement; missing_osm; outside_locator:repeaterbook
LA8XR,FM/DMR Repeater,Reinsnuten,145.7375,145.1375,91.5,,STF Sauda,,JO39GK,59.437500,6.541667,4672.4,,,,,,,59.600899,6.451500,,,,,59.600899,6.451500,repeaterbook,,18867.5,,,,,,disagreement; missing_osm; missing_radioid; outside_locator:repeaterbook
LA8XRR,Crossband link,Bodøgruppen,145.225,433.15,,,Bodø,,JP77FH,67.312500,14.458333,4103.6,,,,,,,,,,,,,67.312500,14.458333,nrrl_locator,,0.0,,,,https://nrrl.no/grupper/nordland/bodogruppen/,,missing_osm; missing_repeaterbook
LA8YR,FM Repeaterlink,Reinsnuten,432.8,434.8,,,STF Sauda,,JO39FO,59.604167,6.458333,4660.8,,,,,,,,,,,,,59.604167,6.458333,nrrl_locator,,0.0,,,,,,missing_osm; missing_repeaterbook
LA9AR,FM Repeater,Tronfjell,145.6,145,88.5,,Innlandsnettet,,JP52IE,62.187500,10.708333,4478.3,,,,,,,62.170000,10.690000,,,62.174165,10.695274,62.174165,10.695274,local,,0.0,,Innland LA9AR,ANALOG INNLANDET,https://nrrl.no/grupper/innlandet/sambandstjenesten-innlandet/,,Tron hovedsender. Detached from way/1005486272 onto a separate node (name=LA9AR).
LA9ARR,FM Repeater,Algasvarre / Tana,145.6,145,,,Kirkenes,,KQ40CL,70.479167,28.208333,3864.7,,,,,,,,,,,,,70.479167,28.208333,nrrl_locator,,0.0,,Kirkenes LA9ARR,ANALOG TROMS/FIN,https://nrrl.no/grupper/finnmark/varangergruppen/,,missing_osm; missing_repeaterbook
LA9BR,FM/C4FM,Bremanger/Steinfjellet,145.675,145.075,123,,Måløy,,JP21MU,61.854167,5.041667,4502.1,,,,,,,61.860298,4.947000,,,,,61.860298,4.947000,repeaterbook,,5011.6,,Bremanger LA9BR,ANALOG VESTLAND,https://nrrl.no/grupper/vestland/maloygruppen/,,disagreement; missing_osm; outside_locator:repeaterbook
LA9BRR,FM Repeater,Bufjellet,145.7125,145.1125,,,Harstad,,JP88IO,68.604167,16.708333,4006.8,,,,,,,,,,,,,68.604167,16.708333,nrrl_locator,,0.0,,,,https://nrrl.no/grupper/troms/harstadgruppen/,,missing_osm; missing_repeaterbook
LA9CR,FM Repeater,Storåsen,145.625,145.025,82.5,,Florø,,JP21MO,61.604167,5.041667,4519.9,,,,,,,61.603901,5.103700,,,,,61.603901,5.103700,repeaterbook,,3280.5,,Floroe LA9CR,ANALOG VESTLAND,,,disagreement; missing_osm; outside_locator:repeaterbook
LA9DR,FM Repeater,Nordbykollen,434.725,432.725,74.4,,Drammen,,JO59CR,59.729167,10.208333,4652.1,,,,,,,59.718498,10.242800,,,,,59.718498,10.242800,repeaterbook,,2267.3,,Drammen LA9DR,ANALOG OSLO/VIKE,https://nrrl.no/grupper/buskerud/drammengruppen/,,disagreement; missing_osm
LA9ER,FM Repeater,Mistberget,145.7375,145.1375,1750,,Gardermoen,,JP50NJ,60.395833,11.125000,4605.3,,,,,,,60.376400,11.157500,,,,,60.376400,11.157500,repeaterbook,,2803.3,,Mistberget LA9ER,ANALOG OSLO/VIKE,https://nrrl.no/grupper/akershus/gardermogruppen/,https://www.la2g.no/,disagreement; missing_osm
LA9ERR,Crossband link,Evenskjer,145.25,433.2,88.5,,ORF,,JP88GN,68.562500,16.541667,4009.9,,,,,,,68.355001,16.342700,,,,,68.355001,16.342700,repeaterbook,,24461.0,,Ofoten LA9ERR,ANALOG NORDLAND,,,disagreement; missing_osm; outside_locator:repeaterbook
LA9FR,FM Repeater,Tuva,145.775,145.175,88.5,,Fauske,,JP77QG,67.270833,15.375000,4106.7,,,,,,,67.261299,15.359000,,,,,67.261299,15.359000,repeaterbook,,1263.6,,Fauske LA9FR,ANALOG NORDLAND,https://nrrl.no/grupper/nordland/fauskegruppen/,,missing_osm
LA9FRR,FM Repeater,Andsfjellet,145.6125,145.0125,123,,Midt-Troms,,JP99GC,69.104167,18.541667,3969.1,69.127806,18.517556,node/5588496689,override:node/5588496689,,,,,,,69.127806,18.517556,69.127806,18.517556,local,,0.0,,,,https://nrrl.no/grupper/troms/midt-tromsgruppen/,http://www.la6m.no/,"FM repeater on Andsfjell (Midt-Troms). TX 145.6125 / RX 145.0125, CTCSS 123. Same site as LA9ZR/LA8ZR/LD9AF/LD9AB. https://www.la6m.no/andsfjell/; missing_repeaterbook"
LA9GR,FM Repeater,Veten,434.625,432.625,88.5,,Mo i Rana,,JP66UE,66.187500,13.708333,4187.2,,,,,,,66.206802,14.740200,,,,,66.206802,14.740200,repeaterbook,,46356.5,,Mo LA9GR,ANALOG NORDLAND,https://nrrl.no/grupper/nordland/mogruppen/,http://la3m.no/,disagreement; missing_osm; outside_locator:repeaterbook
LA9HR,FM Repeater,Samaåsen,145.7,145.1,123,242916,Harstad,,JP88GT,68.812500,16.541667,3991.1,,,,,,,68.952400,16.694599,,,,,68.952400,16.694599,repeaterbook,,16719.2,,Harstad LA9HR,ANALOG TROMS/FIN,https://nrrl.no/grupper/troms/harstadgruppen/,,disagreement; missing_osm; outside_locator:repeaterbook
LA9HRR,FM/DMR Repeater,Algas,434.8,432.8,91.5,242911,Alta,,KQ10LC,70.104167,22.958333,3893.3,,,,,,,70.113241,22.933311,,,,,70.113241,22.933311,repeaterbook,,1383.6,,Alta LA9HRR,ANALOG TROMS/FIN,https://nrrl.no/grupper/finnmark/altagruppen/,http://la5a.no/,missing_osm; missing_radioid
LA9IR,FM Repeaterlink,Inste Tinden,432.8,434.8,,,STF Sauda,,JO39HT,59.812500,6.625000,4646.2,,,,,,,,,,,,,59.812500,6.625000,nrrl_locator,,0.0,,,,,,missing_osm; missing_repeaterbook
LA9JR,Crossband link,Jønnbuflåtin/Bø,145.05,144.675,74.4,,Notodden,,JO49ML,59.479167,9.041667,4669.5,,,,,,,59.478500,9.010300,,,,,59.478500,9.010300,repeaterbook,,1772.9,,,,https://nrrl.no/grupper/telemark/notoddengruppen/,https://la3n.no/,missing_osm
LA9KRR,FM Repeater,Krøttøya,434.7375,432.7375,,,Harstad,,JP89GB,69.062500,16.541667,3972.2,,,,,,,,,,,,,69.062500,16.541667,nrrl_locator,,0.0,,,,https://nrrl.no/grupper/troms/harstadgruppen/,,missing_osm; missing_repeaterbook
LA9LR,FM/DMR Repeater,Ravnafjell,145.7,145.1,91.5,242302,STF Sauda,,JO39CO,59.604167,6.208333,4660.8,59.612578,6.205808,node/5582173868,override:node/5582173868,59.625584,6.268558,59.604198,6.208330,,,59.612578,6.205808,59.612578,6.205808,local,,0.0,,,,,,OSM mast node/5582173868.
LA9LRR,FM Repeater,Falsnes/Storfjord,434.75,432.75,91.5,,Tromsø,,KP09CJ,69.395833,20.208333,3947.0,,,,,,,69.383202,20.191500,,,,,69.383202,20.191500,repeaterbook,,1551.5,,Tromsoe LA9LRR,ANALOG TROMS/FIN,https://nrrl.no/grupper/troms/tromsogruppen/,https://www.la3t.no/,missing_osm
LA9MR,FM Repeater,Varmestø,145.675,145.075,1750,,Mandal,,JO38RC,58.104167,7.458333,4764.6,,,,,,,58.104198,7.458330,,,,,58.104198,7.458330,repeaterbook,,3.5,,Mandal LA9MR,ANALOG SOERLANDE,https://nrrl.no/grupper/agder/Mandalsgruppen/,https://la4k.no/,missing_osm
LA9MRR,FM Repeater,Medkilheia,145.7875,145.1875,,,Harstad,,JP88GS,68.770833,16.541667,3994.2,,,,,,,,,,,,,68.770833,16.541667,nrrl_locator,,0.0,,,,https://nrrl.no/grupper/troms/harstadgruppen/,,missing_osm; missing_repeaterbook
LA9NR,FM Repeater,Frodeåsen,434.95,432.95,74.4,,Tønsberg,,JO59EG,59.270833,10.375000,4684.0,,,,,,,59.176300,10.428200,,,,,59.176300,10.428200,repeaterbook,,10938.8,,Toensberg LA9NR,ANALOG GRENLAND,https://nrrl.no/grupper/vestfold/tonsberggruppen/,http://la1t.no/,disagreement; missing_osm; outside_locator:repeaterbook
LA9QR,FM Repeater,Kjølen/Kvaløya,434.725,432.725,123,242322,Tromsø,,JP99JR,69.729167,18.791667,3921.7,,,,,59.507261,6.010353,69.731697,18.786800,,,69.733722,18.787253,69.733722,18.787253,local,,0.0,,Tromsoe LA9QR,ANALOG TROMS/FIN,https://nrrl.no/grupper/troms/tromsogruppen/,https://www.la3t.no/,Kjølen / Kvaløya.; missing_osm
LA9RR,FM Repeater,Ombo,145.6,145,1750,,Ryfylke,,JO39AG,59.270833,6.041667,4684.0,,,,,59.265970,6.078314,59.270802,6.041670,,,,,59.265970,6.078314,radioid,,2151.5,,Ryfylke LA9RR,ANALOG ROGALAND,https://nrrl.no/grupper/rogaland/ryfylkegruppen/,,disagreement; missing_osm
LA9SR,FM Repeater,Gurskøy,145.725,145.125,82.5,,Søre Sunnmøre,,JP22VG,62.270833,5.791667,4472.3,,,,,,,62.258202,5.743000,,,,,62.258202,5.743000,repeaterbook,,2883.7,,Sunnmore LA9SR,ANALOG M/ROMSDAL,https://nrrl.no/grupper/more-og-romsdal/sore-sunnmoregruppen/,,disagreement; missing_osm; outside_locator:repeaterbook
LA9TR,FM Repeater,Trolltind/Arnøya,145.625,145.025,123,,Tromsø,,KQ00FB,70.062500,20.458333,3896.4,,,,,,,70.074997,20.430500,,,,,70.074997,20.430500,repeaterbook,,1744.7,,Tromsoe LA9TR,ANALOG TROMS/FIN,https://nrrl.no/grupper/troms/tromsogruppen/,https://www.la3t.no/,missing_osm
LA9UR,FM Repeater,Ruasetfjellet,145.7875,145.1875,1750,,Fosen,,JP43VR,63.729167,9.791667,4367.2,,,,,,,63.729198,9.753300,,,,,63.729198,9.753300,repeaterbook,,1888.3,,Fosen LA9UR,ANALOG TRONDELAG,https://nrrl.no/grupper/trondelag/fosengruppen/,,missing_osm
LA9WR,FM Repeater,Geitfjellet,145.6,145,123,,Namdal,,JP64CJ,64.395833,12.208333,4318.8,,,,,,,64.409203,12.208700,,,,,64.409203,12.208700,repeaterbook,,1486.7,,Namdal LA9WR,ANALOG TRONDELAG,https://nrrl.no/grupper/trondelag/namdalsgruppen/,http://la7n-namdal.blogspot.com/,missing_osm
LA9XRR,FM Repeater,Heggedal,434.975,432.975,123,,LA1TRF,,JO59ES,59.770833,10.375000,4649.2,,,,,,,59.771801,10.392000,,,,,59.771801,10.392000,repeaterbook,,957.8,,Kveoya LA9XRR,ANALOG TROMS/FIN,,,missing_osm
LA9YR,FM Repeater,Reinsnuten,434.8,432.8,91.5,242301,STF Sauda,,JO39GK,59.437500,6.541667,4672.4,,,,,,,59.421001,6.519200,,,,,59.421001,6.519200,repeaterbook,,2231.6,,,,,,disagreement; missing_osm
LA9ZR,FM Repeater,Andsfjellet,145.725,145.125,123,,Midt-Troms,,JP99GC,69.104167,18.541667,3969.1,69.127806,18.517556,node/5588496689,override:node/5588496689,,,69.127502,18.518700,,,69.127806,18.517556,69.127806,18.517556,local,,0.0,,Midt-Troms LA9ZR,ANALOG TROMS/FIN,https://nrrl.no/grupper/troms/midt-tromsgruppen/,http://www.la6m.no/,RV58 VHF FM on Andsfjell. CTCSS 123 Hz. Source: https://www.la6m.no/andsfjell/
LA9ZRR,FM Repeater,Midt-Troms portabel,434.6,432.6,,,Midt-Troms,,NA,,,,,,,,,,,,,,,,,,,,,,MidtTroms LA9ZRR,ANALOG TROMS/FIN,https://nrrl.no/grupper/troms/midt-tromsgruppen/,http://www.la6m.no/,missing_osm; missing_repeaterbook; portable
LD1BK,APRS,Kolsås/Bærum,144.8,144.8,,,Asker og Bærum,,JO59GW,59.937500,10.541667,4637.5,,,,,,,,,59.919000,10.516000,,,59.919000,10.516000,aprsfi,,2505.4,,,,https://nrrl.no/grupper/akershus/asker-og-baerumgruppen/,http://www.la2ab.net/,disagreement; missing_osm; missing_repeaterbook
LD1FA,APRS,Barbertoppen,144.8,144.8,,,Fredrikstad,,JO59LF,59.229167,10.958333,4686.9,,,,,,,,,59.228667,10.941167,,,59.228667,10.941167,aprsfi,,978.2,,,,https://nrrl.no/grupper/ostfold/fredrikstadgruppen/,https://la5f.no/,missing_osm; missing_repeaterbook
LD1FE,APRS,Svartåsen/Enebakk,144.8,144.8,,,Follo,,JO59MS,59.770833,11.041667,4649.2,,,,,,,,,59.780333,11.003333,,,59.780333,11.003333,aprsfi,,2391.6,,,,https://nrrl.no/grupper/akershus/follogruppen/,https://la3f.no/,disagreement; missing_osm; missing_repeaterbook
LD1FL,APRS,Svartåsen/Enebakk,433.775,433.775,,,Follo,,JO59MS,59.770833,11.041667,4649.2,,,,,,,,,59.780500,11.003667,,,59.780500,11.003667,aprsfi,,2383.2,,,,https://nrrl.no/grupper/akershus/follogruppen/,https://la3f.no/,disagreement; missing_osm; missing_repeaterbook
LD1FO,Winlink Packet,Stangåsen/Oppegård,144.925,144.925,,,Follo,,JO59JS,59.770833,10.791667,4649.2,,,,,,,,,,,,,59.770833,10.791667,nrrl_locator,,0.0,,,,https://nrrl.no/grupper/akershus/follogruppen/,https://la3f.no/,missing_osm; missing_repeaterbook
LD1FR,FM/C4FM,Barbertoppen,145.6875,145.0875,DCS-125,,Fredrikstad,,JO59LF,59.229167,10.958333,4686.9,,,,,,,59.220501,10.934700,,,,,59.220501,10.934700,repeaterbook,,1654.2,,Fredriksta LD1FR,ANALOG OSLO/VIKE,https://nrrl.no/grupper/ostfold/fredrikstadgruppen/,https://la5f.no/,missing_osm
LD1FV,Winlink Packet,Voksenkollen/Oslo,144.925,144.925,,,Follo,,JO59HX,59.979167,10.625000,4634.6,,,,,,,,,,,,,59.979167,10.625000,nrrl_locator,,0.0,,,,https://nrrl.no/grupper/akershus/follogruppen/,https://la3f.no/,missing_osm; missing_repeaterbook
LD1HQ,DMR Repeater,Oslo/Potabel,434.8,432.8,,242010,NRRL,,NA,,,,,,,,59.962361,10.905825,,,,,,,59.962361,10.905825,radioid,,0.0,,,,,,missing_osm; missing_repeaterbook
LD1MD,APRS,Mysen/Dalshøgda,144.8,144.8,,,Moss,,JO59QM,59.520833,11.375000,4666.6,,,,,,,,,59.528667,11.398500,,,59.528667,11.398500,aprsfi,,1585.9,,,,https://nrrl.no/grupper/ostfold/mossegruppen/,https://www.la5m.no/,missing_osm; missing_repeaterbook
LD1NR,DMR Repeater,Kjeller,434.6375,432.6375,,242006,Romerike,Planlagt,JO59MX,59.979167,11.041667,4634.6,,,,,59.995305,11.044386,,,,,,,59.995305,11.044386,radioid,,1800.8,,,,https://nrrl.no/grupper/akershus/nedre-romerikegruppen/,https://www.la9l.no/,missing_osm; missing_repeaterbook
LD1OA,DMR Repeater,Røverkollen,434.8875,432.8875,,242002,Oslo,,JO59KX,59.979167,10.875000,4634.6,,,,,59.980099,10.896087,,,,,,,59.980099,10.896087,radioid,,1177.7,,,,https://nrrl.no/grupper/oslo/oslogruppen/,https://la4o.no/,missing_osm; missing_repeaterbook
LD1OE,APRS,Brannfjell,144.8,144.8,,,Oslo,,JO59JV,59.895833,10.791667,4640.4,,,,,,,,,59.897667,10.774833,,,59.897667,10.774833,aprsfi,,960.7,,,,https://nrrl.no/grupper/oslo/oslogruppen/,https://la4o.no/,missing_osm; missing_repeaterbook
LD1ON,D-Star link,Nesodden,144.9,144.9,,,Oslo,,JO59HU,59.854167,10.625000,4643.3,,,,,,,,,,,,,59.854167,10.625000,nrrl_locator,,0.0,,,,https://nrrl.no/grupper/oslo/oslogruppen/,https://la4o.no/,missing_osm; missing_repeaterbook
LD1OS,APRS,Oslo Sentrum,144.8,144.8,,,Oslo,,JO59IV,59.895833,10.708333,4640.4,,,,,,,,,59.914500,10.734167,,,59.914500,10.734167,aprsfi,,2526.5,,,,https://nrrl.no/grupper/oslo/oslogruppen/,https://la4o.no/,disagreement; missing_osm; missing_repeaterbook
LD1OT,FM+ DSTAR DV,Tryvann,1297.1,1291.1,123,,Oslo,,JO59IX,59.979167,10.708333,4634.6,,,,,,,59.988701,10.668300,,,,,59.988701,10.668300,repeaterbook,,2466.3,,,,https://nrrl.no/grupper/oslo/oslogruppen/,https://la4o.no/,disagreement; missing_osm
LD1OT,DSTAR Repeater,Tryvann,434.8625,432.8625,,,Oslo,,JO59IX,59.979167,10.708333,4634.6,,,,,,,59.988701,10.668300,,,,,59.988701,10.668300,repeaterbook,,2466.3,,,,https://nrrl.no/grupper/oslo/oslogruppen/,https://la4o.no/,disagreement; missing_osm
LD1SG,DMR Repeater,Grålum,434.8125,432.8125,,242808,Sarpsborg,,JO59MG,59.270833,11.041667,4684.0,,,,,59.286690,11.061528,,,,,,,59.286690,11.061528,radioid,,2093.3,,,,https://nrrl.no/grupper/ostfold/sarpsborggruppen/,,disagreement; missing_osm; missing_repeaterbook
LD2BI,APRS,Bislingen,144.8,144.8,,,Ringerike,,JP50HF,60.229167,10.625000,4617.1,,,,,,,,,60.229167,10.606500,,,60.229167,10.606500,aprsfi,,1021.4,,,,https://nrrl.no/grupper/akershus/ringeriksgruppen/,,missing_osm; missing_repeaterbook
LD2EM,DSTAR Repeater,Mistberget/Eidsvoll,145.575,144.975,,242104,Gardermoen,,JP50NJ,60.395833,11.125000,4605.3,,,,,,,60.376499,11.159200,,,,,60.376499,11.159200,repeaterbook,,2855.4,,,,https://nrrl.no/grupper/akershus/gardermogruppen/,https://www.la2g.no/,disagreement; missing_osm
LD2FN,APRS,Fagernes,144.8,144.8,,,Lillehammer,,JP41LA,61.020833,8.958333,4561.3,,,,,,,,,61.000000,9.000000,61.018972,8.974888,61.018972,8.974888,local,,0.0,,,,https://nrrl.no/grupper/innlandet/lillehammergruppen/,http://la2l.no/,Operator position from JOSM review (was NRRL locator centre).; missing_osm; missing_repeaterbook
LD2GF,APRS IGate,Folldal,144.8,144.8,,,Innlandsnettet,,JP42VE,62.187500,9.791667,4478.3,,,,,,,,,62.172667,9.807333,62.177448,9.811894,62.177448,9.811894,local,,0.0,,,,https://nrrl.no/grupper/innlandet/sambandstjenesten-innlandet/,,Operator position from JOSM review (was NRRL locator centre).; missing_osm; missing_repeaterbook
LD2GG,APRS,Gålå,144.8,144.8,,,Gudbrandsdal,,JP41VM,61.520833,9.791667,4525.8,61.513859,9.794657,node/5810152676,override:node/5810152676,,,,,61.513833,9.794667,61.513859,9.794657,61.513859,9.794657,local,,0.0,,,,https://nrrl.no/grupper/innlandet/gudbrandsdalsgruppen/,https://www.la7g.no/,"Gålå-tårnet. OSM node/5810152676 (LA7GR, LD2GG).; missing_repeaterbook"
LD2GI,APRS,Høykorset,144.8,144.8,,,Gjøvik og Toten,,JP50HL,60.479167,10.625000,4599.5,60.478166,10.601822,node/1705107664,override:node/1705107664,,,,,60.478000,10.602000,60.478166,10.601822,60.478166,10.601822,local,,0.0,,,,https://nrrl.no/grupper/innlandet/gjovik-og-totengruppa/,https://www.la5g.no/,"Høykorset / Totenåsen. OSM node/1705107664 (LA5MR, LD2GI).; missing_repeaterbook"
LD2GN,APRS,Nordhue,144.8,144.8,,,Gjøvik og Toten,,JP50QX,60.979167,11.375000,4564.2,60.993738,11.339381,node/5331403754,override:node/5331403754,,,,,60.993833,11.338167,60.993738,11.339381,60.993738,11.339381,local,,0.0,,,,https://nrrl.no/grupper/innlandet/gjovik-og-totengruppa/,https://www.la5g.no/,Nordhue. OSM mast node/5331403754 (also hosts LD2WA).; missing_repeaterbook
LD2GO,APRS,Trysilfjellet,144.8,144.8,,,Gjøvik og Toten,,JP61CH,61.312500,12.208333,4540.6,,,,,,,,,61.312500,12.184333,61.319375,12.190147,61.319375,12.190147,local,,0.0,,,,https://nrrl.no/grupper/innlandet/gjovik-og-totengruppa/,https://www.la5g.no/,Trysilfjellet. Co-located with LA5TRR (synthetic; not on mast node/5576656903).; missing_osm; missing_repeaterbook
LD2GP,APRS,Storhorta,144.8,144.8,,,Gjøvik og Toten,,JP51NH,61.312500,11.125000,4540.6,61.332001,11.094165,node/5576657770,override:node/5576657770,,,,,61.383333,11.100000,61.332001,11.094165,61.332001,11.094165,local,,0.0,,,,https://nrrl.no/grupper/innlandet/gjovik-og-totengruppa/,https://www.la5g.no/,Storhorta / Horta; missing_repeaterbook
LD2GR,APRS,Reinsvoll,144.8,144.8,,,Gjøvik og Toten,,JP50IQ,60.687500,10.708333,4584.8,,,,,,,,,60.691500,10.685833,60.691668,10.682882,60.691668,10.682882,local,,0.0,,,,https://nrrl.no/grupper/innlandet/gjovik-og-totengruppa/,https://www.la5g.no/,Operator position from JOSM review (was NRRL locator centre).; missing_osm; missing_repeaterbook
LD2GS,APRS,Tverrberget,144.8,144.8,,,Gjøvik og Toten,,JP40QU,60.854167,9.375000,4573.0,61.280312,10.311360,node/3115922468,override:node/3115922468,,,,,60.848000,9.400667,61.280312,10.311360,61.280312,10.311360,local,,0.0,,,,https://nrrl.no/grupper/innlandet/gjovik-og-totengruppa/,https://www.la5g.no/,"Tverrberget. OSM node/3115922468 (LA5ARR, LD2GS).; locator_mismatch; missing_repeaterbook"
LD2HT,DMR/DSTAR,Romsås/Oslo,434.1,434.1,,242055,Ham-Tech,,JO59KX,59.979167,10.875000,4634.6,,,,,59.968472,10.892733,59.966400,10.898100,,,,,59.968472,10.892733,radioid,,1915.0,,,,,,missing_osm
LD2JB,APRS,Jetta,144.8,144.8,,,Gudbrandsdal,,JP41PV,61.895833,9.291667,4499.1,,,,,,,,,61.897833,9.283500,61.897565,9.284453,61.897565,9.284453,local,,0.0,,,,https://nrrl.no/grupper/innlandet/gudbrandsdalsgruppen/,https://www.la7g.no/,"Jetta (LA7GRR, LA2JRR, LD2JB).; missing_osm; missing_repeaterbook"
LD2KF,APRS,Rafjellet,144.8,144.8,,,Kongsvinger,,JP60BH,60.312500,12.125000,4611.2,60.324222,12.138325,node/14228591010,override:node/14228591010,,,,,60.324167,12.138333,60.324222,12.138325,60.324222,12.138325,local,,0.0,,,,https://nrrl.no/grupper/innlandet/kongsvingergruppen/,https://www.la7v.org/,Rafjellet. Co-located with mast node/5576656337.; missing_repeaterbook
LD2KR,FM Repeater,Rafjellet,434.5625,432.5625,71.9,,Kongsvinger,,JP60BH,60.312500,12.125000,4611.2,60.324222,12.138325,node/14228591011,override:node/14228591011,,,60.324200,12.138300,,,60.324222,12.138325,60.324222,12.138325,local,,0.0,,Kongsving LD2KR,ANALOG OSLO/VIKE,https://nrrl.no/grupper/innlandet/kongsvingergruppen/,https://www.la7v.org/,Rafjellet. Co-located with mast node/5576656337.
LD2KS,APRS,Holtberget,144.8,144.8,,,Kongsvinger,,JP60AF,60.229167,12.041667,4617.1,60.167611,11.994392,node/471110617,override:node/471110617,,,,,60.172833,11.991167,60.167611,11.994392,60.167611,11.994392,local,,0.0,,,,https://nrrl.no/grupper/innlandet/kongsvingergruppen/,https://www.la7v.org/,Holtberget; missing_repeaterbook
LD2LH,APRS,Lillehammer,144.8,144.8,,,Lillehammer,,JP51GD,61.145833,10.541667,4552.4,,,,,,,,,61.148833,10.481667,,,61.148833,10.481667,aprsfi,,3236.7,,,,https://nrrl.no/grupper/innlandet/lillehammergruppen/,http://la2l.no/,disagreement; missing_osm; missing_repeaterbook; outside_locator:aprsfi
LD2LK,APRS,Kråkhugukampen,144.8,144.8,,,Innlandsnettet,,JP51CA,61.020833,10.208333,4561.3,61.007556,10.191800,node/5576506182,override:node/5576506182,,,,,61.007500,10.191167,61.007556,10.191800,61.007556,10.191800,local,,0.0,,,,https://nrrl.no/grupper/innlandet/sambandstjenesten-innlandet/,,Kråkhugukampen; missing_repeaterbook
LD2OH,APRS,Østerud/Hurdal,144.8,144.8,,,Gardermoen,,JP50MI,60.354167,11.041667,4608.3,,,,,,,,,60.367333,11.072667,,,60.367333,11.072667,aprsfi,,2247.1,,,,https://nrrl.no/grupper/akershus/gardermogruppen/,https://www.la2g.no/,disagreement; missing_osm; missing_repeaterbook
LD2RK,APRS,Kopperudåsen/Romeriket,144.8,144.8,,,Gardermoen,,JP50PF,60.229167,11.291667,4617.1,,,,,,,,,60.218500,11.251500,,,60.218500,11.251500,aprsfi,,2515.2,,,,https://nrrl.no/grupper/akershus/gardermogruppen/,https://www.la2g.no/,disagreement; missing_osm; missing_repeaterbook
LD2TR,APRS,Tronfjell,144.8,144.8,,,Innlandsnettet,,JP52IE,62.187500,10.708333,4478.3,,,,,,,,,62.174000,10.695500,62.174165,10.695274,62.174165,10.695274,local,,0.0,,,,https://nrrl.no/grupper/innlandet/sambandstjenesten-innlandet/,,Tron hovedsender. Co-located with LA9AR / LD2WC (synthetic; not on way/1005486272).; missing_osm; missing_repeaterbook
LD2VR,DSTAR Repeater,Valebykampen,144.9375,144.9375,,,Ringerike,,JP50HJ,60.395833,10.625000,4605.3,,,,,,,,,,,,,60.395833,10.625000,nrrl_locator,,0.0,,,,https://nrrl.no/grupper/akershus/ringeriksgruppen/,,missing_osm; missing_repeaterbook
LD2WA,Winlink Packet,Nordhue,144.925,144.925,,,Gjøvik og Toten,,JP50QX,60.979167,11.375000,4564.2,60.993738,11.339381,node/5331403754,override:node/5331403754,,,,,,,60.993738,11.339381,60.993738,11.339381,local,,0.0,,,,https://nrrl.no/grupper/innlandet/gjovik-og-totengruppa/,https://www.la5g.no/,Nordhue / Ingerstua. Same mast as LD2GN (JOSM review position).; missing_repeaterbook
LD2WB,Winlink Packet,Kråkhugukampen,144.925,144.925,,,Gjøvik og Toten,,JP41PV,61.895833,9.291667,4499.1,61.007556,10.191800,node/5576506182,override:node/5576506182,,,,,,,61.007556,10.191800,61.007556,10.191800,local,,0.0,,,,https://nrrl.no/grupper/innlandet/gjovik-og-totengruppa/,https://www.la5g.no/,Kråkhugukampen; locator_mismatch; missing_repeaterbook
LD2WC,Winlink Packet,Tronfjell,144.925,144.925,,,Gjøvik og Toten,,JP52IE,62.187500,10.708333,4478.3,,,,,,,,,,,62.174165,10.695274,62.174165,10.695274,local,,0.0,,,,https://nrrl.no/grupper/innlandet/gjovik-og-totengruppa/,https://www.la5g.no/,Tron hovedsender. Co-located with LA9AR / LD2TR (synthetic; not on way/1005486272).; missing_osm; missing_repeaterbook
LD2WD,Winlink Packet,Torseterkampen,144.925,144.925,,,Gjøvik og Toten,,JP50LN,60.562500,10.958333,4593.6,60.569583,10.937981,node/1640276661,override:node/1640276661,,,,,,,60.569583,10.937981,60.569583,10.937981,local,,0.0,,,,https://nrrl.no/grupper/innlandet/gjovik-og-totengruppa/,https://www.la5g.no/,Torseterkampen; missing_repeaterbook
LD3BL,APRS,Lifjell/Bø,144.8,144.8,,,Grenland,,JO49ML,59.479167,9.041667,4669.5,,,,,,,,,59.462500,9.035000,,,59.462500,9.035000,aprsfi,,1891.1,,,,https://nrrl.no/grupper/telemark/grenlandgruppen/,,missing_osm; missing_repeaterbook
LD3DD,D-Star link,Lier,434.575,432.575,,,Drammen,,JO59CT,59.812500,10.208333,4646.2,,,,,,,,,,,,,59.812500,10.208333,nrrl_locator,,0.0,,,,https://nrrl.no/grupper/buskerud/drammengruppen/,,missing_osm; missing_repeaterbook
LD3DN,APRS,Konnerud,144.8,144.8,,,Drammen,,JO59BR,59.729167,10.125000,4652.1,,,,,,,,,59.718833,10.086500,,,59.718833,10.086500,aprsfi,,2445.1,,,,https://nrrl.no/grupper/buskerud/drammengruppen/,,disagreement; missing_osm; missing_repeaterbook
LD3DP,DMR Repeater,Drammen/Portabel,434.9625,432.9625,,242651,Drammen,,,,,,,,,,59.740000,10.200000,,,,,,,59.740000,10.200000,radioid,,0.0,,,,https://nrrl.no/grupper/buskerud/drammengruppen/,,missing_osm; missing_repeaterbook; portable
LD3DV,DMR Repeater,Vardåsen/Drammen,434.525,432.525,,242650,Drammen,,JO59CS,59.770833,10.208333,4649.2,,,,,59.911702,10.750398,59.756024,10.204459,,,59.756020,10.204460,59.756020,10.204460,local,,0.0,,,,https://nrrl.no/grupper/buskerud/drammengruppen/,,Vardåsen / Drammen.; missing_osm
LD3GD,APRS,Gravarhovda/Dagali,144.8,144.8,,,Hallingdal,,JP40FK,60.437500,8.458333,4602.4,,,,,,,,,60.433000,8.424500,,,60.433000,8.424500,aprsfi,,1922.5,,,,https://nrrl.no/grupper/buskerud/hallingdalsgruppa/,,missing_osm; missing_repeaterbook
LD3GE,APRS,Geilotoppen,144.8,144.8,,,Hallingdal,,JP40CM,60.520833,8.208333,4596.6,,,,,,,,,60.540833,8.195833,,,60.540833,8.195833,aprsfi,,2326.6,,,,https://nrrl.no/grupper/buskerud/hallingdalsgruppa/,,disagreement; missing_osm; missing_repeaterbook
LD3GK,APRS,Storkollen/Kragerø,144.8,144.8,,,Grenland,,JO48QU,58.854167,9.375000,4712.9,,,,,,,,,58.867833,9.379833,,,58.867833,9.379833,aprsfi,,1544.9,,,,https://nrrl.no/grupper/telemark/grenlandgruppen/,,missing_osm; missing_repeaterbook
LD3GL,DMR Repeater,Vealøs/Skien,434.5125,432.5125,74.4,242701,Grenland,,JO49UF,59.229167,9.708333,4686.9,,,,,59.235352,9.698948,59.234299,9.698800,,,,,59.235352,9.698948,radioid,,870.7,,,,https://nrrl.no/grupper/telemark/grenlandgruppen/,,missing_osm
LD3GO,APRS,Lisbetnuten/Gol,144.8,144.8,,,Hallingdal,,JP40LR,60.729167,8.958333,4581.9,,,,,,,,,60.714000,8.968833,,,60.714000,8.968833,aprsfi,,1780.5,,,,https://nrrl.no/grupper/buskerud/hallingdalsgruppa/,,missing_osm; missing_repeaterbook
LD3GT,APRS,Gaustatoppen,144.8,144.8,,,Tønsberg,,JO49HU,59.854167,8.625000,4643.3,,,,,,,,,59.854333,8.651833,,,59.854333,8.651833,aprsfi,,1498.5,,,,https://nrrl.no/grupper/vestfold/tonsberggruppen/,http://la1t.no/,missing_osm; missing_repeaterbook
LD3HR,DMR Repeater,Geilo,434.65,432.65,,242635,Hallingdal,,JP40CM,60.520833,8.208333,4596.6,,,,,60.540740,8.195370,60.540806,8.195663,,,,,60.540740,8.195370,radioid,,2326.5,,,,https://nrrl.no/grupper/buskerud/hallingdalsgruppa/,,disagreement; missing_osm
LD3HS,APRS,Sunhellerskarvet,144.8,144.8,,,Hallingdal,,JP30TR,60.729167,7.625000,4581.9,,,,,,,,,60.718167,7.635500,,,60.718167,7.635500,aprsfi,,1349.8,,,,https://nrrl.no/grupper/buskerud/hallingdalsgruppa/,,missing_osm; missing_repeaterbook
LD3HV,APRS,Hvittingen/Sande,144.8,144.8,,,Tønsberg,,JO59CN,59.562500,10.208333,4663.7,,,,,,,,,59.546833,10.197000,,,59.546833,10.197000,aprsfi,,1855.4,,,,https://nrrl.no/grupper/vestfold/tonsberggruppen/,http://la1t.no/,missing_osm; missing_repeaterbook
LD3JS,APRS,Jordstøyp,144.8,144.8,,,Sandefjord,,JO49XE,59.187500,9.958333,4689.8,,,,,,,,,59.192000,9.948000,,,59.192000,9.948000,aprsfi,,772.5,,,,https://nrrl.no/grupper/vestfold/sandefjordgruppen/,,missing_osm; missing_repeaterbook
LD3KR,DMR Repeater,Haus Sachsen,434.8375,432.8375,,242606,Kongsberg,,JO49SQ,59.687500,9.541667,4655.0,59.671030,9.576584,node/5576440532,override:node/5576440532,59.670914,9.574759,59.670830,9.574720,,,59.671030,9.576584,59.671030,9.576584,local,,0.0,,,,https://nrrl.no/grupper/buskerud/kongsberggruppen/,https://www.la8z.com,OSM mast node/5576440532.
LD3KS,APRS,Haus Sachsen,144.8,144.8,,,Kongsberg,,JO49SQ,59.687500,9.541667,4655.0,,,,,,,,,59.670500,9.576667,,,59.670500,9.576667,aprsfi,,2726.5,,,,https://nrrl.no/grupper/buskerud/kongsberggruppen/,https://www.la8z.com,disagreement; missing_osm; missing_repeaterbook
LD3LL,APRS LoRA,Lifjell/Bø,433.775,433.775,,,Grenland,,JO49ML,59.479167,9.041667,4669.5,,,,,,,,,59.480333,9.008667,,,59.480333,9.008667,aprsfi,,1868.0,,,,https://nrrl.no/grupper/telemark/grenlandgruppen/,,missing_osm; missing_repeaterbook
LD3NM,FM/DSTAR Repeater,Norefjellstua,145.5875,144.9875,123,,Modum,,JP40SF,60.229167,9.541667,4617.1,,,,,,,59.930860,9.929400,,,,,59.930860,9.929400,repeaterbook,,39531.1,,Modum LD3NM,ANALOG OSLO/VIKE,https://nrrl.no/grupper/buskerud/modumgruppen/,https://la7m.com/,disagreement; missing_osm; outside_locator:repeaterbook
LD3RI,FM DMR Repeater,Småstein/Skogstad,434.8125,432.8125,74.4,242666,Ringerike,,JP50EE,60.187500,10.375000,4620.0,,,,,60.207439,10.366112,,,,,,,60.207439,10.366112,radioid,,2270.9,,,,https://nrrl.no/grupper/akershus/ringeriksgruppen/,,disagreement; missing_osm; missing_repeaterbook
LD3SH,APRS,Hvittingen/Sande,144.8,144.8,,,Tønsberg,,JO59CN,59.562500,10.208333,4663.7,,,,,,,,,59.545167,10.196667,,,59.545167,10.196667,aprsfi,,2036.4,,,,https://nrrl.no/grupper/vestfold/tonsberggruppen/,http://la1t.no/,disagreement; missing_osm; missing_repeaterbook
LD3SK,APRS,Høglikollen,144.8,144.8,,,Grenland,,JO49TG,59.270833,9.625000,4684.0,,,,,,,,,59.251833,9.651833,,,59.251833,9.651833,aprsfi,,2605.6,,,,https://nrrl.no/grupper/telemark/grenlandgruppen/,,disagreement; missing_osm; missing_repeaterbook
LD3ST,DMR Repeater,Frodeåsen,434.55,432.55,,242801,Tønsberg,,JO59DE,59.187500,10.291667,4689.8,,,,,59.282860,10.406510,59.282500,10.406667,,,59.282500,10.406670,59.282500,10.406670,local,,0.0,,,,https://nrrl.no/grupper/vestfold/tonsberggruppen/,http://la1t.no/,Frodeåsen.; missing_osm
LD3TB,APRS,Bergåsen,144.8,144.8,,,Tønsberg,,JO59CI,59.354167,10.208333,4678.2,,,,,,,,,59.283000,10.406000,,,59.283000,10.406000,aprsfi,,13726.1,,,,https://nrrl.no/grupper/vestfold/tonsberggruppen/,http://la1t.no/,disagreement; missing_osm; missing_repeaterbook; outside_locator:aprsfi
LD3TD,DMR Repeater,Vetan/Nøtterøy,434.5625,432.5625,,242017,Tønsberg,,JO59FE,59.187500,10.458333,4689.8,,,,,,,,,,,,,59.187500,10.458333,nrrl_locator,,0.0,,,,https://nrrl.no/grupper/vestfold/tonsberggruppen/,http://la1t.no/,missing_osm; missing_repeaterbook
LD3TE,APRS,Eirefjell/Tokke,144.8,144.8,,,Grenland,,JO49BL,59.479167,8.125000,4669.5,,,,,,,,,59.489833,8.090500,,,59.489833,8.090500,aprsfi,,2280.6,,,,https://nrrl.no/grupper/telemark/grenlandgruppen/,,disagreement; missing_osm; missing_repeaterbook
LD3TO,APRS,Tosevikseter,144.8,144.8,,,Ringerike,,JP40XJ,60.395833,9.958333,4605.3,,,,,,,,,60.412667,9.995333,,,60.412667,9.995333,aprsfi,,2762.7,,,,https://nrrl.no/grupper/akershus/ringeriksgruppen/,,disagreement; missing_osm; missing_repeaterbook
LD3VL,APRS LoRA,Vealøs/Skien,433.775,433.775,,,Grenland,,JO49UF,59.229167,9.708333,4686.9,,,,,,,,,59.236000,9.699333,,,59.236000,9.699333,aprsfi,,916.2,,,,https://nrrl.no/grupper/telemark/grenlandgruppen/,,missing_osm; missing_repeaterbook
LD4AA,APRS,Tveitheia/Åmli,144.8,144.8,,,Arendal,,JO48GS,58.770833,8.541667,4718.7,,,,,,,,,58.765000,8.506833,,,58.765000,8.506833,aprsfi,,2110.5,,,,https://nrrl.no/grupper/agder/arendalsgruppen/,,disagreement; missing_osm; missing_repeaterbook
LD4AI,APRS,Fjæreheia/Grimstad,144.8,144.8,,,Arendal,,JO48GJ,58.395833,8.541667,4744.5,,,,,,,,,58.390000,8.583667,,,58.390000,8.583667,aprsfi,,2532.1,,,,https://nrrl.no/grupper/agder/arendalsgruppen/,,disagreement; missing_osm; missing_repeaterbook; outside_locator:aprsfi
LD4AK,APRS,Kilsund,144.8,144.8,,,Arendal,,JO48LN,58.562500,8.958333,4733.0,,,,,,,,,58.475833,8.765333,,,58.475833,8.765333,aprsfi,,14780.6,,,,https://nrrl.no/grupper/agder/arendalsgruppen/,,disagreement; missing_osm; missing_repeaterbook; outside_locator:aprsfi
LD4AR,DSTAR Repeater,Kilsund,434.775,432.775,,,Arendal,,JO48LN,58.562500,8.958333,4733.0,,,,,,,,,,,,,58.562500,8.958333,nrrl_locator,,0.0,,,,https://nrrl.no/grupper/agder/arendalsgruppen/,,missing_osm; missing_repeaterbook
LD4AR,DSTAR Repeater,Kilsund,145.7375,145.1375,,,Arendal,,JO48LN,58.562500,8.958333,4733.0,,,,,,,,,,,,,58.562500,8.958333,nrrl_locator,,0.0,,,,https://nrrl.no/grupper/agder/arendalsgruppen/,,missing_osm; missing_repeaterbook
LD4AT,APRS,Vardåsen/Tromøya,144.8,144.8,,,Arendal,,JO48JK,58.437500,8.791667,4741.7,,,,,,,,,58.457500,8.810500,,,58.457500,8.810500,aprsfi,,2479.2,,,,https://nrrl.no/grupper/agder/arendalsgruppen/,,disagreement; missing_osm; missing_repeaterbook
LD4BO,APRS,Flakkheia/Birkeland,144.8,144.8,,,Arendal,,JO48CI,58.354167,8.208333,4747.4,,,,,,,,,58.215167,8.347167,,,58.215167,8.347167,aprsfi,,17457.2,,,,https://nrrl.no/grupper/agder/arendalsgruppen/,,disagreement; missing_osm; missing_repeaterbook; outside_locator:aprsfi
LD4EG,APRS,Egersund/Gaupelemfjell,144.8,144.8,,,Jæren,,JO38DO,58.604167,6.291667,4730.2,,,,,,,,,58.620000,6.293833,,,58.620000,6.293833,aprsfi,,1765.1,,,,https://nrrl.no/grupper/rogaland/jaergruppen/,https://www.la1j.no/,missing_osm; missing_repeaterbook
LD4ER,DMR Repeater,Egersund/Gaupelemfjell,434.625,432.625,,,Jæren,Planlagt,JO38DO,58.604167,6.291667,4730.2,,,,,,,,,,,,,58.604167,6.291667,nrrl_locator,,0.0,,,,https://nrrl.no/grupper/rogaland/jaergruppen/,https://www.la1j.no/,missing_osm; missing_radioid; missing_repeaterbook
LD4FH,DMR/DSTAR,Fjæreheia/Grimstad,434.7,432.7,,242702,Arendal,,JO48GJ,58.395833,8.541667,4744.5,58.378315,8.589392,node/5415066172,override:node/5415066172,58.378300,8.589382,58.378300,8.589400,,,58.378315,8.589392,58.378315,8.589392,local,,0.0,,,,https://nrrl.no/grupper/agder/arendalsgruppen/,,OSM tower node/5415066172 (Fjæreheia).
LD4GA,DMR Repeater,Egersund/Gaupelemfjell,145.5875,144.9875,,242390,Jæren,,JO38DO,58.604167,6.291667,4730.2,,,,,58.620079,6.293778,58.633333,6.083036,,,,,58.620079,6.293778,radioid,,12508.0,,,,https://nrrl.no/grupper/rogaland/jaergruppen/,https://www.la1j.no/,disagreement; missing_osm; outside_locator:repeaterbook
LD4GF,APRS,Fjæreheia/Grimstad,144.8,144.8,,,Arendal,,JO48GJ,58.395833,8.541667,4744.5,,,,,,,,,58.382833,8.567667,,,58.382833,8.567667,aprsfi,,2094.2,,,,https://nrrl.no/grupper/agder/arendalsgruppen/,,disagreement; missing_osm; missing_repeaterbook
LD4GJ,DSTAR Repeater,Ålgård,434.95,432.95,,242333,Jæren,,JO28WS,58.770833,5.875000,4718.7,,,,,58.762280,5.849135,,,,,,,58.762280,5.849135,radioid,,1768.8,,,,https://nrrl.no/grupper/rogaland/jaergruppen/,https://www.la1j.no/,missing_osm; missing_repeaterbook
LD4GJ,DSTAR Repeater,Ålgård,145.7875,145.1875,,242333,Jæren,,JO28WS,58.770833,5.875000,4718.7,,,,,58.762280,5.849135,,,,,,,58.762280,5.849135,radioid,,1768.8,,,,https://nrrl.no/grupper/rogaland/jaergruppen/,https://www.la1j.no/,missing_osm; missing_repeaterbook
LD4GL,Winlink Packet,Egersund/Gaupelemfjell,433.725,433.725,,,Jæren,,JO38DO,58.604167,6.291667,4730.2,,,,,,,,,,,,,58.604167,6.291667,nrrl_locator,,0.0,,,,https://nrrl.no/grupper/rogaland/jaergruppen/,https://www.la1j.no/,missing_osm; missing_repeaterbook
LD4GS,APRS,Stormyrheia,144.8,144.8,,,Arendal,,JO48FK,58.437500,8.458333,4741.7,,,,,,,,,58.447500,8.461000,,,58.447500,8.461000,aprsfi,,1122.7,,,,https://nrrl.no/grupper/agder/arendalsgruppen/,,missing_osm; missing_repeaterbook
LD4HS,Winlink Packet,Karmøy/Sandve,144.925,144.925,,,Haugaland,,JO29OE,59.187500,5.208333,4689.8,,,,,,,,,,,,,59.187500,5.208333,nrrl_locator,,0.0,,,,https://nrrl.no/grupper/rogaland/haugalandgruppen/,,missing_osm; missing_repeaterbook
LD4KA,APRS,Kristiansand/Slettheia,144.8,144.8,,,Kristiansand,,JO38XD,58.145833,7.958333,4761.7,,,,,,,,,58.180667,7.976167,,,58.180667,7.976167,aprsfi,,4012.0,,,,https://nrrl.no/grupper/agder/kristiansandsgruppen/,https://www.la9k.net/,disagreement; missing_osm; missing_repeaterbook; outside_locator:aprsfi
LD4KH,DMR Repeater,Kvinesheia/Haugeheia,145.7625,145.1625,,242710,Sandnes,,JO38NH,58.312500,7.125000,4750.3,,,,,58.305801,7.103300,58.304501,7.097500,,,,,58.305801,7.103300,radioid,,1836.3,,,,https://nrrl.no/grupper/rogaland/sandnesgruppen/,https://la9s.no/,missing_osm
LD4LA,DMR/DSTAR,Voreknuten,434.8625,432.8625,,242703,Sandnes,,JO38GI,58.354167,6.541667,4747.4,,,,,58.356709,6.503291,58.524799,6.546700,,,58.524800,6.546700,58.524800,6.546700,local,,0.0,,,,https://nrrl.no/grupper/rogaland/sandnesgruppen/,https://la9s.no/,"Operator position 58.52480, 6.54670.; missing_osm"
LD4LF,APRS,Bonjeåsen/Justøy,144.8,144.8,,,Arendal,,JO48EE,58.187500,8.375000,4758.9,,,,,,,,,58.207833,8.347167,,,58.207833,8.347167,aprsfi,,2787.8,,,,https://nrrl.no/grupper/agder/arendalsgruppen/,,disagreement; missing_osm; missing_repeaterbook
LD4LI,DMR Repeater,Stavanger/Lifjell,434.975,432.975,,242310,Sandnes,,JO28VW,58.937500,5.791667,4707.1,,,,,58.920141,5.789153,58.969976,5.733107,,,,,58.920141,5.789153,radioid,,6406.4,,,,https://nrrl.no/grupper/rogaland/sandnesgruppen/,https://la9s.no/,disagreement; missing_osm; outside_locator:repeaterbook
LD4LK,DSTAR Repeater,Liknes/Kvinesheia,145.6875,145.0875,,,Sandnes,,JO38NH,58.312500,7.125000,4750.3,,,,,,,58.303501,7.095300,,,,,58.303501,7.095300,repeaterbook,,2002.8,,,,https://nrrl.no/grupper/rogaland/sandnesgruppen/,https://la9s.no/,disagreement; missing_osm
LD4NB,APRS,Nærbø/Våland,144.8,144.8,,,Jæren,,JO28UP,58.645833,5.708333,4727.3,,,,,,,,,58.663500,5.714167,,,58.663500,5.714167,aprsfi,,1993.2,,,,https://nrrl.no/grupper/rogaland/jaergruppen/,https://www.la1j.no/,missing_osm; missing_repeaterbook
LD4RH,DSTAR Repeater,Heiberg/Søndeled,434.5375,432.5375,,,Arendal,,JO48NS,58.770833,9.125000,4718.7,,,,,,,58.719398,9.223170,,,,,58.719398,9.223170,repeaterbook,,8049.1,,,,https://nrrl.no/grupper/agder/arendalsgruppen/,,disagreement; missing_osm; outside_locator:repeaterbook
LD4SH,APRS,Søndeled/Heiberget,144.8,144.8,,,Arendal,,JO48NS,58.770833,9.125000,4718.7,,,,,,,,,58.717500,9.219500,,,58.717500,9.219500,aprsfi,,8055.8,,,,https://nrrl.no/grupper/agder/arendalsgruppen/,,disagreement; missing_osm; missing_repeaterbook; outside_locator:aprsfi
LD4SJ,APRS,Jæren/Sandved,144.8,144.8,,,Jæren,,JO28UU,58.854167,5.708333,4712.9,,,,,,,,,58.842500,5.714167,,,58.842500,5.714167,aprsfi,,1340.0,,,,https://nrrl.no/grupper/rogaland/jaergruppen/,https://www.la1j.no/,missing_osm; missing_repeaterbook
LD4ST,APRS,Jørpeland,144.8,144.8,,,Jæren,,JO29XB,59.062500,5.958333,4698.5,,,,,,,,,59.045167,5.984500,,,59.045167,5.984500,aprsfi,,2440.0,,,,https://nrrl.no/grupper/rogaland/jaergruppen/,https://www.la1j.no/,disagreement; missing_osm; missing_repeaterbook
LD4VF,DSTAR Repeater,Stavanger/Lifjell,434.55,432.55,,,Sandnes,,JO28VW,58.937500,5.791667,4707.1,,,,,,,58.923302,5.793000,,,,,58.923302,5.793000,repeaterbook,,1580.6,,,,https://nrrl.no/grupper/rogaland/sandnesgruppen/,https://la9s.no/,missing_osm
LD4VK,APRS,Voreknuten,144.8,144.8,,,Sandnes,,JO38DI,58.354167,6.291667,4747.4,,,,,,,,,58.356667,6.503333,,,58.356667,6.503333,aprsfi,,12351.4,,,,https://nrrl.no/grupper/rogaland/sandnesgruppen/,https://la9s.no/,disagreement; missing_osm; missing_repeaterbook; outside_locator:aprsfi
LD4VS,APRS,Vegårshei/Slettåsheia,144.8,144.8,,,Arendal,,JO48JQ,58.687500,8.791667,4724.4,,,,,,,,,58.674500,8.784500,,,58.674500,8.784500,aprsfi,,1503.7,,,,https://nrrl.no/grupper/agder/arendalsgruppen/,,missing_osm; missing_repeaterbook
LD5AG,APRS,Åsane/Geitanuken,144.8,144.8,,,Bergen,,JP20PL,60.479167,5.291667,4599.5,,,,,,,,,60.473333,5.293333,,,60.473333,5.293333,aprsfi,,655.0,,,,https://nrrl.no/grupper/vestland/bergensgruppen/,https://www.la1b.no/,missing_osm; missing_repeaterbook
LD5AV,APRS,Karmøy/Steinsfjellet,144.8,144.8,,,Haugaland,Test,JO29PK,59.437500,5.291667,4672.4,,,,,,,,,59.422833,5.329000,,,59.422833,5.329000,aprsfi,,2667.8,,,,https://nrrl.no/grupper/rogaland/haugalandgruppen/,,disagreement; missing_osm; missing_repeaterbook
LD5BE,APRS,Bergen/Bildefjellet,144.8,144.8,,,Bergen,,JP20NI,60.354167,5.125000,4608.3,,,,,,,,,60.340167,5.094667,,,60.340167,5.094667,aprsfi,,2282.1,,,,https://nrrl.no/grupper/vestland/bergensgruppen/,https://www.la1b.no/,disagreement; missing_osm; missing_repeaterbook
LD5BF,APRS IGate,Finsehytta,144.8001,144.8001,,,Bergen,,JP30SO,60.604167,7.541667,4590.7,,,,,,,,,60.598000,7.506667,,,60.598000,7.506667,aprsfi,,2029.8,,,,https://nrrl.no/grupper/vestland/bergensgruppen/,https://www.la1b.no/,disagreement; missing_osm; missing_repeaterbook
LD5BG,DSTAR Repeater,Bergen/Bildefjellet,434.55,432.55,,242201,Bergen,,JP20NI,60.354167,5.125000,4608.3,,,,,,,60.340199,5.094800,,,,,60.340199,5.094800,repeaterbook,,2274.3,,,,https://nrrl.no/grupper/vestland/bergensgruppen/,https://www.la1b.no/,disagreement; missing_osm
LD5BH,APRS,Hardangerjøkullen,144.8,144.8,,,Bergen,,JP30RN,60.562500,7.458333,4593.6,,,,,,,,,60.552500,7.473833,,,60.552500,7.473833,aprsfi,,1397.9,,,,https://nrrl.no/grupper/vestland/bergensgruppen/,https://www.la1b.no/,missing_osm; missing_repeaterbook
LD5BR,DMR Repeater,Bergen/Rundemannen,434.825,432.825,,242210,Bergen,,JP20QJ,60.395833,5.375000,4605.3,,,,,60.410900,5.361190,,,,,,,60.410900,5.361190,radioid,,1839.0,,,,https://nrrl.no/grupper/vestland/bergensgruppen/,https://www.la1b.no/,missing_osm; missing_repeaterbook
LD5GU,APRS,Gulen/Brosviksåta,144.8,144.8,,,Bergen,,JP21NA,61.020833,5.125000,4561.3,,,,,,,,,61.040000,5.158500,,,61.040000,5.158500,aprsfi,,2792.4,,,,https://nrrl.no/grupper/vestland/bergensgruppen/,https://www.la1b.no/,disagreement; missing_osm; missing_repeaterbook
LD5HH,DMR Repeater,Karmøy/Helgelandsfjellet,434.75,432.75,,242323,Haugaland,,JO29PI,59.354167,5.291667,4678.2,59.368588,5.326689,node/5582173874,override:node/5582173874,59.368160,5.329359,59.413582,5.267987,,,59.368588,5.326689,59.368588,5.326689,local,,0.0,,,,https://nrrl.no/grupper/rogaland/haugalandgruppen/,,OSM mast node/5582173874.
LD5KS,APRS,Kysnesstranda/Hammaren,144.8,144.8,,,Bergen,,JP30BE,60.187500,6.125000,4620.0,,,,,,,,,60.189833,6.088833,,,60.189833,6.088833,aprsfi,,2016.1,,,,https://nrrl.no/grupper/vestland/bergensgruppen/,https://www.la1b.no/,disagreement; missing_osm; missing_repeaterbook
LD5MT,APRS,Melstveit,144.8,144.8,,,Bergen,,JP30CJ,60.395833,6.208333,4605.3,,,,,,,,,60.389167,6.247333,,,60.389167,6.247333,aprsfi,,2267.1,,,,https://nrrl.no/grupper/vestland/bergensgruppen/,https://www.la1b.no/,disagreement; missing_osm; missing_repeaterbook
LD5SK,APRS,Stord/Kattnakken,144.8,144.8,,,Bergen,,JO29RU,59.854167,5.458333,4643.3,,,,,,,,,59.875000,5.492500,,,59.875000,5.492500,aprsfi,,3000.7,,,,https://nrrl.no/grupper/vestland/bergensgruppen/,https://www.la1b.no/,disagreement; missing_osm; missing_repeaterbook
LD5VO,APRS,Voss/Lønahorgi,144.8,144.8,,,Voss,,JP30EQ,60.687500,6.375000,4584.8,,,,,,,,,60.694000,6.412167,,,60.694000,6.412167,aprsfi,,2148.3,,,,,,disagreement; missing_osm; missing_repeaterbook
LD6BE,APRS,"Blåhornet, Norddal",144.8,144.8,,,Ålesund,,JP32NG,62.270833,7.125000,4472.3,,,,,,,,,62.266500,7.134167,,,62.266500,7.134167,aprsfi,,676.1,,,,https://nrrl.no/grupper/more-og-romsdal/alesundgruppen/,https://www.la1z.no/,missing_osm; missing_repeaterbook
LD6BS,APRS,Bremanger/Steinfjellet,144.8,144.8,,,Måløy,,JP21MU,61.854167,5.041667,4502.1,,,,,,,,,61.873333,4.986667,,,61.873333,4.986667,aprsfi,,3586.0,,,,https://nrrl.no/grupper/vestland/maloygruppen/,,disagreement; missing_osm; missing_repeaterbook; outside_locator:aprsfi
LD6FD,APRS,Førde/Hafstadfjell,144.8,144.8,,,Firda,,JP21WK,61.437500,5.875000,4531.7,,,,,,,,,61.437000,5.859167,,,61.437000,5.859167,aprsfi,,843.6,,,,https://nrrl.no/grupper/vestland/firdagruppen/,http://la6f.blogspot.com/,missing_osm; missing_repeaterbook
LD6FF,FM DMR Repeater,Storåsen,434.875,432.875,123,242013,Firda,,JP21MO,61.604167,5.041667,4519.9,61.592373,5.026227,node/3655921327,override:node/3655921327,60.287982,5.224219,61.594000,5.020300,,,61.592373,5.026227,61.592373,5.026227,local,,0.0,,,,https://nrrl.no/grupper/vestland/firdagruppen/,http://la6f.blogspot.com/,OSM tower node/3655921327 (Storåsen).
LD6FL,APRS,Florø,144.8,144.8,,,Florø,,JP21MO,61.604167,5.041667,4519.9,,,,,,,,,61.594000,5.020333,,,61.594000,5.020333,aprsfi,,1597.2,,,,,,missing_osm; missing_repeaterbook
LD6FR,DMR Repeater,Hafstadfjellet,434.65,432.65,,242012,Firda,,JP21WK,61.437500,5.875000,4531.7,61.436970,5.857704,node/5578772892,override:node/5578772892,61.083333,5.862190,,,,,61.436970,5.857704,61.436970,5.857704,local,,0.0,,,,https://nrrl.no/grupper/vestland/firdagruppen/,http://la6f.blogspot.com/,OSM mast node/5578772892 (Hafstadfjellet).; missing_repeaterbook
LD6HO,APRS,Hornindal,144.8,144.8,,,Bergen,,JP31GW,61.937500,6.541667,4496.1,,,,,,,,,61.938167,6.512000,,,61.938167,6.512000,aprsfi,,1553.6,,,,https://nrrl.no/grupper/vestland/bergensgruppen/,https://www.la1b.no/,missing_osm; missing_repeaterbook
LD6KN,APRS IGate,Kristiansund,144.8,144.8,,,Kristiansund,,JP33VC,63.104167,7.791667,4412.4,,,,,,,,,63.111667,7.765833,,,63.111667,7.765833,aprsfi,,1543.9,,,,https://nrrl.no/grupper/more-og-romsdal/kristiansundgruppen/,,missing_osm; missing_repeaterbook
LD6LB,APRS IGate,Humla,144.8,144.8,,,Ålesund,,JP32DK,62.437500,6.291667,4460.4,,,,,,,,,62.447167,6.282167,,,62.447167,6.282167,aprsfi,,1180.8,,,,https://nrrl.no/grupper/more-og-romsdal/alesundgruppen/,https://www.la1z.no/,missing_osm; missing_repeaterbook
LD6LF,APRS,Ørskog/Lebergsfjellet,144.8,144.8,,,Ålesund,,JP32KM,62.520833,6.875000,4454.4,,,,,,,,,62.515833,6.873000,,,62.515833,6.873000,aprsfi,,565.4,,,,https://nrrl.no/grupper/more-og-romsdal/alesundgruppen/,https://www.la1z.no/,missing_osm; missing_repeaterbook
LD6MD,APRS,Molde/Tussen,144.8,144.8,,,Molde,,JP32PS,62.770833,7.291667,4436.4,,,,,,,,,62.779000,7.249167,,,62.779000,7.249167,aprsfi,,2345.0,,,,https://nrrl.no/grupper/more-og-romsdal/moldegruppen/,https://qsl.net/la9m/,disagreement; missing_osm; missing_repeaterbook; outside_locator:aprsfi
LD6NT,APRS,Nerlandsøy/Teigetua,144.8,144.8,,,Søre Sunnmøre,,JP22TI,62.354167,5.625000,4466.4,,,,,,,,,62.352667,5.586000,,,62.352667,5.586000,aprsfi,,2019.2,,,,https://nrrl.no/grupper/more-og-romsdal/sore-sunnmoregruppen/,,disagreement; missing_osm; missing_repeaterbook
LD6RF,APRS,Reinsfjell,144.8,144.8,,,Kristiansund,,JP32XW,62.937500,7.958333,4424.5,,,,,,,,,62.931333,7.926333,,,62.931333,7.926333,aprsfi,,1758.3,,,,https://nrrl.no/grupper/more-og-romsdal/kristiansundgruppen/,,missing_osm; missing_repeaterbook
LD6SA,APRS,Sagtennene,144.8,144.8,,,Firda,,JP31BV,61.895833,6.125000,4499.1,,,,,,,,,61.890167,6.110333,,,61.890167,6.110333,aprsfi,,993.7,,,,https://nrrl.no/grupper/vestland/firdagruppen/,http://la6f.blogspot.com/,missing_osm; missing_repeaterbook
LD6SB,APRS,Svinberget,144.8,144.8,,,Molde,,JP42FR,62.729167,8.458333,4439.4,,,,,,,,,62.715667,8.494833,,,62.715667,8.494833,aprsfi,,2390.2,,,,https://nrrl.no/grupper/more-og-romsdal/moldegruppen/,https://qsl.net/la9m/,disagreement; missing_osm; missing_repeaterbook
LD6SG,APRS,Sunndalen/Grøvllægdin,144.8,144.8,,,Molde,,JP42KO,62.604167,8.875000,4448.4,,,,,,,,,62.596167,8.905833,,,62.596167,8.905833,aprsfi,,1811.3,,,,https://nrrl.no/grupper/more-og-romsdal/moldegruppen/,https://qsl.net/la9m/,missing_osm; missing_repeaterbook
LD6SO,APRS,Sogndal/Storehogen,144.8,144.8,,,Firda,,JP31NE,61.187500,7.125000,4549.5,,,,,,,,,61.167333,7.120167,,,61.167333,7.120167,aprsfi,,2257.4,,,,https://nrrl.no/grupper/vestland/firdagruppen/,http://la6f.blogspot.com/,disagreement; missing_osm; missing_repeaterbook
LD7FB,APRS,Fosen/Bessakerfjorden,144.8,144.8,,,Fosen,,JP54EF,64.229167,10.375000,4330.9,,,,,,,,,64.220333,10.371000,,,64.220333,10.371000,aprsfi,,1001.1,,,,https://nrrl.no/grupper/trondelag/fosengruppen/,,missing_osm; missing_repeaterbook
LD7FF,DMR/DSTAR,Forbordsfjell,434.675,432.675,,242440,Stjørdal,,JP53KM,63.520833,10.875000,4382.3,,,,,63.526001,10.892100,63.466993,10.911690,,,,,63.526001,10.892100,radioid,,6633.0,,,,https://nrrl.no/grupper/trondelag/stjordalsgruppa/,,disagreement; missing_osm; outside_locator:repeaterbook
LD7FO,APRS,Fosen/Tarva,144.8,144.8,,,Fosen,,JP43QS,63.770833,9.375000,4364.2,,,,,,,,,63.789333,9.386500,,,63.789333,9.386500,aprsfi,,2133.3,,,,https://nrrl.no/grupper/trondelag/fosengruppen/,,disagreement; missing_osm; missing_repeaterbook
LD7FS,APRS,Fosen/Stadsbygd,144.8,144.8,,,Fosen,,JP43XM,63.520833,9.958333,4382.3,,,,,,,,,63.533333,9.950000,,,63.533333,9.950000,aprsfi,,1450.0,,,,https://nrrl.no/grupper/trondelag/fosengruppen/,,missing_osm; missing_repeaterbook
LD7GG,APRS,Grong/Geitfjellet,144.8,144.8,,,Namdal,,JP64CJ,64.395833,12.208333,4318.8,,,,,,,,,64.409167,12.208667,,,64.409167,12.208667,aprsfi,,1482.7,,,,https://nrrl.no/grupper/trondelag/namdalsgruppen/,http://la7n-namdal.blogspot.com/,missing_osm; missing_repeaterbook
LD7ST,APRS,Steinkjer/Offenåsen,144.8,144.8,,,Inntrøndelag,,JP53SX,63.979167,11.541667,4349.1,,,,,,,,,63.992000,11.528500,,,63.992000,11.528500,aprsfi,,1564.8,,,,https://nrrl.no/grupper/trondelag/inntrondelagsgruppen/,,missing_osm; missing_repeaterbook
LD7TB,APRS,Bringen,144.8,144.8,,,Trondheim,,JP53NB,63.062500,11.125000,4415.4,,,,,,,,,63.064000,11.146000,,,63.064000,11.146000,aprsfi,,1070.9,,,,https://nrrl.no/grupper/trondelag/trondheimsgruppen/,http://www.la2t.no/,missing_osm; missing_repeaterbook
LD7TD,DMR Repeater,Vassfjellet,434.7,432.7,,242018,Trondheim,,JP53EG,63.270833,10.375000,4400.4,,,,,63.262229,10.356088,63.262229,10.356088,,,,,63.262229,10.356088,radioid,,1345.5,,,,https://nrrl.no/grupper/trondelag/trondheimsgruppen/,http://www.la2t.no/,missing_osm
LD7TH,APRS,Litjvola/Tydal,144.8,144.8,,,Trondheim,,JP53FK,63.437500,10.458333,4388.4,,,,,,,,,62.901667,11.798000,,,62.901667,11.798000,aprsfi,,89833.1,,,,https://nrrl.no/grupper/trondelag/trondheimsgruppen/,http://www.la2t.no/,disagreement; missing_osm; missing_repeaterbook; outside_locator:aprsfi
LD7TL,Winlink packet,Gråkallen,433.725,433.725,,,Trondheim,,JP53DK,63.437500,10.291667,4388.4,,,,,,,,,,,,,63.437500,10.291667,nrrl_locator,,0.0,,,,https://nrrl.no/grupper/trondelag/trondheimsgruppen/,http://www.la2t.no/,missing_osm; missing_repeaterbook
LD7TO,APRS,Oppdal,144.8,144.8,,,Trondheim,,JP42UN,62.562500,9.708333,4451.4,,,,,,,,,62.571500,9.716667,,,62.571500,9.716667,aprsfi,,1088.0,,,,https://nrrl.no/grupper/trondelag/trondheimsgruppen/,http://www.la2t.no/,missing_osm; missing_repeaterbook
LD7TR,APRS,Ruten,144.8,144.8,,,Trondheim,,JP43NE,63.187500,9.125000,4406.4,,,,,,,,,63.172667,9.140667,,,63.172667,9.140667,aprsfi,,1827.1,,,,https://nrrl.no/grupper/trondelag/trondheimsgruppen/,http://www.la2t.no/,missing_osm; missing_repeaterbook
LD7TS,APRS,Støren,144.8,144.8,,,Trondheim,,JP53DA,63.020833,10.291667,4418.5,,,,,,,,,63.041000,10.302667,,,63.041000,10.302667,aprsfi,,2310.0,,,,https://nrrl.no/grupper/trondelag/trondheimsgruppen/,http://www.la2t.no/,disagreement; missing_osm; missing_repeaterbook
LD7TT,APRS,Tyholt,144.8,144.8,,,Trondheim,,JP53FK,63.437500,10.458333,4388.4,,,,,,,,,63.422333,10.432000,,,63.422333,10.432000,aprsfi,,2135.3,,,,https://nrrl.no/grupper/trondelag/trondheimsgruppen/,http://www.la2t.no/,disagreement; missing_osm; missing_repeaterbook
LD7TV,Winlink packet,Vassfjellet,144.95,144.95,,,Trondheim,,JP53EG,63.270833,10.375000,4400.4,,,,,,,,,,,,,63.270833,10.375000,nrrl_locator,,0.0,,,,https://nrrl.no/grupper/trondelag/trondheimsgruppen/,http://www.la2t.no/,missing_osm; missing_repeaterbook
LD7VD,APRS,Verdal,144.8,144.8,,,Inntrøndelag,,JP53SU,63.854167,11.541667,4358.2,,,,,,,,,63.860333,11.524500,,,63.860333,11.524500,aprsfi,,1085.2,,,,https://nrrl.no/grupper/trondelag/inntrondelagsgruppen/,,missing_osm; missing_repeaterbook
LD7VM,DMR Repeater,Verdal/Marsteinsvola,434.6,432.6,,242444,Inntrøndelag,,JP53SU,63.854167,11.541667,4358.2,,,,,63.860939,11.524469,,,,,,,63.860939,11.524469,radioid,,1130.0,,,,https://nrrl.no/grupper/trondelag/inntrondelagsgruppen/,,missing_osm; missing_repeaterbook
LD8BK,APRS,Fauske/Klettkoven,144.8,144.8,,,Bodø,,JP77ME,67.187500,15.041667,4112.9,,,,,,,,,67.174167,15.027167,,,67.174167,15.027167,aprsfi,,1609.1,,,,https://nrrl.no/grupper/nordland/bodogruppen/,,missing_osm; missing_repeaterbook
LD8BS,DMR/DSTAR,Mosheim/Brønnøysund,434.975,432.975,,242906,Sandnessjøen,,JP65CL,65.479167,12.208333,4239.4,,,,,65.496941,12.245410,65.497803,12.245800,,,,,65.496941,12.245410,radioid,,2698.4,,,,https://nrrl.no/grupper/nordland/sandnessjogruppen/,,disagreement; missing_osm
LD8FS,APRS,Fornesfjell,144.8,144.8,,,Fauske,,JP77RK,67.437500,15.458333,4094.2,,,,,,,,,67.433500,15.454500,,,67.433500,15.454500,aprsfi,,473.9,,,,https://nrrl.no/grupper/nordland/fauskegruppen/,,missing_osm; missing_repeaterbook
LD8FT,APRS,Bjørnmoveien,144.8,144.8,,242917,Fauske,,JP77RF,67.229167,15.458333,4109.8,,,,,67.258720,15.375334,,,67.264333,15.383000,67.264333,15.383000,67.264333,15.383000,local,,0.0,,,,https://nrrl.no/grupper/nordland/fauskegruppen/,,APRS digi. Position 67°15.86'N 15°22.98'E. NRRL still lists this callsign as DMR UHF.; missing_osm; missing_repeaterbook
LD8HV,APRS,Hemnes/Vettahaugen,144.8,144.8,,,Mo i Rana,,JP66UE,66.187500,13.708333,4187.2,,,,,,,,,66.206667,13.740333,,,66.206667,13.740333,aprsfi,,2569.9,,,,https://nrrl.no/grupper/nordland/mogruppen/,http://la3m.no/,disagreement; missing_osm; missing_repeaterbook
LD8KV,APRS,Keiservarden,144.8,144.8,,,Bodø,,JP77FH,67.312500,14.458333,4103.6,,,,,,,,,67.314833,14.477333,,,67.314833,14.477333,aprsfi,,855.1,,,,https://nrrl.no/grupper/nordland/bodogruppen/,,missing_osm; missing_repeaterbook
LD8LF,Winlink Packet,Telegrafveien,144.925,144.925,,,Fauske,,JP77PF,67.229167,15.291667,4109.8,,,,,,,,,,,,,67.229167,15.291667,nrrl_locator,,0.0,,,,https://nrrl.no/grupper/nordland/fauskegruppen/,,missing_osm; missing_repeaterbook
LD8LK,DSTAR Repeater,Leknes,433.6375,433.6375,,242908,Vesterålen,,JP68TD,68.145833,13.625000,4041.2,,,,,68.145543,13.628170,68.145500,13.628200,,,,,68.145543,13.628170,radioid,,137.5,,,,https://nrrl.no/grupper/nordland/vesteralsgruppen/,,missing_osm
LD8LR,DMR Repeater,Lødingen,434.625,432.625,,242911,Harstad,,JP78XJ,68.395833,15.958333,4022.4,,,,,68.411870,15.984600,,,,,,,68.411870,15.984600,radioid,,2082.2,,,,https://nrrl.no/grupper/troms/harstadgruppen/,,disagreement; missing_osm; missing_repeaterbook
LD8MB,APRS,Mosjøen/Bjørnålia,144.8,144.8,,,Mosjøen,,JP65PS,65.770833,13.291667,4217.9,,,,,,,,,65.766833,13.316167,,,65.766833,13.316167,aprsfi,,1203.3,,,,https://nrrl.no/grupper/nordland/mosjoengruppen/,http://www.la2w.no/,missing_osm; missing_repeaterbook
LD8MK,DMR Repeater,Mosjøen/Kappfjell,145.65,145.05,,242008,Mosjøen,,JP65RH,65.312500,13.458333,4251.7,,,,,65.314089,13.449027,65.871803,13.193200,,,,,65.314089,13.449027,radioid,,63373.5,,,,https://nrrl.no/grupper/nordland/mosjoengruppen/,http://www.la2w.no/,disagreement; missing_osm; outside_locator:repeaterbook
LD8MM,DSTAR Repeater,Meløy/Ørnes,433.6875,0,123,,Bodø,,JP66UV,66.895833,13.708333,4134.6,,,,,,,66.877800,13.715800,,,,,66.877800,13.715800,repeaterbook,,2031.5,,,,https://nrrl.no/grupper/nordland/bodogruppen/,,disagreement; missing_osm
LD8MR,C4FM/DSTAR/DMR,Mo i Rana/Toraneset,434.85,432.85,,242904,Mo i Rana,,JP76BH,66.312500,14.125000,4177.9,,,,,66.316101,14.147500,66.316200,14.147500,,,,,66.316101,14.147500,radioid,,1086.0,,,,https://nrrl.no/grupper/nordland/mogruppen/,http://la3m.no/,missing_osm
LD8MV,DMR Repeater,Mosjøen/Vardefjell,434.825,432.825,,242902,Mosjøen,,JP65OU,65.854167,13.208333,4211.8,65.878483,13.302711,node/5587511477,override:node/5587511477,65.878700,13.304600,65.871803,13.193200,,,65.878483,13.302711,65.878483,13.302711,local,,0.0,,,,https://nrrl.no/grupper/nordland/mosjoengruppen/,http://www.la2w.no/,"DMR repeater. Position 65.8784833, 13.3027111. DMR ID 242902. OSM mast node/5587511477 (not peak Vardefjell)."
LD8NA,DSTAR Repeater,Narvik/Fjellheisen,434.775,432.775,,,Narvik,,JP88RK,68.437500,17.458333,4019.3,,,,,,,68.422600,17.457300,,,,,68.422600,17.457300,repeaterbook,,1657.4,,,,https://nrrl.no/grupper/nordland/narvikgruppen/,http://la1n.no/,missing_osm
LD8NB,APRS,Narvik/Bjørnfjell,144.8,144.8,,,Narvik,,JP98AK,68.437500,18.041667,4019.3,,,,,,,,,68.432500,18.071333,,,68.432500,18.071333,aprsfi,,1333.9,,,,https://nrrl.no/grupper/nordland/narvikgruppen/,http://la1n.no/,missing_osm; missing_repeaterbook
LD8NK,APRS,Nesna/Kvassnes,144.8,144.8,,,Mo i Rana,,JP66MF,66.229167,13.041667,4184.1,,,,,,,,,66.212667,13.053667,,,66.212667,13.053667,aprsfi,,1912.0,,,,https://nrrl.no/grupper/nordland/mogruppen/,http://la3m.no/,missing_osm; missing_repeaterbook
LD8NN,C4FM/DSTAR/DMR,Nesna/Kvassnes,433.275,433.275,,242905,Mo i Rana,,JP66MF,66.229167,13.041667,4184.1,,,,,66.212502,13.053500,,,,,,,66.212502,13.053500,radioid,,1927.5,,,,https://nrrl.no/grupper/nordland/mogruppen/,http://la3m.no/,missing_osm; missing_repeaterbook
LD8NO,APRS,,144.8,144.8,,,Narvik,,JP88OL,68.479167,17.208333,4016.2,,,,,,,,,68.465833,17.240833,,,68.465833,17.240833,aprsfi,,1989.1,,,,https://nrrl.no/grupper/nordland/narvikgruppen/,http://la1n.no/,missing_osm; missing_repeaterbook
LD8NV,APRS,Narvik,144.8,144.8,,,Narvik,,JP88RL,68.479167,17.458333,4016.2,,,,,,,,,68.450167,17.460000,,,68.450167,17.460000,aprsfi,,3225.4,,,,https://nrrl.no/grupper/nordland/narvikgruppen/,http://la1n.no/,disagreement; missing_osm; missing_repeaterbook; outside_locator:aprsfi
LD8RA,APRS,Andfjell,144.8,144.8,,,Mo i Rana,,JP76OK,66.437500,15.208333,4168.6,,,,,,,,,66.425667,15.217167,,,66.425667,15.217167,aprsfi,,1373.2,,,,https://nrrl.no/grupper/nordland/mogruppen/,http://la3m.no/,missing_osm; missing_repeaterbook
LD8RS,APRS,Raudtind,144.8,144.8,,,Fauske,,JP77RF,67.229167,15.458333,4109.8,,,,,,,,,67.179167,15.979000,,,67.179167,15.979000,aprsfi,,23110.2,,,,https://nrrl.no/grupper/nordland/fauskegruppen/,,disagreement; missing_osm; missing_repeaterbook; outside_locator:aprsfi
LD8SA,DMR Repeater,Høgåsen/Sandnessjøen,434.8,432.8,,242903,Sandnessjøen,,JP66HA,66.020833,12.625000,4199.5,,,,,66.006241,12.618011,66.006302,12.617800,,,,,66.006241,12.618011,radioid,,1653.1,,,,https://nrrl.no/grupper/nordland/sandnessjogruppen/,,missing_osm
LD8SH,APRS,Sulitjelma/Hanken,144.8,144.8,,,Bodø,,JP87BD,67.145833,16.125000,4116.0,,,,,,,,,67.140000,16.136667,,,67.140000,16.136667,aprsfi,,821.4,,,,https://nrrl.no/grupper/nordland/bodogruppen/,,missing_osm; missing_repeaterbook
LD8SH,APRS,"Hanken, Sulitjelma",144.8,144.8,,,Fauske,,,,,,,,,,,,,,67.140000,16.136667,,,67.140000,16.136667,aprsfi,,0.0,,,,https://nrrl.no/grupper/nordland/fauskegruppen/,,missing_osm; missing_repeaterbook
LD8SS,APRS,Høgåsen/Sandnessjøen,144.8,144.8,,,Sandnessjøen,,JP66HA,66.020833,12.625000,4199.5,,,,,,,,,66.006333,12.618000,,,66.006333,12.618000,aprsfi,,1643.1,,,,https://nrrl.no/grupper/nordland/sandnessjogruppen/,,missing_osm; missing_repeaterbook
LD8VR,DMR Repeater,Sortland,434.675,432.675,,242020,Vesterålen,,JP78QQ,68.687500,15.375000,4000.5,,,,,,,,,,,,,68.687500,15.375000,nrrl_locator,,0.0,,,,https://nrrl.no/grupper/nordland/vesteralsgruppen/,,missing_osm; missing_repeaterbook
LD9AB,Winlink Packet,Andsfjellet,144.925,144.925,,,Midt-Troms,,JP99GD,69.145833,18.541667,3965.9,69.127806,18.517556,node/5588496689,override:node/5588496689,,,,,,,69.127806,18.517556,69.127806,18.517556,local,,0.0,,,,https://nrrl.no/grupper/troms/midt-tromsgruppen/,http://www.la6m.no/,Winlink node on Andsfjell. Source: https://www.la6m.no/andsfjell/; missing_repeaterbook
LD9AF,APRS,Andsfjellet,144.8,144.8,,,Midt-Troms,,JP99GD,69.145833,18.541667,3965.9,69.127806,18.517556,node/5588496689,override:node/5588496689,,,,,69.127833,18.518667,69.127806,18.517556,69.127806,18.517556,local,,0.0,,,,https://nrrl.no/grupper/troms/midt-tromsgruppen/,http://www.la6m.no/,APRS digi on Andsfjell. OSM tower https://www.openstreetmap.org/node/5588496689. Source: https://www.la6m.no/andsfjell/; missing_repeaterbook
LD9AT,APRS,Kråknes,144.8,144.8,,,Alta,,KQ10NA,70.020833,23.125000,3899.6,,,,,,,,,70.113167,22.933500,,,70.113167,22.933500,aprsfi,,12574.2,,,,https://nrrl.no/grupper/finnmark/altagruppen/,http://la5a.no/,disagreement; missing_osm; missing_repeaterbook; outside_locator:aprsfi
LD9AV,APRS,Altevann/Slåttmoberget,144.8,144.8,,,Midt-Troms,,JP98OI,68.354167,19.208333,4025.6,,,,,,,,,68.581333,19.362500,68.581333,19.362500,68.581333,19.362500,local,,0.0,,,,https://nrrl.no/grupper/troms/midt-tromsgruppen/,http://www.la6m.no/,Position 68°34.88'N 19°21.75'E.; locator_mismatch; missing_osm; missing_repeaterbook
LD9BA,APRS,Varhaugen/Balsfjord,144.8,144.8,,,Midt-Troms,,JP99QF,69.229167,19.375000,3959.6,,,,,,,,,69.216333,19.379500,,,69.216333,19.379500,aprsfi,,1438.0,,,,https://nrrl.no/grupper/troms/midt-tromsgruppen/,http://www.la6m.no/,missing_osm; missing_repeaterbook
LD9BK,APRS,Bjarkøy/Krøttøykollen,144.8,144.8,,,Harstad,,JP89GB,69.062500,16.541667,3972.2,,,,,,,,,69.054167,16.525000,,,69.054167,16.525000,aprsfi,,1139.0,,,,https://nrrl.no/grupper/troms/harstadgruppen/,,missing_osm; missing_repeaterbook
LD9HB,BPQ32 Link,Maistua,70.3125,70.3125,,,Harstad,,JP88GS,68.770833,16.541667,3994.2,,,,,,,,,,,,,68.770833,16.541667,nrrl_locator,,0.0,,,,https://nrrl.no/grupper/troms/harstadgruppen/,,missing_osm; missing_repeaterbook
LD9HH,APRS,Heggenkollen,144.8,144.8,,,Harstad,,JP88GS,68.770833,16.541667,3994.2,,,,,,,,,68.750333,16.168500,,,68.750333,16.168500,aprsfi,,15203.8,,,,https://nrrl.no/grupper/troms/harstadgruppen/,,disagreement; missing_osm; missing_repeaterbook; outside_locator:aprsfi
LD9HK,APRS,Kvæfjord,144.8,144.8,,,Harstad,,JP88CS,68.770833,16.208333,3994.2,,,,,,,,,68.781000,16.205833,,,68.781000,16.205833,aprsfi,,1135.0,,,,https://nrrl.no/grupper/troms/harstadgruppen/,,missing_osm; missing_repeaterbook
LD9HM,DMR Repeater,Maistua,434.8,432.8,,,Harstad,,JP88GS,68.770833,16.541667,3994.2,,,,,68.761410,16.519510,,,,,,,68.761410,16.519510,radioid,,1376.3,,,,https://nrrl.no/grupper/troms/harstadgruppen/,,missing_osm; missing_repeaterbook
LD9HN,APRS,Hammerfest,144.8,144.8,,,Nordkapp,,KQ10UQ,70.687500,23.708333,3848.8,,,,,,,,,70.691000,23.671500,,,70.691000,23.671500,aprsfi,,1409.2,,,,https://nrrl.no/grupper/finnmark/nordkappgruppen/,,missing_osm; missing_repeaterbook
LD9HO,APRS,Sollifjell,144.8,144.8,,,Harstad,,JP88ET,68.812500,16.375000,3991.1,,,,,,,,,68.806333,16.376833,,,68.806333,16.376833,aprsfi,,689.7,,,,https://nrrl.no/grupper/troms/harstadgruppen/,,missing_osm; missing_repeaterbook
LD9HR,DMR Repeater,Samaåsen,434.675,432.675,,242910,Harstad,,JP88GT,68.812500,16.541667,3991.1,,,,,68.809280,16.524860,,,,,,,68.809280,16.524860,radioid,,764.5,,,,https://nrrl.no/grupper/troms/harstadgruppen/,,missing_osm; missing_repeaterbook
LD9HS,APRS,Hasvik/Sørøya,144.8,144.8,,,Alta,,KQ10BL,70.479167,22.125000,3864.7,,,,,,,,,70.473833,22.159000,,,70.473833,22.159000,aprsfi,,1395.7,,,,https://nrrl.no/grupper/finnmark/altagruppen/,http://la5a.no/,missing_osm; missing_repeaterbook
LD9HT,BPQ32 Link,Nattmålstind/Senja,70.3125,70.3125,,,Harstad,,JP89UH,69.312500,17.708333,3953.3,,,,,,,,,,,,,69.312500,17.708333,nrrl_locator,,0.0,,,,https://nrrl.no/grupper/troms/harstadgruppen/,,missing_osm; missing_repeaterbook
LD9KB,DMR Repeater,Kvæfjord,434.975,432.975,,242913,Harstad,,JP88BS,68.770833,16.125000,3994.2,,,,,,,,,,,,,68.770833,16.125000,nrrl_locator,,0.0,,,,https://nrrl.no/grupper/troms/harstadgruppen/,,missing_osm; missing_repeaterbook
LD9KK,APRS,Kvæfjord/Kveøy,144.8,144.8,,,Harstad,,JP88BS,68.770833,16.125000,3994.2,,,,,,,,,68.750333,16.168500,,,68.750333,16.168500,aprsfi,,2875.2,,,,https://nrrl.no/grupper/troms/harstadgruppen/,,disagreement; missing_osm; missing_repeaterbook; outside_locator:aprsfi
LD9LY,APRS,Årøybukt/Lyngen,144.8,144.8,,,Tromsø,,KP09DP,69.645833,20.291667,3928.1,,,,,,,,,69.644833,20.326833,,,69.644833,20.326833,aprsfi,,1364.7,,,,https://nrrl.no/grupper/troms/tromsogruppen/,https://www.la3t.no/,missing_osm; missing_repeaterbook
LD9MB,BPQ32 Link,Andsfjell,70.3125,70.3125,,,Harstad,,JP99GD,69.145833,18.541667,3965.9,,,,,,,,,,,,,69.145833,18.541667,nrrl_locator,,0.0,,,,https://nrrl.no/grupper/troms/harstadgruppen/,,missing_osm; missing_repeaterbook
LD9MM,DMR Repeater,"Holtet, Bardu",434.6125,432.6125,,242014,Midt-Troms,on-air,JP98FV,68.895833,18.458333,3984.8,68.874608,18.415761,node/5588495799,override:node/5588495799,69.240846,19.234144,,,,,68.874608,18.415761,68.874608,18.415761,local,,0.0,,,,https://nrrl.no/grupper/troms/midt-tromsgruppen/,http://www.la6m.no/,DMR repeater on air. OSM mast https://www.openstreetmap.org/node/5588495799 (Holtet Bardu). TX 434.6125 / RX 432.6125. DMR ID 242014. NRRL still says planlagt/QRT.; missing_repeaterbook
LD9NG,APRS,Gratangen,144.8,144.8,,,Narvik,,JP88VP,68.645833,17.791667,4003.6,,,,,,,,,68.650500,17.762667,,,68.650500,17.762667,aprsfi,,1283.6,,,,https://nrrl.no/grupper/nordland/narvikgruppen/,http://la1n.no/,missing_osm; missing_repeaterbook
LD9NK,APRS,Honningsvågfjell,144.8,144.8,,,Nordkapp,,KQ20WX,70.979167,25.875000,3826.6,,,,,,,,,70.995000,25.895333,,,70.995000,25.895333,aprsfi,,1908.5,,,,https://nrrl.no/grupper/finnmark/nordkappgruppen/,,missing_osm; missing_repeaterbook
LD9SH,APRS,Storeheia/Hadsel,144.8,144.8,,,Vesterålen,,JP78OM,68.520833,15.208333,4013.0,,,,,,,,,68.544333,14.871667,,,68.544333,14.871667,aprsfi,,13947.3,,,,https://nrrl.no/grupper/nordland/vesteralsgruppen/,,disagreement; missing_osm; missing_repeaterbook; outside_locator:aprsfi
LD9SJ,APRS,Nattmålstind/Senja,144.8,144.8,,,Midt-Troms,,JP89UH,69.312500,17.708333,3953.3,,,,,,,,,69.322000,17.724000,,,69.322000,17.724000,aprsfi,,1222.5,,,,https://nrrl.no/grupper/troms/midt-tromsgruppen/,http://www.la6m.no/,missing_osm; missing_repeaterbook
LD9SV,APRS,Skrova,144.8,144.8,,,Harstad,,JP78HE,68.187500,14.625000,4038.1,,,,,,,,,68.168833,14.660333,,,68.168833,14.660333,aprsfi,,2538.0,,,,https://nrrl.no/grupper/troms/harstadgruppen/,,disagreement; missing_osm; missing_repeaterbook
LD9TB,BPQ32 Link,Tromsø,70.3125,70.3125,,,Harstad,,JP99LP,69.645833,18.958333,3928.1,,,,,,,,,,,,,69.645833,18.958333,nrrl_locator,,0.0,,,,https://nrrl.no/grupper/troms/harstadgruppen/,,missing_osm; missing_repeaterbook
LD9TD,APRS,Fjellheisen,144.8,144.8,,,Tromsø,,JP99LP,69.645833,18.958333,3928.1,,,,,,,,,69.620167,18.999000,,,69.620167,18.999000,aprsfi,,3259.2,,,,https://nrrl.no/grupper/troms/tromsogruppen/,https://www.la3t.no/,disagreement; missing_osm; missing_repeaterbook; outside_locator:aprsfi
LD9TF,APRS,Furuflaten,144.8,144.8,,,Tromsø,,KP09BK,69.437500,20.125000,3943.8,,,,,,,,,69.433333,20.153333,,,69.433333,20.153333,aprsfi,,1199.7,,,,https://nrrl.no/grupper/troms/tromsogruppen/,https://www.la3t.no/,missing_osm; missing_repeaterbook
LD9TK,APRS,Kjølen,144.8,144.8,,,Tromsø,,JP99JR,69.729167,18.791667,3921.7,,,,,,,,,69.733500,18.785833,,,69.733500,18.785833,aprsfi,,531.7,,,,https://nrrl.no/grupper/troms/tromsogruppen/,https://www.la3t.no/,missing_osm; missing_repeaterbook
LD9TN,DMR Repeater,Fløyfjellet,434.8,432.8,,242922,Tromsø,0,JP99MP,69.645833,19.041667,3928.1,,,,,69.633400,18.848640,69.649200,18.925800,,,,,69.649200,18.925800,repeaterbook,,7594.6,,,,https://nrrl.no/grupper/troms/tromsogruppen/,https://www.la3t.no/,disagreement; missing_osm; outside_locator:radioid; outside_locator:repeaterbook
LD9TT,APRS,Tønsnes,144.8,144.8,,,Tromsø,,JP99NR,69.729167,19.125000,3921.7,,,,,,,,,69.718333,19.128833,,,69.718333,19.128833,aprsfi,,1213.6,,,,https://nrrl.no/grupper/troms/tromsogruppen/,https://www.la3t.no/,missing_osm; missing_repeaterbook
LD9TU,APRS,Ullsneshaugen/Lyngen,144.8,144.8,,,Tromsø,,JP99VQ,69.687500,19.791667,3924.9,,,,,,,,,69.686333,19.787833,,,69.686333,19.787833,aprsfi,,196.8,,,,https://nrrl.no/grupper/troms/tromsogruppen/,https://www.la3t.no/,missing_osm; missing_repeaterbook
LD9VN,APRS,Vannøy/Kvalkjeften,144.8,144.8,,,Tromsø,,JQ90UE,70.187500,19.708333,3886.9,,,,,,,,,70.188167,19.731333,,,70.188167,19.731333,aprsfi,,870.0,,,,https://nrrl.no/grupper/troms/tromsogruppen/,https://www.la3t.no/,missing_osm; missing_repeaterbook
