<?xml version='1.0' encoding='UTF-8'?>
<osm version="0.6" generator="repeater-crosscheck/1.0.0">
  <node id="-1" visible="true" lat="59.104198" lon="11.375000">
    <tag k="best_source" v="repeaterbook" />
    <tag k="callsign" v="LA1HRR" />
    <tag k="communication:amateur_radio" v="yes" />
    <tag k="communication:amateur_radio:callsign" v="LA1HRR" />
    <tag k="communication:amateur_radio:repeater" v="yes" />
    <tag k="communication:amateur_radio:repeater:ctcss" v="77" />
    <tag k="communication:amateur_radio:repeater:frequency_in" v="433.4 MHz" />
    <tag k="communication:amateur_radio:repeater:frequency_out" v="144.6625 MHz" />
    <tag k="communication:amateur_radio:repeater:modulation" v="11K2F3E" />
    <tag k="group" v="Halden" />
    <tag k="name" v="LA1HRR" />
    <tag k="note" v="best position from repeaterbook; missing_osm" />
    <tag k="nrrl:group_page" v="https://nrrl.no/grupper/ostfold/haldengruppen/" />
    <tag k="qth" v="Halden" />
    <tag k="website" v="https://la9h.no/" />
  </node>
  <node id="-2" visible="true" lat="59.770833" lon="10.375000">
    <tag k="best_source" v="nrrl_locator" />
    <tag k="callsign" v="LA1RRR" />
    <tag k="communication:amateur_radio" v="yes" />
    <tag k="communication:amateur_radio:callsign" v="LA1RRR" />
    <tag k="communication:amateur_radio:repeater" v="yes" />
    <tag k="communication:amateur_radio:repeater:ctcss" v="123" />
    <tag k="communication:amateur_radio:repeater:frequency_out" v="433.9875 MHz" />
    <tag k="communication:amateur_radio:repeater:modulation" v="20K0F2D;11K2F3E" />
    <tag k="group" v="LA1TRF" />
    <tag k="name" v="LA1RRR" />
    <tag k="note" v="best position from nrrl_locator; missing_osm; missing_repeaterbook" />
    <tag k="qth" v="Heggedal" />
  </node>
  <node id="-3" visible="true" lat="59.104167" lon="11.375000">
    <tag k="best_source" v="nrrl_locator" />
    <tag k="callsign" v="LA1TRR" />
    <tag k="communication:amateur_radio" v="yes" />
    <tag k="communication:amateur_radio:callsign" v="LA1TRR" />
    <tag k="communication:amateur_radio:repeater" v="yes" />
    <tag k="communication:amateur_radio:repeater:ctcss" v="67" />
    <tag k="communication:amateur_radio:repeater:frequency_out" v="434.875 MHz" />
    <tag k="communication:amateur_radio:repeater:modulation" v="11K2F3E" />
    <tag k="communication:amateur_radio:repeater:shift" v="-2 MHz" />
    <tag k="group" v="Halden" />
    <tag k="name" v="LA1TRR" />
    <tag k="note" v="best position from nrrl_locator; missing_osm; missing_repeaterbook" />
    <tag k="nrrl:group_page" v="https://nrrl.no/grupper/ostfold/haldengruppen/" />
    <tag k="qth" v="Halden" />
    <tag k="website" v="https://la9h.no/" />
  </node>
  <node id="-4" visible="true" lat="59.770833" lon="10.375000">
    <tag k="best_source" v="nrrl_locator" />
    <tag k="callsign" v="LA1ZRR" />
    <tag k="communication:amateur_radio" v="yes" />
    <tag k="communication:amateur_radio:callsign" v="LA1ZRR" />
    <tag k="communication:amateur_radio:repeater" v="yes" />
    <tag k="communication:amateur_radio:repeater:ctcss" v="123" />
    <tag k="communication:amateur_radio:repeater:frequency_out" v="145.2375 MHz" />
    <tag k="communication:amateur_radio:repeater:modulation" v="20K0F2D;11K2F3E" />
    <tag k="group" v="LA1TRF" />
    <tag k="name" v="LA1ZRR" />
    <tag k="note" v="best position from nrrl_locator; missing_osm; missing_repeaterbook" />
    <tag k="qth" v="Røyken" />
  </node>
  <node id="-5" visible="true" lat="60.229867" lon="10.606618">
    <tag k="best_source" v="osm" />
    <tag k="callsign" v="LA2BRR" />
    <tag k="communication:amateur_radio" v="yes" />
    <tag k="communication:amateur_radio:callsign" v="LA2BRR" />
    <tag k="communication:amateur_radio:repeater" v="yes" />
    <tag k="communication:amateur_radio:repeater:ctcss" v="88.5" />
    <tag k="communication:amateur_radio:repeater:frequency_out" v="145.6375 MHz" />
    <tag k="communication:amateur_radio:repeater:modulation" v="11K2F3E" />
    <tag k="communication:amateur_radio:repeater:shift" v="-0.6 MHz" />
    <tag k="group" v="Ringerike" />
    <tag k="name" v="LA2BRR" />
    <tag k="note" v="best position from osm; missing_repeaterbook" />
    <tag k="nrrl:group_page" v="https://nrrl.no/grupper/akershus/ringeriksgruppen/" />
    <tag k="qth" v="Bislingen" />
  </node>
  <node id="-6" visible="true" lat="59.770833" lon="10.791667">
    <tag k="callsign" v="LA2FRR" />
    <tag k="communication:amateur_radio" v="yes" />
    <tag k="communication:amateur_radio:callsign" v="LA2FRR" />
    <tag k="communication:amateur_radio:repeater" v="yes" />
    <tag k="communication:amateur_radio:repeater:frequency_out" v="1297 MHz" />
    <tag k="communication:amateur_radio:repeater:modulation" v="11K2F3E" />
    <tag k="communication:amateur_radio:repeater:shift" v="-6 MHz" />
    <tag k="group" v="Follo" />
    <tag k="name" v="LA2FRR" />
    <tag k="note" v="NRRL locator JO59JS; disagreement; missing_osm; outside_locator:repeaterbook" />
    <tag k="nrrl:group_page" v="https://nrrl.no/grupper/akershus/follogruppen/" />
    <tag k="qth" v="Oppegård" />
    <tag k="website" v="https://la3f.no/" />
  </node>
  <node id="-7" visible="true" lat="59.913869" lon="10.752245">
    <tag k="callsign" v="LA2FRR" />
    <tag k="communication:amateur_radio" v="yes" />
    <tag k="communication:amateur_radio:callsign" v="LA2FRR" />
    <tag k="communication:amateur_radio:repeater" v="yes" />
    <tag k="communication:amateur_radio:repeater:frequency_out" v="1297 MHz" />
    <tag k="communication:amateur_radio:repeater:modulation" v="11K2F3E" />
    <tag k="communication:amateur_radio:repeater:shift" v="-6 MHz" />
    <tag k="group" v="Follo" />
    <tag k="name" v="LA2FRR" />
    <tag k="note" v="position from repeaterbook; disagreement; missing_osm; outside_locator:repeaterbook" />
    <tag k="nrrl:group_page" v="https://nrrl.no/grupper/akershus/follogruppen/" />
    <tag k="qth" v="Oppegård" />
    <tag k="website" v="https://la3f.no/" />
  </node>
  <way id="-8" visible="true">
    <nd ref="-6" />
    <nd ref="-7" />
    <tag k="callsign" v="LA2FRR" />
    <tag k="max_disagreement_m" v="16056.5" />
    <tag k="note" v="disagreement 16056.5 m; disagreement; missing_osm; outside_locator:repeaterbook" />
    <tag k="name" v="LA2FRR" />
  </way>
  <node id="-9" visible="true" lat="61.897565" lon="9.284453">
    <tag k="best_source" v="local" />
    <tag k="callsign" v="LA2JRR" />
    <tag k="communication:amateur_radio" v="yes" />
    <tag k="communication:amateur_radio:callsign" v="LA2JRR" />
    <tag k="communication:amateur_radio:repeater" v="yes" />
    <tag k="communication:amateur_radio:repeater:ctcss" v="88.5" />
    <tag k="communication:amateur_radio:repeater:frequency_out" v="145.6625 MHz" />
    <tag k="communication:amateur_radio:repeater:modulation" v="11K2F3E" />
    <tag k="communication:amateur_radio:repeater:shift" v="-0.6 MHz" />
    <tag k="fixme" v="operator_override" />
    <tag k="group" v="Gudbrandsdal" />
    <tag k="name" v="LA2JRR" />
    <tag k="note" v="Jetta (LA7GRR, LA2JRR, LD2JB).; operator override position" />
    <tag k="nrrl:group_page" v="https://nrrl.no/grupper/innlandet/gudbrandsdalsgruppen/" />
    <tag k="qth" v="Jetta" />
    <tag k="website" v="https://www.la7g.no/" />
  </node>
  <node id="-10" visible="true" lat="60.942730" lon="10.614060">
    <tag k="best_source" v="local" />
    <tag k="callsign" v="LA2L-10" />
    <tag k="communication:amateur_radio" v="yes" />
    <tag k="communication:amateur_radio:callsign" v="LA2L-10" />
    <tag k="communication:amateur_radio:repeater" v="yes" />
    <tag k="communication:amateur_radio:repeater:frequency_out" v="144.8 MHz" />
    <tag k="communication:amateur_radio:repeater:modulation" v="20K0F2D" />
    <tag k="fixme" v="operator_override" />
    <tag k="group" v="Gjøvik og Toten" />
    <tag k="name" v="LA2L-10" />
    <tag k="note" v="LoRa APRS digipeater heard on aprs.no / aprs.fi (not in NRRL).; operator override position; missing_osm; missing_repeaterbook" />
    <tag k="nrrl:group_page" v="https://nrrl.no/grupper/innlandet/gjovik-og-totengruppa/" />
    <tag k="qth" v="Biri" />
    <tag k="website" v="https://www.la5g.no/" />
  </node>
  <node id="-11" visible="true" lat="59.780815" lon="10.795479">
    <tag k="best_source" v="radioid" />
    <tag k="callsign" v="LA2YRR" />
    <tag k="communication:amateur_radio" v="yes" />
    <tag k="communication:amateur_radio:callsign" v="LA2YRR" />
    <tag k="communication:amateur_radio:repeater" v="yes" />
    <tag k="communication:amateur_radio:repeater:ctcss" v="123.0" />
    <tag k="communication:amateur_radio:repeater:frequency_out" v="434.75 MHz" />
    <tag k="communication:amateur_radio:repeater:modulation" v="7K60FXE" />
    <tag k="communication:amateur_radio:repeater:shift" v="-2 MHz" />
    <tag k="dmr_id" v="242103" />
    <tag k="group" v="Follo" />
    <tag k="name" v="LA2YRR" />
    <tag k="note" v="best position from radioid; missing_osm" />
    <tag k="nrrl:group_page" v="https://nrrl.no/grupper/akershus/follogruppen/" />
    <tag k="qth" v="Stangåsen/Oppegård" />
    <tag k="website" v="https://la3f.no/" />
  </node>
  <node id="-12" visible="true" lat="59.562500" lon="9.958333">
    <tag k="best_source" v="nrrl_locator" />
    <tag k="callsign" v="LA3ARR" />
    <tag k="communication:amateur_radio" v="yes" />
    <tag k="communication:amateur_radio:callsign" v="LA3ARR" />
    <tag k="communication:amateur_radio:repeater" v="yes" />
    <tag k="communication:amateur_radio:repeater:ctcss" v="123" />
    <tag k="communication:amateur_radio:repeater:frequency_out" v="434.7625 MHz" />
    <tag k="communication:amateur_radio:repeater:modulation" v="11K2F3E" />
    <tag k="communication:amateur_radio:repeater:shift" v="-2 MHz" />
    <tag k="group" v="Viken Radioforening" />
    <tag k="name" v="LA3ARR" />
    <tag k="note" v="best position from nrrl_locator; missing_osm; missing_repeaterbook" />
    <tag k="qth" v="Hillestad" />
  </node>
  <node id="-13" visible="true" lat="59.187500" lon="10.291667">
    <tag k="best_source" v="nrrl_locator" />
    <tag k="callsign" v="LA3ERR" />
    <tag k="communication:amateur_radio" v="yes" />
    <tag k="communication:amateur_radio:callsign" v="LA3ERR" />
    <tag k="communication:amateur_radio:repeater" v="yes" />
    <tag k="communication:amateur_radio:repeater:frequency_in" v="434.7625 MHz" />
    <tag k="communication:amateur_radio:repeater:frequency_out" v="144.6875 MHz" />
    <tag k="communication:amateur_radio:repeater:modulation" v="11K2F3E" />
    <tag k="group" v="Viken Radioforening" />
    <tag k="name" v="LA3ERR" />
    <tag k="note" v="best position from nrrl_locator; missing_osm; missing_repeaterbook" />
    <tag k="qth" v="Stokke" />
  </node>
  <node id="-14" visible="true" lat="59.104167" lon="11.375000">
    <tag k="best_source" v="nrrl_locator" />
    <tag k="callsign" v="LA3FRR" />
    <tag k="communication:amateur_radio" v="yes" />
    <tag k="communication:amateur_radio:callsign" v="LA3FRR" />
    <tag k="communication:amateur_radio:repeater" v="yes" />
    <tag k="communication:amateur_radio:repeater:ctcss" v="67" />
    <tag k="communication:amateur_radio:repeater:frequency_out" v="145.775 MHz" />
    <tag k="communication:amateur_radio:repeater:modulation" v="11K2F3E" />
    <tag k="communication:amateur_radio:repeater:shift" v="-0.6 MHz" />
    <tag k="group" v="Halden" />
    <tag k="name" v="LA3FRR" />
    <tag k="note" v="best position from nrrl_locator; missing_osm; missing_repeaterbook" />
    <tag k="nrrl:group_page" v="https://nrrl.no/grupper/ostfold/haldengruppen/" />
    <tag k="qth" v="Halden" />
    <tag k="website" v="https://la9h.no/" />
  </node>
  <node id="-15" visible="true" lat="60.562500" lon="8.208330">
    <tag k="best_source" v="repeaterbook" />
    <tag k="callsign" v="LA3HRR" />
    <tag k="communication:amateur_radio" v="yes" />
    <tag k="communication:amateur_radio:callsign" v="LA3HRR" />
    <tag k="communication:amateur_radio:repeater" v="yes" />
    <tag k="communication:amateur_radio:repeater:ctcss" v="74.4" />
    <tag k="communication:amateur_radio:repeater:frequency_in" v="433.125 MHz" />
    <tag k="communication:amateur_radio:repeater:frequency_out" v="144.6375 MHz" />
    <tag k="communication:amateur_radio:repeater:modulation" v="11K2F3E" />
    <tag k="group" v="Hallingdal" />
    <tag k="name" v="LA3HRR" />
    <tag k="note" v="best position from repeaterbook; missing_osm" />
    <tag k="nrrl:group_page" v="https://nrrl.no/grupper/buskerud/hallingdalsgruppa/" />
    <tag k="qth" v="Geilotoppen" />
  </node>
  <node id="-16" visible="true" lat="59.201761" lon="9.967203">
    <tag k="best_source" v="osm" />
    <tag k="callsign" v="LA3JRR" />
    <tag k="communication:amateur_radio" v="yes" />
    <tag k="communication:amateur_radio:callsign" v="LA3JRR" />
    <tag k="communication:amateur_radio:repeater" v="yes" />
    <tag k="communication:amateur_radio:repeater:ctcss" v="74.4" />
    <tag k="communication:amateur_radio:repeater:frequency_out" v="434.675 MHz" />
    <tag k="communication:amateur_radio:repeater:modulation" v="11K2F3E" />
    <tag k="communication:amateur_radio:repeater:shift" v="-2 MHz" />
    <tag k="group" v="Tønsberg" />
    <tag k="name" v="LA3JRR" />
    <tag k="note" v="best position from osm; missing_repeaterbook" />
    <tag k="nrrl:group_page" v="https://nrrl.no/grupper/vestfold/tonsberggruppen/" />
    <tag k="qth" v="Kvelde/Jordstøyp" />
    <tag k="website" v="http://la1t.no/" />
  </node>
  <node id="-17" visible="true" lat="59.221984" lon="8.977644">
    <tag k="best_source" v="osm" />
    <tag k="callsign" v="LA3KRR" />
    <tag k="communication:amateur_radio" v="yes" />
    <tag k="communication:amateur_radio:callsign" v="LA3KRR" />
    <tag k="communication:amateur_radio:repeater" v="yes" />
    <tag k="communication:amateur_radio:repeater:frequency_out" v="145.5625 MHz" />
    <tag k="communication:amateur_radio:repeater:modulation" v="11K2F3E" />
    <tag k="communication:amateur_radio:repeater:shift" v="-0.6 MHz" />
    <tag k="group" v="Tønsberg" />
    <tag k="name" v="LA3KRR" />
    <tag k="note" v="best position from osm" />
    <tag k="nrrl:group_page" v="https://nrrl.no/grupper/vestfold/tonsberggruppen/" />
    <tag k="qth" v="Bronane/Drangedal" />
    <tag k="website" v="http://la1t.no/" />
  </node>
  <node id="-18" visible="true" lat="59.235970" lon="9.699394">
    <tag k="best_source" v="osm" />
    <tag k="callsign" v="LA3KRR" />
    <tag k="communication:amateur_radio" v="yes" />
    <tag k="communication:amateur_radio:callsign" v="LA3KRR" />
    <tag k="communication:amateur_radio:repeater" v="yes" />
    <tag k="communication:amateur_radio:repeater:frequency_out" v="434.5875 MHz" />
    <tag k="communication:amateur_radio:repeater:modulation" v="11K2F3E" />
    <tag k="communication:amateur_radio:repeater:shift" v="-2 MHz" />
    <tag k="group" v="Tønsberg" />
    <tag k="name" v="LA3KRR" />
    <tag k="note" v="best position from osm" />
    <tag k="nrrl:group_page" v="https://nrrl.no/grupper/vestfold/tonsberggruppen/" />
    <tag k="qth" v="Vealøs/Skien" />
    <tag k="website" v="http://la1t.no/" />
  </node>
  <node id="-19" visible="true" lat="59.565534" lon="9.218064">
    <tag k="best_source" v="osm" />
    <tag k="callsign" v="LA3NRR" />
    <tag k="communication:amateur_radio" v="yes" />
    <tag k="communication:amateur_radio:callsign" v="LA3NRR" />
    <tag k="communication:amateur_radio:repeater" v="yes" />
    <tag k="communication:amateur_radio:repeater:ctcss" v="74.4" />
    <tag k="communication:amateur_radio:repeater:frequency_in" v="433.0875 MHz" />
    <tag k="communication:amateur_radio:repeater:frequency_out" v="145.05 MHz" />
    <tag k="communication:amateur_radio:repeater:modulation" v="11K2F3E" />
    <tag k="group" v="Notodden" />
    <tag k="name" v="LA3NRR" />
    <tag k="note" v="best position from osm; missing_repeaterbook" />
    <tag k="nrrl:group_page" v="https://nrrl.no/grupper/telemark/notoddengruppen/" />
    <tag k="qth" v="Notodden" />
    <tag k="website" v="https://la3n.no/" />
  </node>
  <node id="-20" visible="true" lat="60.229167" lon="10.291667">
    <tag k="best_source" v="nrrl_locator" />
    <tag k="callsign" v="LA3RRR" />
    <tag k="communication:amateur_radio" v="yes" />
    <tag k="communication:amateur_radio:callsign" v="LA3RRR" />
    <tag k="communication:amateur_radio:repeater" v="yes" />
    <tag k="communication:amateur_radio:repeater:ctcss" v="123" />
    <tag k="communication:amateur_radio:repeater:frequency_out" v="145.6875 MHz" />
    <tag k="communication:amateur_radio:repeater:modulation" v="11K2F3E" />
    <tag k="communication:amateur_radio:repeater:shift" v="-0.6 MHz" />
    <tag k="group" v="Ringerike" />
    <tag k="name" v="LA3RRR" />
    <tag k="note" v="best position from nrrl_locator; missing_osm; missing_repeaterbook" />
    <tag k="nrrl:group_page" v="https://nrrl.no/grupper/akershus/ringeriksgruppen/" />
    <tag k="qth" v="Vestre Buttentjern" />
  </node>
  <node id="-21" visible="true" lat="59.235970" lon="9.699394">
    <tag k="best_source" v="osm" />
    <tag k="callsign" v="LA3VRR" />
    <tag k="communication:amateur_radio" v="yes" />
    <tag k="communication:amateur_radio:callsign" v="LA3VRR" />
    <tag k="communication:amateur_radio:repeater" v="yes" />
    <tag k="communication:amateur_radio:repeater:ctcss" v="74.4" />
    <tag k="communication:amateur_radio:repeater:frequency_out" v="434.6125 MHz" />
    <tag k="communication:amateur_radio:repeater:modulation" v="11K2F3E;9K36F7W" />
    <tag k="communication:amateur_radio:repeater:shift" v="-2 MHz" />
    <tag k="group" v="Grenland" />
    <tag k="name" v="LA3VRR" />
    <tag k="note" v="best position from osm" />
    <tag k="nrrl:group_page" v="https://nrrl.no/grupper/telemark/grenlandgruppen/" />
    <tag k="qth" v="Vealøs/Skien" />
  </node>
  <node id="-22" visible="true" lat="59.020833" lon="5.625000">
    <tag k="callsign" v="LA4BRR" />
    <tag k="communication:amateur_radio" v="yes" />
    <tag k="communication:amateur_radio:callsign" v="LA4BRR" />
    <tag k="communication:amateur_radio:repeater" v="yes" />
    <tag k="communication:amateur_radio:repeater:ctcss" v="123" />
    <tag k="communication:amateur_radio:repeater:frequency_out" v="434.9 MHz" />
    <tag k="communication:amateur_radio:repeater:modulation" v="11K2F3E" />
    <tag k="communication:amateur_radio:repeater:shift" v="-2 MHz" />
    <tag k="group" v="Sandnes" />
    <tag k="name" v="LA4BRR" />
    <tag k="note" v="NRRL locator JO29TA; disagreement; missing_osm; outside_locator:repeaterbook" />
    <tag k="nrrl:group_page" v="https://nrrl.no/grupper/rogaland/sandnesgruppen/" />
    <tag k="qth" v="Bru" />
    <tag k="website" v="https://la9s.no/" />
  </node>
  <node id="-23" visible="true" lat="59.243077" lon="5.625000">
    <tag k="callsign" v="LA4BRR" />
    <tag k="communication:amateur_radio" v="yes" />
    <tag k="communication:amateur_radio:callsign" v="LA4BRR" />
    <tag k="communication:amateur_radio:repeater" v="yes" />
    <tag k="communication:amateur_radio:repeater:ctcss" v="123" />
    <tag k="communication:amateur_radio:repeater:frequency_out" v="434.9 MHz" />
    <tag k="communication:amateur_radio:repeater:modulation" v="11K2F3E" />
    <tag k="communication:amateur_radio:repeater:shift" v="-2 MHz" />
    <tag k="group" v="Sandnes" />
    <tag k="name" v="LA4BRR" />
    <tag k="note" v="position from repeaterbook; disagreement; missing_osm; outside_locator:repeaterbook" />
    <tag k="nrrl:group_page" v="https://nrrl.no/grupper/rogaland/sandnesgruppen/" />
    <tag k="qth" v="Bru" />
    <tag k="website" v="https://la9s.no/" />
  </node>
  <way id="-24" visible="true">
    <nd ref="-22" />
    <nd ref="-23" />
    <tag k="callsign" v="LA4BRR" />
    <tag k="max_disagreement_m" v="24712.4" />
    <tag k="note" v="disagreement 24712.4 m; disagreement; missing_osm; outside_locator:repeaterbook" />
    <tag k="name" v="LA4BRR" />
  </way>
  <node id="-25" visible="true" lat="58.104167" lon="7.458333">
    <tag k="best_source" v="nrrl_locator" />
    <tag k="callsign" v="LA4CRR" />
    <tag k="communication:amateur_radio" v="yes" />
    <tag k="communication:amateur_radio:callsign" v="LA4CRR" />
    <tag k="communication:amateur_radio:repeater" v="yes" />
    <tag k="communication:amateur_radio:repeater:ctcss" v="77" />
    <tag k="communication:amateur_radio:repeater:frequency_in" v="434.825 MHz" />
    <tag k="communication:amateur_radio:repeater:frequency_out" v="144.65 MHz" />
    <tag k="communication:amateur_radio:repeater:modulation" v="11K2F3E" />
    <tag k="group" v="Sandnes" />
    <tag k="name" v="LA4CRR" />
    <tag k="note" v="best position from nrrl_locator; missing_osm; missing_repeaterbook" />
    <tag k="nrrl:group_page" v="https://nrrl.no/grupper/rogaland/sandnesgruppen/" />
    <tag k="qth" v="Mandal/Djubedalsheia" />
    <tag k="website" v="https://la9s.no/" />
  </node>
  <node id="-26" visible="true" lat="58.395833" lon="8.541667">
    <tag k="best_source" v="nrrl_locator" />
    <tag k="callsign" v="LA4FRR" />
    <tag k="communication:amateur_radio" v="yes" />
    <tag k="communication:amateur_radio:callsign" v="LA4FRR" />
    <tag k="communication:amateur_radio:repeater" v="yes" />
    <tag k="communication:amateur_radio:repeater:ctcss" v="123" />
    <tag k="communication:amateur_radio:repeater:frequency_out" v="145.725 MHz" />
    <tag k="communication:amateur_radio:repeater:modulation" v="11K2F3E" />
    <tag k="communication:amateur_radio:repeater:shift" v="-0.6 MHz" />
    <tag k="group" v="Arendal" />
    <tag k="name" v="LA4FRR" />
    <tag k="note" v="best position from nrrl_locator; missing_osm; missing_repeaterbook" />
    <tag k="nrrl:group_page" v="https://nrrl.no/grupper/agder/arendalsgruppen/" />
    <tag k="qth" v="Fjæreheia/Grimstad" />
  </node>
  <node id="-27" visible="true" lat="58.312500" lon="7.041667">
    <tag k="callsign" v="LA4KRR" />
    <tag k="communication:amateur_radio" v="yes" />
    <tag k="communication:amateur_radio:callsign" v="LA4KRR" />
    <tag k="communication:amateur_radio:repeater" v="yes" />
    <tag k="communication:amateur_radio:repeater:ctcss" v="123" />
    <tag k="communication:amateur_radio:repeater:frequency_out" v="434.825 MHz" />
    <tag k="communication:amateur_radio:repeater:modulation" v="11K2F3E" />
    <tag k="communication:amateur_radio:repeater:shift" v="-2 MHz" />
    <tag k="group" v="Sandnes" />
    <tag k="name" v="LA4KRR" />
    <tag k="note" v="NRRL locator JO38MH; disagreement; missing_osm; outside_locator:repeaterbook" />
    <tag k="nrrl:group_page" v="https://nrrl.no/grupper/rogaland/sandnesgruppen/" />
    <tag k="qth" v="Kvinesheia" />
    <tag k="website" v="https://la9s.no/" />
  </node>
  <node id="-28" visible="true" lat="58.304798" lon="7.097500">
    <tag k="callsign" v="LA4KRR" />
    <tag k="communication:amateur_radio" v="yes" />
    <tag k="communication:amateur_radio:callsign" v="LA4KRR" />
    <tag k="communication:amateur_radio:repeater" v="yes" />
    <tag k="communication:amateur_radio:repeater:ctcss" v="123" />
    <tag k="communication:amateur_radio:repeater:frequency_out" v="434.825 MHz" />
    <tag k="communication:amateur_radio:repeater:modulation" v="11K2F3E" />
    <tag k="communication:amateur_radio:repeater:shift" v="-2 MHz" />
    <tag k="group" v="Sandnes" />
    <tag k="name" v="LA4KRR" />
    <tag k="note" v="position from repeaterbook; disagreement; missing_osm; outside_locator:repeaterbook" />
    <tag k="nrrl:group_page" v="https://nrrl.no/grupper/rogaland/sandnesgruppen/" />
    <tag k="qth" v="Kvinesheia" />
    <tag k="website" v="https://la9s.no/" />
  </node>
  <way id="-29" visible="true">
    <nd ref="-27" />
    <nd ref="-28" />
    <tag k="callsign" v="LA4KRR" />
    <tag k="max_disagreement_m" v="3372.1" />
    <tag k="note" v="disagreement 3372.1 m; disagreement; missing_osm; outside_locator:repeaterbook" />
    <tag k="name" v="LA4KRR" />
  </way>
  <node id="-30" visible="true" lat="58.923599" lon="5.793000">
    <tag k="best_source" v="repeaterbook" />
    <tag k="callsign" v="LA4LRR" />
    <tag k="communication:amateur_radio" v="yes" />
    <tag k="communication:amateur_radio:callsign" v="LA4LRR" />
    <tag k="communication:amateur_radio:repeater" v="yes" />
    <tag k="communication:amateur_radio:repeater:ctcss" v="123" />
    <tag k="communication:amateur_radio:repeater:frequency_out" v="145.6375 MHz" />
    <tag k="communication:amateur_radio:repeater:modulation" v="11K2F3E" />
    <tag k="communication:amateur_radio:repeater:shift" v="-0.6 MHz" />
    <tag k="group" v="Sandnes" />
    <tag k="name" v="LA4LRR" />
    <tag k="note" v="best position from repeaterbook; missing_osm" />
    <tag k="nrrl:group_page" v="https://nrrl.no/grupper/rogaland/sandnesgruppen/" />
    <tag k="qth" v="Stavanger/Lifjell" />
    <tag k="website" v="https://la9s.no/" />
  </node>
  <node id="-31" visible="true" lat="58.104301" lon="7.458330">
    <tag k="best_source" v="repeaterbook" />
    <tag k="callsign" v="LA4MRR" />
    <tag k="communication:amateur_radio" v="yes" />
    <tag k="communication:amateur_radio:callsign" v="LA4MRR" />
    <tag k="communication:amateur_radio:repeater" v="yes" />
    <tag k="communication:amateur_radio:repeater:frequency_out" v="434.9 MHz" />
    <tag k="communication:amateur_radio:repeater:modulation" v="11K2F3E" />
    <tag k="communication:amateur_radio:repeater:shift" v="-2 MHz" />
    <tag k="communication:amateur_radio:repeater:toneburst" v="1750" />
    <tag k="group" v="Mandal" />
    <tag k="name" v="LA4MRR" />
    <tag k="note" v="best position from repeaterbook; missing_osm" />
    <tag k="nrrl:group_page" v="https://nrrl.no/grupper/agder/Mandalsgruppen/" />
    <tag k="qth" v="Varmestø" />
    <tag k="website" v="https://la4k.no/" />
  </node>
  <node id="-32" visible="true" lat="59.604709" lon="6.429239">
    <tag k="best_source" v="osm" />
    <tag k="callsign" v="LA4RRR" />
    <tag k="communication:amateur_radio" v="yes" />
    <tag k="communication:amateur_radio:callsign" v="LA4RRR" />
    <tag k="communication:amateur_radio:repeater" v="yes" />
    <tag k="communication:amateur_radio:repeater:ctcss" v="74.4" />
    <tag k="communication:amateur_radio:repeater:frequency_out" v="145.0125 MHz" />
    <tag k="communication:amateur_radio:repeater:modulation" v="11K2F3E" />
    <tag k="communication:amateur_radio:repeater:shift" v="0.6 MHz" />
    <tag k="group" v="STF Sauda" />
    <tag k="name" v="LA4RRR" />
    <tag k="note" v="best position from osm; missing_repeaterbook" />
    <tag k="qth" v="Reinsnuten" />
  </node>
  <node id="-33" visible="true" lat="60.729167" lon="9.208333">
    <tag k="callsign" v="LA4URR" />
    <tag k="communication:amateur_radio" v="yes" />
    <tag k="communication:amateur_radio:callsign" v="LA4URR" />
    <tag k="communication:amateur_radio:repeater" v="yes" />
    <tag k="communication:amateur_radio:repeater:frequency_out" v="434.875 MHz" />
    <tag k="communication:amateur_radio:repeater:modulation" v="11K2F3E" />
    <tag k="communication:amateur_radio:repeater:shift" v="-2 MHz" />
    <tag k="communication:amateur_radio:repeater:toneburst" v="1750" />
    <tag k="group" v="Risør" />
    <tag k="name" v="LA4URR" />
    <tag k="note" v="NRRL locator JP40OR; disagreement; missing_osm; outside_locator:repeaterbook" />
    <tag k="qth" v="Aasvik" />
  </node>
  <node id="-34" visible="true" lat="58.726200" lon="9.203000">
    <tag k="callsign" v="LA4URR" />
    <tag k="communication:amateur_radio" v="yes" />
    <tag k="communication:amateur_radio:callsign" v="LA4URR" />
    <tag k="communication:amateur_radio:repeater" v="yes" />
    <tag k="communication:amateur_radio:repeater:frequency_out" v="434.875 MHz" />
    <tag k="communication:amateur_radio:repeater:modulation" v="11K2F3E" />
    <tag k="communication:amateur_radio:repeater:shift" v="-2 MHz" />
    <tag k="communication:amateur_radio:repeater:toneburst" v="1750" />
    <tag k="group" v="Risør" />
    <tag k="name" v="LA4URR" />
    <tag k="note" v="position from repeaterbook; disagreement; missing_osm; outside_locator:repeaterbook" />
    <tag k="qth" v="Aasvik" />
  </node>
  <way id="-35" visible="true">
    <nd ref="-33" />
    <nd ref="-34" />
    <tag k="callsign" v="LA4URR" />
    <tag k="max_disagreement_m" v="222719.9" />
    <tag k="note" v="disagreement 222719.9 m; disagreement; missing_osm; outside_locator:repeaterbook" />
    <tag k="name" v="LA4URR" />
  </way>
  <node id="-36" visible="true" lat="58.604167" lon="6.291667">
    <tag k="callsign" v="LA5CR" />
    <tag k="communication:amateur_radio" v="yes" />
    <tag k="communication:amateur_radio:callsign" v="LA5CR" />
    <tag k="communication:amateur_radio:repeater" v="yes" />
    <tag k="communication:amateur_radio:repeater:ctcss" v="107.2" />
    <tag k="communication:amateur_radio:repeater:frequency_out" v="434.675 MHz" />
    <tag k="communication:amateur_radio:repeater:modulation" v="11K2F3E" />
    <tag k="communication:amateur_radio:repeater:shift" v="-2 MHz" />
    <tag k="group" v="Jæren" />
    <tag k="name" v="LA5CR" />
    <tag k="note" v="NRRL locator JO38DO; disagreement; missing_osm; outside_locator:repeaterbook" />
    <tag k="nrrl:group_page" v="https://nrrl.no/grupper/rogaland/jaergruppen/" />
    <tag k="qth" v="Egersund/Gaupelemfjell" />
    <tag k="website" v="https://www.la1j.no/" />
  </node>
  <node id="-37" visible="true" lat="58.660099" lon="5.741520">
    <tag k="callsign" v="LA5CR" />
    <tag k="communication:amateur_radio" v="yes" />
    <tag k="communication:amateur_radio:callsign" v="LA5CR" />
    <tag k="communication:amateur_radio:repeater" v="yes" />
    <tag k="communication:amateur_radio:repeater:ctcss" v="107.2" />
    <tag k="communication:amateur_radio:repeater:frequency_out" v="434.675 MHz" />
    <tag k="communication:amateur_radio:repeater:modulation" v="11K2F3E" />
    <tag k="communication:amateur_radio:repeater:shift" v="-2 MHz" />
    <tag k="group" v="Jæren" />
    <tag k="name" v="LA5CR" />
    <tag k="note" v="position from repeaterbook; disagreement; missing_osm; outside_locator:repeaterbook" />
    <tag k="nrrl:group_page" v="https://nrrl.no/grupper/rogaland/jaergruppen/" />
    <tag k="qth" v="Egersund/Gaupelemfjell" />
    <tag k="website" v="https://www.la1j.no/" />
  </node>
  <way id="-38" visible="true">
    <nd ref="-36" />
    <nd ref="-37" />
    <tag k="callsign" v="LA5CR" />
    <tag k="max_disagreement_m" v="32444.3" />
    <tag k="note" v="disagreement 32444.3 m; disagreement; missing_osm; outside_locator:repeaterbook" />
    <tag k="name" v="LA5CR" />
  </way>
  <node id="-39" visible="true" lat="59.729167" lon="10.208333">
    <tag k="callsign" v="LA5DR" />
    <tag k="communication:amateur_radio" v="yes" />
    <tag k="communication:amateur_radio:callsign" v="LA5DR" />
    <tag k="communication:amateur_radio:repeater" v="yes" />
    <tag k="communication:amateur_radio:repeater:ctcss" v="74.4" />
    <tag k="communication:amateur_radio:repeater:frequency_out" v="145.725 MHz" />
    <tag k="communication:amateur_radio:repeater:modulation" v="11K2F3E" />
    <tag k="communication:amateur_radio:repeater:shift" v="-0.6 MHz" />
    <tag k="group" v="Drammen" />
    <tag k="name" v="LA5DR" />
    <tag k="note" v="NRRL locator JO59CR; disagreement; outside_locator:repeaterbook" />
    <tag k="nrrl:group_page" v="https://nrrl.no/grupper/buskerud/drammengruppen/" />
    <tag k="qth" v="Nordbykollen" />
  </node>
  <node id="-40" visible="true" lat="59.719131" lon="10.245672">
    <tag k="callsign" v="LA5DR" />
    <tag k="communication:amateur_radio" v="yes" />
    <tag k="communication:amateur_radio:callsign" v="LA5DR" />
    <tag k="communication:amateur_radio:repeater" v="yes" />
    <tag k="communication:amateur_radio:repeater:ctcss" v="74.4" />
    <tag k="communication:amateur_radio:repeater:frequency_out" v="145.725 MHz" />
    <tag k="communication:amateur_radio:repeater:modulation" v="11K2F3E" />
    <tag k="communication:amateur_radio:repeater:shift" v="-0.6 MHz" />
    <tag k="group" v="Drammen" />
    <tag k="name" v="LA5DR" />
    <tag k="note" v="position from osm; disagreement; outside_locator:repeaterbook" />
    <tag k="nrrl:group_page" v="https://nrrl.no/grupper/buskerud/drammengruppen/" />
    <tag k="qth" v="Nordbykollen" />
  </node>
  <node id="-41" visible="true" lat="59.729198" lon="10.125000">
    <tag k="callsign" v="LA5DR" />
    <tag k="communication:amateur_radio" v="yes" />
    <tag k="communication:amateur_radio:callsign" v="LA5DR" />
    <tag k="communication:amateur_radio:repeater" v="yes" />
    <tag k="communication:amateur_radio:repeater:ctcss" v="74.4" />
    <tag k="communication:amateur_radio:repeater:frequency_out" v="145.725 MHz" />
    <tag k="communication:amateur_radio:repeater:modulation" v="11K2F3E" />
    <tag k="communication:amateur_radio:repeater:shift" v="-0.6 MHz" />
    <tag k="group" v="Drammen" />
    <tag k="name" v="LA5DR" />
    <tag k="note" v="position from repeaterbook; disagreement; outside_locator:repeaterbook" />
    <tag k="nrrl:group_page" v="https://nrrl.no/grupper/buskerud/drammengruppen/" />
    <tag k="qth" v="Nordbykollen" />
  </node>
  <way id="-42" visible="true">
    <nd ref="-39" />
    <nd ref="-40" />
    <nd ref="-41" />
    <nd ref="-39" />
    <tag k="callsign" v="LA5DR" />
    <tag k="max_disagreement_m" v="6856.9" />
    <tag k="note" v="disagreement 6856.9 m; disagreement; outside_locator:repeaterbook" />
    <tag k="name" v="LA5DR" />
  </way>
  <node id="-43" visible="true" lat="59.770802" lon="11.041700">
    <tag k="best_source" v="repeaterbook" />
    <tag k="callsign" v="LA5FR" />
    <tag k="communication:amateur_radio" v="yes" />
    <tag k="communication:amateur_radio:callsign" v="LA5FR" />
    <tag k="communication:amateur_radio:repeater" v="yes" />
    <tag k="communication:amateur_radio:repeater:ctcss" v="123" />
    <tag k="communication:amateur_radio:repeater:frequency_out" v="145.7875 MHz" />
    <tag k="communication:amateur_radio:repeater:modulation" v="11K2F3E;9K36F7W" />
    <tag k="communication:amateur_radio:repeater:shift" v="-0.6 MHz" />
    <tag k="group" v="Follo" />
    <tag k="name" v="LA5FR" />
    <tag k="note" v="best position from repeaterbook; missing_osm" />
    <tag k="nrrl:group_page" v="https://nrrl.no/grupper/akershus/follogruppen/" />
    <tag k="qth" v="Svartåsen/Enebakk" />
    <tag k="website" v="https://la3f.no/" />
  </node>
  <node id="-44" visible="true" lat="59.236000" lon="9.699390">
    <tag k="best_source" v="local" />
    <tag k="callsign" v="LA5GR" />
    <tag k="communication:amateur_radio" v="yes" />
    <tag k="communication:amateur_radio:callsign" v="LA5GR" />
    <tag k="communication:amateur_radio:repeater" v="yes" />
    <tag k="communication:amateur_radio:repeater:ctcss" v="74.4" />
    <tag k="communication:amateur_radio:repeater:frequency_out" v="145.65 MHz" />
    <tag k="communication:amateur_radio:repeater:modulation" v="11K2F3E" />
    <tag k="communication:amateur_radio:repeater:shift" v="-0.6 MHz" />
    <tag k="fixme" v="operator_override" />
    <tag k="group" v="Grenland" />
    <tag k="name" v="LA5GR" />
    <tag k="network" v="Fylkesnettet" />
    <tag k="note" v="Fylkesnettet member. Co-located at Vealøs with LA3DRR (operator position).; operator override position" />
    <tag k="nrrl:group_page" v="https://nrrl.no/grupper/telemark/grenlandgruppen/" />
    <tag k="osm_relation" v="relation/18788322" />
    <tag k="qth" v="Vealøs/Skien" />
  </node>
  <node id="-45" visible="true" lat="59.401130" lon="10.381560">
    <tag k="best_source" v="osm" />
    <tag k="callsign" v="LA5HR" />
    <tag k="communication:amateur_radio" v="yes" />
    <tag k="communication:amateur_radio:callsign" v="LA5HR" />
    <tag k="communication:amateur_radio:repeater" v="yes" />
    <tag k="communication:amateur_radio:repeater:ctcss" v="74.4" />
    <tag k="communication:amateur_radio:repeater:frequency_out" v="145.625 MHz" />
    <tag k="communication:amateur_radio:repeater:modulation" v="11K2F3E" />
    <tag k="communication:amateur_radio:repeater:shift" v="-0.6 MHz" />
    <tag k="group" v="Horten" />
    <tag k="name" v="LA5HR" />
    <tag k="note" v="best position from osm" />
    <tag k="nrrl:group_page" v="https://nrrl.no/grupper/vestfold/hortengruppen/" />
    <tag k="qth" v="Skottås/Horten" />
    <tag k="website" v="https://www.la2z.no/" />
  </node>
  <node id="-46" visible="true" lat="61.436798" lon="5.856800">
    <tag k="best_source" v="repeaterbook" />
    <tag k="callsign" v="LA5IR" />
    <tag k="communication:amateur_radio" v="yes" />
    <tag k="communication:amateur_radio:callsign" v="LA5IR" />
    <tag k="communication:amateur_radio:repeater" v="yes" />
    <tag k="communication:amateur_radio:repeater:ctcss" v="82.5" />
    <tag k="communication:amateur_radio:repeater:frequency_out" v="145.7 MHz" />
    <tag k="communication:amateur_radio:repeater:modulation" v="11K2F3E;9K36F7W" />
    <tag k="communication:amateur_radio:repeater:shift" v="-0.6 MHz" />
    <tag k="group" v="Firda" />
    <tag k="name" v="LA5IR" />
    <tag k="note" v="best position from repeaterbook; missing_osm" />
    <tag k="nrrl:group_page" v="https://nrrl.no/grupper/vestland/firdagruppen/" />
    <tag k="qth" v="Førde/Hafstadfjell" />
    <tag k="website" v="http://la6f.blogspot.com/" />
  </node>
  <node id="-47" visible="true" lat="59.687500" lon="9.541667">
    <tag k="callsign" v="LA5JR" />
    <tag k="communication:amateur_radio" v="yes" />
    <tag k="communication:amateur_radio:callsign" v="LA5JR" />
    <tag k="communication:amateur_radio:repeater" v="yes" />
    <tag k="communication:amateur_radio:repeater:ctcss" v="123" />
    <tag k="communication:amateur_radio:repeater:frequency_out" v="434.625 MHz" />
    <tag k="communication:amateur_radio:repeater:modulation" v="11K2F3E" />
    <tag k="communication:amateur_radio:repeater:shift" v="-2 MHz" />
    <tag k="dmr_id" v="242625" />
    <tag k="group" v="Kongsberg" />
    <tag k="name" v="LA5JR" />
    <tag k="note" v="NRRL locator JO49SQ; disagreement; missing_osm" />
    <tag k="nrrl:group_page" v="https://nrrl.no/grupper/buskerud/kongsberggruppen/" />
    <tag k="qth" v="Haus Sachsen" />
    <tag k="website" v="https://www.la8z.com" />
  </node>
  <node id="-48" visible="true" lat="59.670914" lon="9.574759">
    <tag k="callsign" v="LA5JR" />
    <tag k="communication:amateur_radio" v="yes" />
    <tag k="communication:amateur_radio:callsign" v="LA5JR" />
    <tag k="communication:amateur_radio:repeater" v="yes" />
    <tag k="communication:amateur_radio:repeater:ctcss" v="123" />
    <tag k="communication:amateur_radio:repeater:frequency_out" v="434.625 MHz" />
    <tag k="communication:amateur_radio:repeater:modulation" v="11K2F3E" />
    <tag k="communication:amateur_radio:repeater:shift" v="-2 MHz" />
    <tag k="dmr_id" v="242625" />
    <tag k="group" v="Kongsberg" />
    <tag k="name" v="LA5JR" />
    <tag k="note" v="position from radioid; disagreement; missing_osm" />
    <tag k="nrrl:group_page" v="https://nrrl.no/grupper/buskerud/kongsberggruppen/" />
    <tag k="qth" v="Haus Sachsen" />
    <tag k="website" v="https://www.la8z.com" />
  </node>
  <way id="-49" visible="true">
    <nd ref="-47" />
    <nd ref="-48" />
    <tag k="callsign" v="LA5JR" />
    <tag k="max_disagreement_m" v="2619.9" />
    <tag k="note" v="disagreement 2619.9 m; disagreement; missing_osm" />
    <tag k="name" v="LA5JR" />
  </way>
  <node id="-50" visible="true" lat="61.661314" lon="8.335389">
    <tag k="best_source" v="local" />
    <tag k="callsign" v="LA5JRR" />
    <tag k="communication:amateur_radio" v="yes" />
    <tag k="communication:amateur_radio:callsign" v="LA5JRR" />
    <tag k="communication:amateur_radio:repeater" v="yes" />
    <tag k="communication:amateur_radio:repeater:ctcss" v="88.5" />
    <tag k="communication:amateur_radio:repeater:frequency_out" v="145.7875 MHz" />
    <tag k="communication:amateur_radio:repeater:modulation" v="11K2F3E" />
    <tag k="communication:amateur_radio:repeater:shift" v="-0.6 MHz" />
    <tag k="fixme" v="operator_override" />
    <tag k="group" v="Gjøvik og Toten" />
    <tag k="name" v="LA5JRR" />
    <tag k="note" v="Operator position from JOSM review (was NRRL locator centre).; operator override position; missing_osm; missing_repeaterbook" />
    <tag k="nrrl:group_page" v="https://nrrl.no/grupper/innlandet/gjovik-og-totengruppa/" />
    <tag k="qth" v="Juvbreen" />
    <tag k="website" v="https://www.la5g.no/" />
  </node>
  <node id="-51" visible="true" lat="60.167611" lon="11.994392">
    <tag k="best_source" v="local" />
    <tag k="callsign" v="LA5KR" />
    <tag k="communication:amateur_radio" v="yes" />
    <tag k="communication:amateur_radio:callsign" v="LA5KR" />
    <tag k="communication:amateur_radio:repeater" v="yes" />
    <tag k="communication:amateur_radio:repeater:ctcss" v="71.9" />
    <tag k="communication:amateur_radio:repeater:frequency_out" v="145.65 MHz" />
    <tag k="communication:amateur_radio:repeater:modulation" v="11K2F3E" />
    <tag k="communication:amateur_radio:repeater:shift" v="-0.6 MHz" />
    <tag k="dmr_id" v="242610" />
    <tag k="fixme" v="operator_override" />
    <tag k="group" v="Kongsvinger" />
    <tag k="name" v="LA5KR" />
    <tag k="note" v="Holtberget; operator override position" />
    <tag k="nrrl:group_page" v="https://nrrl.no/grupper/innlandet/kongsvingergruppen/" />
    <tag k="qth" v="Holtberget" />
    <tag k="website" v="https://www.la7v.org/" />
  </node>
  <node id="-52" visible="true" lat="68.479202" lon="17.208300">
    <tag k="best_source" v="repeaterbook" />
    <tag k="callsign" v="LA5NR" />
    <tag k="communication:amateur_radio" v="yes" />
    <tag k="communication:amateur_radio:callsign" v="LA5NR" />
    <tag k="communication:amateur_radio:repeater" v="yes" />
    <tag k="communication:amateur_radio:repeater:frequency_out" v="145.775 MHz" />
    <tag k="communication:amateur_radio:repeater:modulation" v="11K2F3E" />
    <tag k="communication:amateur_radio:repeater:shift" v="-0.6 MHz" />
    <tag k="communication:amateur_radio:repeater:toneburst" v="1750" />
    <tag k="group" v="Narvik" />
    <tag k="name" v="LA5NR" />
    <tag k="note" v="best position from repeaterbook; missing_osm" />
    <tag k="nrrl:group_page" v="https://nrrl.no/grupper/nordland/narvikgruppen/" />
    <tag k="qth" v="Ofoten/Veggen" />
    <tag k="website" v="http://la1n.no/" />
  </node>
  <node id="-53" visible="true" lat="59.979167" lon="10.708333">
    <tag k="callsign" v="LA5OR" />
    <tag k="communication:amateur_radio" v="yes" />
    <tag k="communication:amateur_radio:callsign" v="LA5OR" />
    <tag k="communication:amateur_radio:repeater" v="yes" />
    <tag k="communication:amateur_radio:repeater:ctcss" v="123" />
    <tag k="communication:amateur_radio:repeater:frequency_out" v="145.6 MHz" />
    <tag k="communication:amateur_radio:repeater:modulation" v="11K2F3E" />
    <tag k="communication:amateur_radio:repeater:shift" v="-0.6 MHz" />
    <tag k="group" v="Oslo" />
    <tag k="name" v="LA5OR" />
    <tag k="note" v="NRRL locator JO59IX; disagreement" />
    <tag k="nrrl:group_page" v="https://nrrl.no/grupper/oslo/oslogruppen/" />
    <tag k="qth" v="Tryvasshøgda" />
    <tag k="website" v="https://la4o.no/" />
  </node>
  <node id="-54" visible="true" lat="61.229167" lon="6.041667">
    <tag k="best_source" v="nrrl_locator" />
    <tag k="callsign" v="LA5PR" />
    <tag k="communication:amateur_radio" v="yes" />
    <tag k="communication:amateur_radio:callsign" v="LA5PR" />
    <tag k="communication:amateur_radio:repeater" v="yes" />
    <tag k="communication:amateur_radio:repeater:frequency_out" v="145.6 MHz" />
    <tag k="communication:amateur_radio:repeater:modulation" v="11K2F3E" />
    <tag k="communication:amateur_radio:repeater:shift" v="-0.6 MHz" />
    <tag k="group" v="Firda" />
    <tag k="name" v="LA5PR" />
    <tag k="note" v="best position from nrrl_locator; missing_osm; missing_repeaterbook" />
    <tag k="nrrl:group_page" v="https://nrrl.no/grupper/vestland/firdagruppen/" />
    <tag k="qth" v="Høyanger" />
    <tag k="website" v="http://la6f.blogspot.com/" />
  </node>
  <node id="-55" visible="true" lat="62.687500" lon="8.541667">
    <tag k="callsign" v="LA5QR" />
    <tag k="communication:amateur_radio" v="yes" />
    <tag k="communication:amateur_radio:callsign" v="LA5QR" />
    <tag k="communication:amateur_radio:repeater" v="yes" />
    <tag k="communication:amateur_radio:repeater:ctcss" v="123" />
    <tag k="communication:amateur_radio:repeater:frequency_out" v="145.625 MHz" />
    <tag k="communication:amateur_radio:repeater:modulation" v="11K2F3E;9K36F7W" />
    <tag k="communication:amateur_radio:repeater:shift" v="-0.6 MHz" />
    <tag k="group" v="Molde" />
    <tag k="name" v="LA5QR" />
    <tag k="note" v="NRRL locator JP42GQ; disagreement; missing_osm; outside_locator:repeaterbook" />
    <tag k="nrrl:group_page" v="https://nrrl.no/grupper/more-og-romsdal/moldegruppen/" />
    <tag k="qth" v="Sunndalsøra" />
    <tag k="website" v="https://qsl.net/la9m/" />
  </node>
  <node id="-56" visible="true" lat="62.671398" lon="8.590500">
    <tag k="callsign" v="LA5QR" />
    <tag k="communication:amateur_radio" v="yes" />
    <tag k="communication:amateur_radio:callsign" v="LA5QR" />
    <tag k="communication:amateur_radio:repeater" v="yes" />
    <tag k="communication:amateur_radio:repeater:ctcss" v="123" />
    <tag k="communication:amateur_radio:repeater:frequency_out" v="145.625 MHz" />
    <tag k="communication:amateur_radio:repeater:modulation" v="11K2F3E;9K36F7W" />
    <tag k="communication:amateur_radio:repeater:shift" v="-0.6 MHz" />
    <tag k="group" v="Molde" />
    <tag k="name" v="LA5QR" />
    <tag k="note" v="position from repeaterbook; disagreement; missing_osm; outside_locator:repeaterbook" />
    <tag k="nrrl:group_page" v="https://nrrl.no/grupper/more-og-romsdal/moldegruppen/" />
    <tag k="qth" v="Sunndalsøra" />
    <tag k="website" v="https://qsl.net/la9m/" />
  </node>
  <way id="-57" visible="true">
    <nd ref="-55" />
    <nd ref="-56" />
    <tag k="callsign" v="LA5QR" />
    <tag k="max_disagreement_m" v="3068.7" />
    <tag k="note" v="disagreement 3068.7 m; disagreement; missing_osm; outside_locator:repeaterbook" />
    <tag k="name" v="LA5QR" />
  </way>
  <node id="-58" visible="true" lat="59.823283" lon="10.650175">
    <tag k="best_source" v="osm" />
    <tag k="callsign" v="LA5RR" />
    <tag k="communication:amateur_radio" v="yes" />
    <tag k="communication:amateur_radio:callsign" v="LA5RR" />
    <tag k="communication:amateur_radio:repeater" v="yes" />
    <tag k="communication:amateur_radio:repeater:ctcss" v="123" />
    <tag k="communication:amateur_radio:repeater:frequency_out" v="145.675 MHz" />
    <tag k="communication:amateur_radio:repeater:modulation" v="11K2F3E" />
    <tag k="communication:amateur_radio:repeater:shift" v="-0.6 MHz" />
    <tag k="group" v="Asker og Bærum" />
    <tag k="name" v="LA5RR" />
    <tag k="note" v="best position from osm" />
    <tag k="nrrl:group_page" v="https://nrrl.no/grupper/akershus/asker-og-baerumgruppen/" />
    <tag k="qth" v="Toåsen" />
    <tag k="website" v="http://www.la2ab.net/" />
  </node>
  <node id="-59" visible="true" lat="59.854198" lon="6.791670">
    <tag k="best_source" v="repeaterbook" />
    <tag k="callsign" v="LA5RRR" />
    <tag k="communication:amateur_radio" v="yes" />
    <tag k="communication:amateur_radio:callsign" v="LA5RRR" />
    <tag k="communication:amateur_radio:repeater" v="yes" />
    <tag k="communication:amateur_radio:repeater:ctcss" v="91.5" />
    <tag k="communication:amateur_radio:repeater:frequency_out" v="434.6 MHz" />
    <tag k="communication:amateur_radio:repeater:modulation" v="11K2F3E;7K60FXE" />
    <tag k="communication:amateur_radio:repeater:shift" v="-2 MHz" />
    <tag k="group" v="STF Sauda" />
    <tag k="name" v="LA5RRR" />
    <tag k="note" v="best position from repeaterbook; missing_osm; missing_radioid" />
    <tag k="qth" v="Røldal" />
  </node>
  <node id="-60" visible="true" lat="59.145802" lon="10.208300">
    <tag k="best_source" v="repeaterbook" />
    <tag k="callsign" v="LA5SR" />
    <tag k="communication:amateur_radio" v="yes" />
    <tag k="communication:amateur_radio:callsign" v="LA5SR" />
    <tag k="communication:amateur_radio:repeater" v="yes" />
    <tag k="communication:amateur_radio:repeater:ctcss" v="74.4" />
    <tag k="communication:amateur_radio:repeater:frequency_out" v="145.75 MHz" />
    <tag k="communication:amateur_radio:repeater:modulation" v="11K2F3E" />
    <tag k="communication:amateur_radio:repeater:shift" v="-0.6 MHz" />
    <tag k="group" v="Sandefjord" />
    <tag k="name" v="LA5SR" />
    <tag k="note" v="best position from repeaterbook; missing_osm" />
    <tag k="nrrl:group_page" v="https://nrrl.no/grupper/vestfold/sandefjordgruppen/" />
    <tag k="qth" v="Mokollen" />
  </node>
  <node id="-61" visible="true" lat="63.526921" lon="10.887306">
    <tag k="best_source" v="osm" />
    <tag k="callsign" v="LA5TR" />
    <tag k="communication:amateur_radio" v="yes" />
    <tag k="communication:amateur_radio:callsign" v="LA5TR" />
    <tag k="communication:amateur_radio:repeater" v="yes" />
    <tag k="communication:amateur_radio:repeater:frequency_out" v="145.675 MHz" />
    <tag k="communication:amateur_radio:repeater:modulation" v="11K2F3E" />
    <tag k="communication:amateur_radio:repeater:shift" v="-0.6 MHz" />
    <tag k="communication:amateur_radio:repeater:toneburst" v="1750" />
    <tag k="group" v="Stjørdal" />
    <tag k="name" v="LA5TR" />
    <tag k="note" v="best position from osm" />
    <tag k="nrrl:group_page" v="https://nrrl.no/grupper/trondelag/stjordalsgruppa/" />
    <tag k="qth" v="Forbordfjell" />
  </node>
  <node id="-62" visible="true" lat="61.319375" lon="12.190147">
    <tag k="best_source" v="local" />
    <tag k="callsign" v="LA5TRR" />
    <tag k="communication:amateur_radio" v="yes" />
    <tag k="communication:amateur_radio:callsign" v="LA5TRR" />
    <tag k="communication:amateur_radio:repeater" v="yes" />
    <tag k="communication:amateur_radio:repeater:ctcss" v="88.5" />
    <tag k="communication:amateur_radio:repeater:frequency_out" v="145.725 MHz" />
    <tag k="communication:amateur_radio:repeater:modulation" v="11K2F3E" />
    <tag k="communication:amateur_radio:repeater:shift" v="-0.6 MHz" />
    <tag k="fixme" v="operator_override" />
    <tag k="group" v="Gjøvik og Toten" />
    <tag k="name" v="LA5TRR" />
    <tag k="network" v="LA5MR" />
    <tag k="note" v="Trysilfjellet. Detached from mast node/5576656903 onto a separate node (name=LA5TRR).; operator override position; missing_repeaterbook" />
    <tag k="nrrl:group_page" v="https://nrrl.no/grupper/innlandet/gjovik-og-totengruppa/" />
    <tag k="osm_relation" v="relation/18780801" />
    <tag k="qth" v="Trysilfjellet" />
    <tag k="website" v="https://www.la5g.no/" />
  </node>
  <node id="-63" visible="true" lat="59.854167" lon="5.458333">
    <tag k="callsign" v="LA5VR" />
    <tag k="communication:amateur_radio" v="yes" />
    <tag k="communication:amateur_radio:callsign" v="LA5VR" />
    <tag k="communication:amateur_radio:repeater" v="yes" />
    <tag k="communication:amateur_radio:repeater:ctcss" v="123" />
    <tag k="communication:amateur_radio:repeater:frequency_out" v="145.625 MHz" />
    <tag k="communication:amateur_radio:repeater:modulation" v="11K2F3E" />
    <tag k="communication:amateur_radio:repeater:shift" v="-0.6 MHz" />
    <tag k="group" v="Haugaland/Sunnhordland" />
    <tag k="name" v="LA5VR" />
    <tag k="note" v="NRRL locator JO29RU; disagreement; outside_locator:repeaterbook" />
    <tag k="nrrl:group_page" v="https://nrrl.no/grupper/rogaland/haugalandgruppen/" />
    <tag k="qth" v="Kattnakken" />
  </node>
  <node id="-64" visible="true" lat="59.873987" lon="5.494066">
    <tag k="callsign" v="LA5VR" />
    <tag k="communication:amateur_radio" v="yes" />
    <tag k="communication:amateur_radio:callsign" v="LA5VR" />
    <tag k="communication:amateur_radio:repeater" v="yes" />
    <tag k="communication:amateur_radio:repeater:ctcss" v="123" />
    <tag k="communication:amateur_radio:repeater:frequency_out" v="145.625 MHz" />
    <tag k="communication:amateur_radio:repeater:modulation" v="11K2F3E" />
    <tag k="communication:amateur_radio:repeater:shift" v="-0.6 MHz" />
    <tag k="group" v="Haugaland/Sunnhordland" />
    <tag k="name" v="LA5VR" />
    <tag k="note" v="position from osm; disagreement; outside_locator:repeaterbook" />
    <tag k="nrrl:group_page" v="https://nrrl.no/grupper/rogaland/haugalandgruppen/" />
    <tag k="qth" v="Kattnakken" />
  </node>
  <node id="-65" visible="true" lat="59.879299" lon="5.493300">
    <tag k="callsign" v="LA5VR" />
    <tag k="communication:amateur_radio" v="yes" />
    <tag k="communication:amateur_radio:callsign" v="LA5VR" />
    <tag k="communication:amateur_radio:repeater" v="yes" />
    <tag k="communication:amateur_radio:repeater:ctcss" v="123" />
    <tag k="communication:amateur_radio:repeater:frequency_out" v="145.625 MHz" />
    <tag k="communication:amateur_radio:repeater:modulation" v="11K2F3E" />
    <tag k="communication:amateur_radio:repeater:shift" v="-0.6 MHz" />
    <tag k="group" v="Haugaland/Sunnhordland" />
    <tag k="name" v="LA5VR" />
    <tag k="note" v="position from repeaterbook; disagreement; outside_locator:repeaterbook" />
    <tag k="nrrl:group_page" v="https://nrrl.no/grupper/rogaland/haugalandgruppen/" />
    <tag k="qth" v="Kattnakken" />
  </node>
  <way id="-66" visible="true">
    <nd ref="-63" />
    <nd ref="-64" />
    <nd ref="-65" />
    <nd ref="-63" />
    <tag k="callsign" v="LA5VR" />
    <tag k="max_disagreement_m" v="3408.8" />
    <tag k="note" v="disagreement 3408.8 m; disagreement; outside_locator:repeaterbook" />
    <tag k="name" v="LA5VR" />
  </way>
  <node id="-67" visible="true" lat="59.854167" lon="7.125000">
    <tag k="best_source" v="nrrl_locator" />
    <tag k="callsign" v="LA5VRR" />
    <tag k="communication:amateur_radio" v="yes" />
    <tag k="communication:amateur_radio:callsign" v="LA5VRR" />
    <tag k="communication:amateur_radio:repeater" v="yes" />
    <tag k="communication:amateur_radio:repeater:frequency_out" v="432.8 MHz" />
    <tag k="communication:amateur_radio:repeater:modulation" v="11K2F3E" />
    <tag k="communication:amateur_radio:repeater:shift" v="2 MHz" />
    <tag k="group" v="STF Sauda" />
    <tag k="name" v="LA5VRR" />
    <tag k="note" v="best position from nrrl_locator; missing_osm; missing_repeaterbook" />
    <tag k="qth" v="Verjesteinsnuten" />
  </node>
  <node id="-68" visible="true" lat="59.854167" lon="7.125000">
    <tag k="best_source" v="nrrl_locator" />
    <tag k="callsign" v="LA5WRR" />
    <tag k="communication:amateur_radio" v="yes" />
    <tag k="communication:amateur_radio:callsign" v="LA5WRR" />
    <tag k="communication:amateur_radio:repeater" v="yes" />
    <tag k="communication:amateur_radio:repeater:frequency_out" v="145.575 MHz" />
    <tag k="communication:amateur_radio:repeater:modulation" v="11K2F3E;7K60FXE" />
    <tag k="communication:amateur_radio:repeater:shift" v="-0.6 MHz" />
    <tag k="dmr_id" v="242220" />
    <tag k="group" v="STF Sauda" />
    <tag k="name" v="LA5WRR" />
    <tag k="note" v="best position from nrrl_locator; missing_osm; missing_repeaterbook" />
    <tag k="qth" v="Verjesteinsnuten" />
  </node>
  <node id="-69" visible="true" lat="63.395833" lon="10.291667">
    <tag k="callsign" v="LA5XR" />
    <tag k="communication:amateur_radio" v="yes" />
    <tag k="communication:amateur_radio:callsign" v="LA5XR" />
    <tag k="communication:amateur_radio:repeater" v="yes" />
    <tag k="communication:amateur_radio:repeater:frequency_out" v="434.725 MHz" />
    <tag k="communication:amateur_radio:repeater:modulation" v="11K2F3E" />
    <tag k="communication:amateur_radio:repeater:shift" v="-2 MHz" />
    <tag k="communication:amateur_radio:repeater:toneburst" v="1750" />
    <tag k="group" v="TRC-Trondheim" />
    <tag k="name" v="LA5XR" />
    <tag k="note" v="NRRL locator JP53DJ; disagreement; missing_osm; outside_locator:repeaterbook" />
    <tag k="nrrl:group_page" v="https://nrrl.no/grupper/trondelag/trondheimsgruppen/" />
    <tag k="qth" v="Gråkallen" />
    <tag k="website" v="http://www.la2t.no/" />
  </node>
  <node id="-70" visible="true" lat="63.420700" lon="10.251600">
    <tag k="callsign" v="LA5XR" />
    <tag k="communication:amateur_radio" v="yes" />
    <tag k="communication:amateur_radio:callsign" v="LA5XR" />
    <tag k="communication:amateur_radio:repeater" v="yes" />
    <tag k="communication:amateur_radio:repeater:frequency_out" v="434.725 MHz" />
    <tag k="communication:amateur_radio:repeater:modulation" v="11K2F3E" />
    <tag k="communication:amateur_radio:repeater:shift" v="-2 MHz" />
    <tag k="communication:amateur_radio:repeater:toneburst" v="1750" />
    <tag k="group" v="TRC-Trondheim" />
    <tag k="name" v="LA5XR" />
    <tag k="note" v="position from repeaterbook; disagreement; missing_osm; outside_locator:repeaterbook" />
    <tag k="nrrl:group_page" v="https://nrrl.no/grupper/trondelag/trondheimsgruppen/" />
    <tag k="qth" v="Gråkallen" />
    <tag k="website" v="http://www.la2t.no/" />
  </node>
  <way id="-71" visible="true">
    <nd ref="-69" />
    <nd ref="-70" />
    <tag k="callsign" v="LA5XR" />
    <tag k="max_disagreement_m" v="3409.2" />
    <tag k="note" v="disagreement 3409.2 m; disagreement; missing_osm; outside_locator:repeaterbook" />
    <tag k="name" v="LA5XR" />
  </way>
  <node id="-72" visible="true" lat="66.020833" lon="12.625000">
    <tag k="callsign" v="LA6AR" />
    <tag k="communication:amateur_radio" v="yes" />
    <tag k="communication:amateur_radio:callsign" v="LA6AR" />
    <tag k="communication:amateur_radio:repeater" v="yes" />
    <tag k="communication:amateur_radio:repeater:ctcss" v="88.5" />
    <tag k="communication:amateur_radio:repeater:frequency_out" v="145.725 MHz" />
    <tag k="communication:amateur_radio:repeater:modulation" v="11K2F3E" />
    <tag k="communication:amateur_radio:repeater:shift" v="-0.6 MHz" />
    <tag k="group" v="Sandnessjøen" />
    <tag k="name" v="LA6AR" />
    <tag k="note" v="NRRL locator JP66HA; disagreement; missing_osm; outside_locator:repeaterbook" />
    <tag k="nrrl:group_page" v="https://nrrl.no/grupper/nordland/sandnessjogruppen/" />
    <tag k="qth" v="Høgåsen/Sandnessjøen" />
  </node>
  <node id="-73" visible="true" lat="65.914299" lon="12.181700">
    <tag k="callsign" v="LA6AR" />
    <tag k="communication:amateur_radio" v="yes" />
    <tag k="communication:amateur_radio:callsign" v="LA6AR" />
    <tag k="communication:amateur_radio:repeater" v="yes" />
    <tag k="communication:amateur_radio:repeater:ctcss" v="88.5" />
    <tag k="communication:amateur_radio:repeater:frequency_out" v="145.725 MHz" />
    <tag k="communication:amateur_radio:repeater:modulation" v="11K2F3E" />
    <tag k="communication:amateur_radio:repeater:shift" v="-0.6 MHz" />
    <tag k="group" v="Sandnessjøen" />
    <tag k="name" v="LA6AR" />
    <tag k="note" v="position from repeaterbook; disagreement; missing_osm; outside_locator:repeaterbook" />
    <tag k="nrrl:group_page" v="https://nrrl.no/grupper/nordland/sandnessjogruppen/" />
    <tag k="qth" v="Høgåsen/Sandnessjøen" />
  </node>
  <way id="-74" visible="true">
    <nd ref="-72" />
    <nd ref="-73" />
    <tag k="callsign" v="LA6AR" />
    <tag k="max_disagreement_m" v="23309.2" />
    <tag k="note" v="disagreement 23309.2 m; disagreement; missing_osm; outside_locator:repeaterbook" />
    <tag k="name" v="LA6AR" />
  </way>
  <node id="-75" visible="true" lat="70.469103" lon="28.234789">
    <tag k="best_source" v="osm" />
    <tag k="callsign" v="LA6ARR" />
    <tag k="communication:amateur_radio" v="yes" />
    <tag k="communication:amateur_radio:callsign" v="LA6ARR" />
    <tag k="communication:amateur_radio:repeater" v="yes" />
    <tag k="communication:amateur_radio:repeater:ctcss" v="91.5" />
    <tag k="communication:amateur_radio:repeater:frequency_out" v="145.6 MHz" />
    <tag k="communication:amateur_radio:repeater:modulation" v="11K2F3E" />
    <tag k="communication:amateur_radio:repeater:shift" v="-0.6 MHz" />
    <tag k="group" v="Kirkenes" />
    <tag k="name" v="LA6ARR" />
    <tag k="note" v="best position from osm; missing_repeaterbook" />
    <tag k="nrrl:group_page" v="https://nrrl.no/grupper/finnmark/varangergruppen/" />
    <tag k="qth" v="Algasvarre / Tana" />
  </node>
  <node id="-76" visible="true" lat="67.301980" lon="14.424263">
    <tag k="best_source" v="osm" />
    <tag k="callsign" v="LA6BR" />
    <tag k="communication:amateur_radio" v="yes" />
    <tag k="communication:amateur_radio:callsign" v="LA6BR" />
    <tag k="communication:amateur_radio:repeater" v="yes" />
    <tag k="communication:amateur_radio:repeater:frequency_out" v="145.75 MHz" />
    <tag k="communication:amateur_radio:repeater:modulation" v="11K2F3E" />
    <tag k="communication:amateur_radio:repeater:shift" v="-0.6 MHz" />
    <tag k="communication:amateur_radio:repeater:toneburst" v="1750" />
    <tag k="group" v="Bodø" />
    <tag k="name" v="LA6BR" />
    <tag k="note" v="best position from osm" />
    <tag k="nrrl:group_page" v="https://nrrl.no/grupper/nordland/bodogruppen/" />
    <tag k="qth" v="Rønvikfjell" />
  </node>
  <node id="-77" visible="true" lat="60.562500" lon="5.291670">
    <tag k="best_source" v="repeaterbook" />
    <tag k="callsign" v="LA6CR" />
    <tag k="communication:amateur_radio" v="yes" />
    <tag k="communication:amateur_radio:callsign" v="LA6CR" />
    <tag k="communication:amateur_radio:repeater" v="yes" />
    <tag k="communication:amateur_radio:repeater:frequency_out" v="434.625 MHz" />
    <tag k="communication:amateur_radio:repeater:modulation" v="11K2F3E" />
    <tag k="communication:amateur_radio:repeater:shift" v="-2 MHz" />
    <tag k="communication:amateur_radio:repeater:toneburst" v="1750" />
    <tag k="group" v="Nord-Hordland" />
    <tag k="name" v="LA6CR" />
    <tag k="note" v="best position from repeaterbook; missing_osm" />
    <tag k="qth" v="Knarvik" />
  </node>
  <node id="-78" visible="true" lat="59.604301" lon="6.208330">
    <tag k="best_source" v="repeaterbook" />
    <tag k="callsign" v="LA6DR" />
    <tag k="communication:amateur_radio" v="yes" />
    <tag k="communication:amateur_radio:callsign" v="LA6DR" />
    <tag k="communication:amateur_radio:repeater" v="yes" />
    <tag k="communication:amateur_radio:repeater:ctcss" v="91.5" />
    <tag k="communication:amateur_radio:repeater:frequency_out" v="434.65 MHz" />
    <tag k="communication:amateur_radio:repeater:modulation" v="11K2F3E;7K60FXE" />
    <tag k="communication:amateur_radio:repeater:shift" v="-2 MHz" />
    <tag k="group" v="STF Sauda" />
    <tag k="name" v="LA6DR" />
    <tag k="note" v="best position from repeaterbook; missing_osm; missing_radioid" />
    <tag k="qth" v="Ravnafjell" />
  </node>
  <node id="-79" visible="true" lat="58.620201" lon="6.292500">
    <tag k="best_source" v="repeaterbook" />
    <tag k="callsign" v="LA6ER" />
    <tag k="communication:amateur_radio" v="yes" />
    <tag k="communication:amateur_radio:callsign" v="LA6ER" />
    <tag k="communication:amateur_radio:repeater" v="yes" />
    <tag k="communication:amateur_radio:repeater:ctcss" v="107.2" />
    <tag k="communication:amateur_radio:repeater:frequency_out" v="145.725 MHz" />
    <tag k="communication:amateur_radio:repeater:modulation" v="11K2F3E" />
    <tag k="communication:amateur_radio:repeater:shift" v="-0.6 MHz" />
    <tag k="group" v="Jæren" />
    <tag k="name" v="LA6ER" />
    <tag k="note" v="best position from repeaterbook; missing_osm" />
    <tag k="nrrl:group_page" v="https://nrrl.no/grupper/rogaland/jaergruppen/" />
    <tag k="qth" v="Egersund/Gaupelemfjell" />
    <tag k="website" v="https://www.la1j.no/" />
  </node>
  <node id="-80" visible="true" lat="63.104167" lon="7.791667">
    <tag k="best_source" v="nrrl_locator" />
    <tag k="callsign" v="LA6ERR" />
    <tag k="communication:amateur_radio" v="yes" />
    <tag k="communication:amateur_radio:callsign" v="LA6ERR" />
    <tag k="communication:amateur_radio:repeater" v="yes" />
    <tag k="communication:amateur_radio:repeater:frequency_out" v="145.4 MHz" />
    <tag k="communication:amateur_radio:repeater:modulation" v="20K0F2D;11K2F3E" />
    <tag k="group" v="Kristiansund" />
    <tag k="name" v="LA6ERR" />
    <tag k="note" v="best position from nrrl_locator; missing_osm; missing_repeaterbook" />
    <tag k="nrrl:group_page" v="https://nrrl.no/grupper/more-og-romsdal/kristiansundgruppen/" />
    <tag k="qth" v="Nordlandet" />
  </node>
  <node id="-81" visible="true" lat="58.312500" lon="6.625000">
    <tag k="callsign" v="LA6FR" />
    <tag k="communication:amateur_radio" v="yes" />
    <tag k="communication:amateur_radio:callsign" v="LA6FR" />
    <tag k="communication:amateur_radio:repeater" v="yes" />
    <tag k="communication:amateur_radio:repeater:ctcss" v="77" />
    <tag k="communication:amateur_radio:repeater:frequency_out" v="145.625 MHz" />
    <tag k="communication:amateur_radio:repeater:modulation" v="11K2F3E" />
    <tag k="communication:amateur_radio:repeater:shift" v="-0.6 MHz" />
    <tag k="group" v="Mandal" />
    <tag k="name" v="LA6FR" />
    <tag k="note" v="NRRL locator JO38HH; disagreement; outside_locator:repeaterbook" />
    <tag k="nrrl:group_page" v="https://nrrl.no/grupper/agder/Mandalsgruppen/" />
    <tag k="qth" v="Storestø" />
    <tag k="website" v="https://la4k.no/" />
  </node>
  <node id="-82" visible="true" lat="58.292026" lon="6.620902">
    <tag k="callsign" v="LA6FR" />
    <tag k="communication:amateur_radio" v="yes" />
    <tag k="communication:amateur_radio:callsign" v="LA6FR" />
    <tag k="communication:amateur_radio:repeater" v="yes" />
    <tag k="communication:amateur_radio:repeater:ctcss" v="77" />
    <tag k="communication:amateur_radio:repeater:frequency_out" v="145.625 MHz" />
    <tag k="communication:amateur_radio:repeater:modulation" v="11K2F3E" />
    <tag k="communication:amateur_radio:repeater:shift" v="-0.6 MHz" />
    <tag k="group" v="Mandal" />
    <tag k="name" v="LA6FR" />
    <tag k="note" v="position from osm; disagreement; outside_locator:repeaterbook" />
    <tag k="nrrl:group_page" v="https://nrrl.no/grupper/agder/Mandalsgruppen/" />
    <tag k="qth" v="Storestø" />
    <tag k="website" v="https://la4k.no/" />
  </node>
  <node id="-83" visible="true" lat="58.291500" lon="6.620400">
    <tag k="callsign" v="LA6FR" />
    <tag k="communication:amateur_radio" v="yes" />
    <tag k="communication:amateur_radio:callsign" v="LA6FR" />
    <tag k="communication:amateur_radio:repeater" v="yes" />
    <tag k="communication:amateur_radio:repeater:ctcss" v="77" />
    <tag k="communication:amateur_radio:repeater:frequency_out" v="145.625 MHz" />
    <tag k="communication:amateur_radio:repeater:modulation" v="11K2F3E" />
    <tag k="communication:amateur_radio:repeater:shift" v="-0.6 MHz" />
    <tag k="group" v="Mandal" />
    <tag k="name" v="LA6FR" />
    <tag k="note" v="position from repeaterbook; disagreement; outside_locator:repeaterbook" />
    <tag k="nrrl:group_page" v="https://nrrl.no/grupper/agder/Mandalsgruppen/" />
    <tag k="qth" v="Storestø" />
    <tag k="website" v="https://la4k.no/" />
  </node>
  <way id="-84" visible="true">
    <nd ref="-81" />
    <nd ref="-82" />
    <nd ref="-83" />
    <nd ref="-81" />
    <tag k="callsign" v="LA6FR" />
    <tag k="max_disagreement_m" v="2350.5" />
    <tag k="note" v="disagreement 2350.5 m; disagreement; outside_locator:repeaterbook" />
    <tag k="name" v="LA6FR" />
  </way>
  <node id="-85" visible="true" lat="59.020833" lon="9.958333">
    <tag k="callsign" v="LA6LR" />
    <tag k="communication:amateur_radio" v="yes" />
    <tag k="communication:amateur_radio:callsign" v="LA6LR" />
    <tag k="communication:amateur_radio:repeater" v="yes" />
    <tag k="communication:amateur_radio:repeater:ctcss" v="88.5" />
    <tag k="communication:amateur_radio:repeater:frequency_in" v="433.025 MHz" />
    <tag k="communication:amateur_radio:repeater:frequency_out" v="144.65 MHz" />
    <tag k="communication:amateur_radio:repeater:modulation" v="11K2F3E" />
    <tag k="group" v="Larvik" />
    <tag k="name" v="LA6LR" />
    <tag k="note" v="NRRL locator JO49XA; disagreement; outside_locator:repeaterbook" />
    <tag k="nrrl:group_page" v="https://nrrl.no/grupper/vestfold/larvikgruppen/" />
    <tag k="qth" v="Korpås" />
    <tag k="website" v="http://la3l.no/" />
  </node>
  <node id="-86" visible="true" lat="59.031323" lon="9.963454">
    <tag k="callsign" v="LA6LR" />
    <tag k="communication:amateur_radio" v="yes" />
    <tag k="communication:amateur_radio:callsign" v="LA6LR" />
    <tag k="communication:amateur_radio:repeater" v="yes" />
    <tag k="communication:amateur_radio:repeater:ctcss" v="88.5" />
    <tag k="communication:amateur_radio:repeater:frequency_in" v="433.025 MHz" />
    <tag k="communication:amateur_radio:repeater:frequency_out" v="144.65 MHz" />
    <tag k="communication:amateur_radio:repeater:modulation" v="11K2F3E" />
    <tag k="group" v="Larvik" />
    <tag k="name" v="LA6LR" />
    <tag k="note" v="position from osm; disagreement; outside_locator:repeaterbook" />
    <tag k="nrrl:group_page" v="https://nrrl.no/grupper/vestfold/larvikgruppen/" />
    <tag k="qth" v="Korpås" />
    <tag k="website" v="http://la3l.no/" />
  </node>
  <node id="-87" visible="true" lat="59.874599" lon="10.086200">
    <tag k="callsign" v="LA6LR" />
    <tag k="communication:amateur_radio" v="yes" />
    <tag k="communication:amateur_radio:callsign" v="LA6LR" />
    <tag k="communication:amateur_radio:repeater" v="yes" />
    <tag k="communication:amateur_radio:repeater:ctcss" v="88.5" />
    <tag k="communication:amateur_radio:repeater:frequency_in" v="433.025 MHz" />
    <tag k="communication:amateur_radio:repeater:frequency_out" v="144.65 MHz" />
    <tag k="communication:amateur_radio:repeater:modulation" v="11K2F3E" />
    <tag k="group" v="Larvik" />
    <tag k="name" v="LA6LR" />
    <tag k="note" v="position from repeaterbook; disagreement; outside_locator:repeaterbook" />
    <tag k="nrrl:group_page" v="https://nrrl.no/grupper/vestfold/larvikgruppen/" />
    <tag k="qth" v="Korpås" />
    <tag k="website" v="http://la3l.no/" />
  </node>
  <way id="-88" visible="true">
    <nd ref="-85" />
    <nd ref="-86" />
    <nd ref="-87" />
    <nd ref="-85" />
    <tag k="callsign" v="LA6LR" />
    <tag k="max_disagreement_m" v="95209.1" />
    <tag k="note" v="disagreement 95209.1 m; disagreement; outside_locator:repeaterbook" />
    <tag k="name" v="LA6LR" />
  </way>
  <node id="-89" visible="true" lat="62.520802" lon="6.125000">
    <tag k="best_source" v="repeaterbook" />
    <tag k="callsign" v="LA6MR" />
    <tag k="communication:amateur_radio" v="yes" />
    <tag k="communication:amateur_radio:callsign" v="LA6MR" />
    <tag k="communication:amateur_radio:repeater" v="yes" />
    <tag k="communication:amateur_radio:repeater:frequency_out" v="145.65 MHz" />
    <tag k="communication:amateur_radio:repeater:modulation" v="11K2F3E" />
    <tag k="communication:amateur_radio:repeater:shift" v="-0.6 MHz" />
    <tag k="communication:amateur_radio:repeater:toneburst" v="1750" />
    <tag k="group" v="Ålesund" />
    <tag k="name" v="LA6MR" />
    <tag k="note" v="best position from repeaterbook; missing_osm" />
    <tag k="nrrl:group_page" v="https://nrrl.no/grupper/more-og-romsdal/alesundgruppen/" />
    <tag k="qth" v="Valderøyfjellet" />
    <tag k="website" v="https://www.la1z.no/" />
  </node>
  <node id="-90" visible="true" lat="62.437500" lon="6.291667">
    <tag k="callsign" v="LA6MRR" />
    <tag k="communication:amateur_radio" v="yes" />
    <tag k="communication:amateur_radio:callsign" v="LA6MRR" />
    <tag k="communication:amateur_radio:repeater" v="yes" />
    <tag k="communication:amateur_radio:repeater:ctcss" v="82.5" />
    <tag k="communication:amateur_radio:repeater:frequency_out" v="434.65 MHz" />
    <tag k="communication:amateur_radio:repeater:modulation" v="11K2F3E" />
    <tag k="communication:amateur_radio:repeater:shift" v="-2 MHz" />
    <tag k="group" v="Ålesund" />
    <tag k="name" v="LA6MRR" />
    <tag k="note" v="NRRL locator JP32DK; disagreement; missing_osm; outside_locator:repeaterbook" />
    <tag k="nrrl:group_page" v="https://nrrl.no/grupper/more-og-romsdal/alesundgruppen/" />
    <tag k="qth" v="Humla" />
    <tag k="website" v="https://www.la1z.no/" />
  </node>
  <node id="-91" visible="true" lat="62.472228" lon="6.149482">
    <tag k="callsign" v="LA6MRR" />
    <tag k="communication:amateur_radio" v="yes" />
    <tag k="communication:amateur_radio:callsign" v="LA6MRR" />
    <tag k="communication:amateur_radio:repeater" v="yes" />
    <tag k="communication:amateur_radio:repeater:ctcss" v="82.5" />
    <tag k="communication:amateur_radio:repeater:frequency_out" v="434.65 MHz" />
    <tag k="communication:amateur_radio:repeater:modulation" v="11K2F3E" />
    <tag k="communication:amateur_radio:repeater:shift" v="-2 MHz" />
    <tag k="group" v="Ålesund" />
    <tag k="name" v="LA6MRR" />
    <tag k="note" v="position from repeaterbook; disagreement; missing_osm; outside_locator:repeaterbook" />
    <tag k="nrrl:group_page" v="https://nrrl.no/grupper/more-og-romsdal/alesundgruppen/" />
    <tag k="qth" v="Humla" />
    <tag k="website" v="https://www.la1z.no/" />
  </node>
  <way id="-92" visible="true">
    <nd ref="-90" />
    <nd ref="-91" />
    <tag k="callsign" v="LA6MRR" />
    <tag k="max_disagreement_m" v="8268.5" />
    <tag k="note" v="disagreement 8268.5 m; disagreement; missing_osm; outside_locator:repeaterbook" />
    <tag k="name" v="LA6MRR" />
  </way>
  <node id="-93" visible="true" lat="60.520833" lon="9.041667">
    <tag k="callsign" v="LA6NR" />
    <tag k="communication:amateur_radio" v="yes" />
    <tag k="communication:amateur_radio:callsign" v="LA6NR" />
    <tag k="communication:amateur_radio:repeater" v="yes" />
    <tag k="communication:amateur_radio:repeater:ctcss" v="88.5" />
    <tag k="communication:amateur_radio:repeater:frequency_out" v="145.775 MHz" />
    <tag k="communication:amateur_radio:repeater:modulation" v="11K2F3E" />
    <tag k="communication:amateur_radio:repeater:shift" v="-0.6 MHz" />
    <tag k="group" v="Hallingdal" />
    <tag k="name" v="LA6NR" />
    <tag k="network" v="LA5MR" />
    <tag k="note" v="NRRL locator JP40MM; disagreement" />
    <tag k="nrrl:group_page" v="https://nrrl.no/grupper/buskerud/hallingdalsgruppa/" />
    <tag k="osm_relation" v="relation/18780801" />
    <tag k="qth" v="Syningen" />
  </node>
  <node id="-94" visible="true" lat="67.307454" lon="14.456593">
    <tag k="best_source" v="radioid" />
    <tag k="callsign" v="LA6PR" />
    <tag k="communication:amateur_radio" v="yes" />
    <tag k="communication:amateur_radio:callsign" v="LA6PR" />
    <tag k="communication:amateur_radio:repeater" v="yes" />
    <tag k="communication:amateur_radio:repeater:frequency_out" v="434.675 MHz" />
    <tag k="communication:amateur_radio:repeater:modulation" v="7K60FXE" />
    <tag k="communication:amateur_radio:repeater:shift" v="-2 MHz" />
    <tag k="dmr_id" v="242901" />
    <tag k="group" v="Bodø" />
    <tag k="name" v="LA6PR" />
    <tag k="note" v="best position from radioid; missing_osm; missing_repeaterbook" />
    <tag k="nrrl:group_page" v="https://nrrl.no/grupper/nordland/bodogruppen/" />
    <tag k="qth" v="Bodø" />
  </node>
  <node id="-95" visible="true" lat="63.104167" lon="7.791667">
    <tag k="best_source" v="nrrl_locator" />
    <tag k="callsign" v="LA6PRR" />
    <tag k="communication:amateur_radio" v="yes" />
    <tag k="communication:amateur_radio:callsign" v="LA6PRR" />
    <tag k="communication:amateur_radio:repeater" v="yes" />
    <tag k="communication:amateur_radio:repeater:frequency_out" v="433.05 MHz" />
    <tag k="communication:amateur_radio:repeater:modulation" v="11K2F3E" />
    <tag k="group" v="Kristiansund" />
    <tag k="name" v="LA6PRR" />
    <tag k="note" v="best position from nrrl_locator; missing_osm; missing_repeaterbook" />
    <tag k="nrrl:group_page" v="https://nrrl.no/grupper/more-og-romsdal/kristiansundgruppen/" />
    <tag k="qth" v="Rensvik" />
  </node>
  <node id="-96" visible="true" lat="59.062500" lon="5.791667">
    <tag k="callsign" v="LA6RR" />
    <tag k="communication:amateur_radio" v="yes" />
    <tag k="communication:amateur_radio:callsign" v="LA6RR" />
    <tag k="communication:amateur_radio:repeater" v="yes" />
    <tag k="communication:amateur_radio:repeater:ctcss" v="88.5" />
    <tag k="communication:amateur_radio:repeater:frequency_out" v="434.6 MHz" />
    <tag k="communication:amateur_radio:repeater:modulation" v="11K2F3E" />
    <tag k="communication:amateur_radio:repeater:shift" v="-2 MHz" />
    <tag k="group" v="Ryfylke" />
    <tag k="name" v="LA6RR" />
    <tag k="note" v="NRRL locator JO29VB; disagreement; missing_osm" />
    <tag k="nrrl:group_page" v="https://nrrl.no/grupper/rogaland/ryfylkegruppen/" />
    <tag k="qth" v="Rennesøyhornet" />
  </node>
  <node id="-97" visible="true" lat="59.076500" lon="5.757300">
    <tag k="callsign" v="LA6RR" />
    <tag k="communication:amateur_radio" v="yes" />
    <tag k="communication:amateur_radio:callsign" v="LA6RR" />
    <tag k="communication:amateur_radio:repeater" v="yes" />
    <tag k="communication:amateur_radio:repeater:ctcss" v="88.5" />
    <tag k="communication:amateur_radio:repeater:frequency_out" v="434.6 MHz" />
    <tag k="communication:amateur_radio:repeater:modulation" v="11K2F3E" />
    <tag k="communication:amateur_radio:repeater:shift" v="-2 MHz" />
    <tag k="group" v="Ryfylke" />
    <tag k="name" v="LA6RR" />
    <tag k="note" v="position from repeaterbook; disagreement; missing_osm" />
    <tag k="nrrl:group_page" v="https://nrrl.no/grupper/rogaland/ryfylkegruppen/" />
    <tag k="qth" v="Rennesøyhornet" />
  </node>
  <way id="-98" visible="true">
    <nd ref="-96" />
    <nd ref="-97" />
    <tag k="callsign" v="LA6RR" />
    <tag k="max_disagreement_m" v="2506.3" />
    <tag k="note" v="disagreement 2506.3 m; disagreement; missing_osm" />
    <tag k="name" v="LA6RR" />
  </way>
  <node id="-100" visible="true" lat="61.891890" lon="6.105970">
    <tag k="best_source" v="radioid" />
    <tag k="callsign" v="LA6SRR" />
    <tag k="communication:amateur_radio" v="yes" />
    <tag k="communication:amateur_radio:callsign" v="LA6SRR" />
    <tag k="communication:amateur_radio:repeater" v="yes" />
    <tag k="communication:amateur_radio:repeater:ctcss" v="82.5" />
    <tag k="communication:amateur_radio:repeater:frequency_out" v="434.625 MHz" />
    <tag k="communication:amateur_radio:repeater:modulation" v="11K2F3E;7K60FXE" />
    <tag k="communication:amateur_radio:repeater:shift" v="-2 MHz" />
    <tag k="dmr_id" v="242009" />
    <tag k="group" v="Firda" />
    <tag k="name" v="LA6SRR" />
    <tag k="note" v="best position from radioid; missing_osm" />
    <tag k="nrrl:group_page" v="https://nrrl.no/grupper/vestland/firdagruppen/" />
    <tag k="qth" v="Sagtennene" />
    <tag k="website" v="http://la6f.blogspot.com/" />
  </node>
  <node id="-101" visible="true" lat="69.572432" lon="18.537603">
    <tag k="best_source" v="osm" />
    <tag k="callsign" v="LA6TR" />
    <tag k="communication:amateur_radio" v="yes" />
    <tag k="communication:amateur_radio:callsign" v="LA6TR" />
    <tag k="communication:amateur_radio:repeater" v="yes" />
    <tag k="communication:amateur_radio:repeater:ctcss" v="123" />
    <tag k="communication:amateur_radio:repeater:frequency_out" v="145.75 MHz" />
    <tag k="communication:amateur_radio:repeater:modulation" v="11K2F3E" />
    <tag k="communication:amateur_radio:repeater:shift" v="-0.6 MHz" />
    <tag k="group" v="Tromsø" />
    <tag k="name" v="LA6TR" />
    <tag k="note" v="best position from osm" />
    <tag k="nrrl:group_page" v="https://nrrl.no/grupper/troms/tromsogruppen/" />
    <tag k="qth" v="Kvitbergfjellet" />
    <tag k="website" v="https://www.la3t.no/" />
  </node>
  <node id="-102" visible="true" lat="64.261293" lon="10.533128">
    <tag k="best_source" v="osm" />
    <tag k="callsign" v="LA6UR" />
    <tag k="communication:amateur_radio" v="yes" />
    <tag k="communication:amateur_radio:callsign" v="LA6UR" />
    <tag k="communication:amateur_radio:repeater" v="yes" />
    <tag k="communication:amateur_radio:repeater:frequency_out" v="145.65 MHz" />
    <tag k="communication:amateur_radio:repeater:modulation" v="11K2F3E" />
    <tag k="communication:amateur_radio:repeater:shift" v="-0.6 MHz" />
    <tag k="communication:amateur_radio:repeater:toneburst" v="1750" />
    <tag k="group" v="Fosen" />
    <tag k="name" v="LA6UR" />
    <tag k="note" v="best position from osm" />
    <tag k="nrrl:group_page" v="https://nrrl.no/grupper/trondelag/fosengruppen/" />
    <tag k="qth" v="Gjeltheia" />
  </node>
  <node id="-103" visible="true" lat="69.687500" lon="29.958300">
    <tag k="best_source" v="repeaterbook" />
    <tag k="callsign" v="LA6VR" />
    <tag k="communication:amateur_radio" v="yes" />
    <tag k="communication:amateur_radio:callsign" v="LA6VR" />
    <tag k="communication:amateur_radio:repeater" v="yes" />
    <tag k="communication:amateur_radio:repeater:frequency_out" v="145.75 MHz" />
    <tag k="communication:amateur_radio:repeater:modulation" v="11K2F3E" />
    <tag k="communication:amateur_radio:repeater:shift" v="-0.6 MHz" />
    <tag k="communication:amateur_radio:repeater:toneburst" v="1750" />
    <tag k="group" v="Kirkenes" />
    <tag k="name" v="LA6VR" />
    <tag k="note" v="best position from repeaterbook; missing_osm" />
    <tag k="nrrl:group_page" v="https://nrrl.no/grupper/finnmark/varangergruppen/" />
    <tag k="qth" v="Verigasfjellet" />
  </node>
  <node id="-104" visible="true" lat="62.931077" lon="7.927292">
    <tag k="best_source" v="osm" />
    <tag k="callsign" v="LA6YRR" />
    <tag k="communication:amateur_radio" v="yes" />
    <tag k="communication:amateur_radio:callsign" v="LA6YRR" />
    <tag k="communication:amateur_radio:repeater" v="yes" />
    <tag k="communication:amateur_radio:repeater:frequency_out" v="434.6 MHz" />
    <tag k="communication:amateur_radio:repeater:modulation" v="11K2F3E" />
    <tag k="communication:amateur_radio:repeater:shift" v="-2 MHz" />
    <tag k="communication:amateur_radio:repeater:toneburst" v="1750" />
    <tag k="group" v="Kristiansund" />
    <tag k="name" v="LA6YRR" />
    <tag k="note" v="best position from osm" />
    <tag k="nrrl:group_page" v="https://nrrl.no/grupper/more-og-romsdal/kristiansundgruppen/" />
    <tag k="qth" v="Reinsfjell" />
  </node>
  <node id="-105" visible="true" lat="69.236603" lon="16.044100">
    <tag k="best_source" v="repeaterbook" />
    <tag k="callsign" v="LA7AR" />
    <tag k="communication:amateur_radio" v="yes" />
    <tag k="communication:amateur_radio:callsign" v="LA7AR" />
    <tag k="communication:amateur_radio:repeater" v="yes" />
    <tag k="communication:amateur_radio:repeater:frequency_out" v="145.675 MHz" />
    <tag k="communication:amateur_radio:repeater:modulation" v="11K2F3E" />
    <tag k="communication:amateur_radio:repeater:shift" v="-0.6 MHz" />
    <tag k="communication:amateur_radio:repeater:toneburst" v="1750" />
    <tag k="group" v="Andøy" />
    <tag k="name" v="LA7AR" />
    <tag k="note" v="best position from repeaterbook; missing_osm" />
    <tag k="qth" v="Endletenfjell" />
  </node>
  <node id="-106" visible="true" lat="59.930860" lon="9.929400">
    <tag k="best_source" v="local" />
    <tag k="callsign" v="LA7CR" />
    <tag k="communication:amateur_radio" v="yes" />
    <tag k="communication:amateur_radio:callsign" v="LA7CR" />
    <tag k="communication:amateur_radio:repeater" v="yes" />
    <tag k="communication:amateur_radio:repeater:frequency_out" v="434.7 MHz" />
    <tag k="communication:amateur_radio:repeater:modulation" v="7K60FXE;6K00F7W;9K36F7W" />
    <tag k="communication:amateur_radio:repeater:shift" v="-2 MHz" />
    <tag k="dmr_id" v="242604" />
    <tag k="fixme" v="operator_override" />
    <tag k="group" v="Modum" />
    <tag k="name" v="LA7CR" />
    <tag k="note" v="Norefjell. NRRL locator JP49XW plots in the 69N band and is likely wrong.; operator override position; locator_mismatch; missing_osm" />
    <tag k="nrrl:group_page" v="https://nrrl.no/grupper/buskerud/modumgruppen/" />
    <tag k="qth" v="Norefjell" />
    <tag k="website" v="https://la7m.com/" />
  </node>
  <node id="-107" visible="true" lat="58.604167" lon="7.375000">
    <tag k="callsign" v="LA7ER" />
    <tag k="communication:amateur_radio" v="yes" />
    <tag k="communication:amateur_radio:callsign" v="LA7ER" />
    <tag k="communication:amateur_radio:repeater" v="yes" />
    <tag k="communication:amateur_radio:repeater:frequency_out" v="145.65 MHz" />
    <tag k="communication:amateur_radio:repeater:modulation" v="11K2F3E" />
    <tag k="communication:amateur_radio:repeater:shift" v="-0.6 MHz" />
    <tag k="communication:amateur_radio:repeater:toneburst" v="1750" />
    <tag k="group" v="Mandal" />
    <tag k="name" v="LA7ER" />
    <tag k="note" v="NRRL locator JO38QO; disagreement; missing_osm" />
    <tag k="nrrl:group_page" v="https://nrrl.no/grupper/agder/Mandalsgruppen/" />
    <tag k="qth" v="Sjåvassknuten" />
    <tag k="website" v="https://la4k.no/" />
  </node>
  <node id="-108" visible="true" lat="58.623501" lon="7.349600">
    <tag k="callsign" v="LA7ER" />
    <tag k="communication:amateur_radio" v="yes" />
    <tag k="communication:amateur_radio:callsign" v="LA7ER" />
    <tag k="communication:amateur_radio:repeater" v="yes" />
    <tag k="communication:amateur_radio:repeater:frequency_out" v="145.65 MHz" />
    <tag k="communication:amateur_radio:repeater:modulation" v="11K2F3E" />
    <tag k="communication:amateur_radio:repeater:shift" v="-0.6 MHz" />
    <tag k="communication:amateur_radio:repeater:toneburst" v="1750" />
    <tag k="group" v="Mandal" />
    <tag k="name" v="LA7ER" />
    <tag k="note" v="position from repeaterbook; disagreement; missing_osm" />
    <tag k="nrrl:group_page" v="https://nrrl.no/grupper/agder/Mandalsgruppen/" />
    <tag k="qth" v="Sjåvassknuten" />
    <tag k="website" v="https://la4k.no/" />
  </node>
  <way id="-109" visible="true">
    <nd ref="-107" />
    <nd ref="-108" />
    <tag k="callsign" v="LA7ER" />
    <tag k="max_disagreement_m" v="2604.9" />
    <tag k="note" v="disagreement 2604.9 m; disagreement; missing_osm" />
    <tag k="name" v="LA7ER" />
  </way>
  <node id="-110" visible="true" lat="59.270833" lon="10.958333">
    <tag k="callsign" v="LA7FR" />
    <tag k="communication:amateur_radio" v="yes" />
    <tag k="communication:amateur_radio:callsign" v="LA7FR" />
    <tag k="communication:amateur_radio:repeater" v="yes" />
    <tag k="communication:amateur_radio:repeater:frequency_out" v="434.7 MHz" />
    <tag k="communication:amateur_radio:repeater:modulation" v="11K2F3E" />
    <tag k="communication:amateur_radio:repeater:shift" v="-2 MHz" />
    <tag k="communication:amateur_radio:repeater:toneburst" v="1750" />
    <tag k="group" v="Fredrikstad" />
    <tag k="name" v="LA7FR" />
    <tag k="note" v="NRRL locator JO59LG; disagreement; missing_osm; outside_locator:repeaterbook" />
    <tag k="nrrl:group_page" v="https://nrrl.no/grupper/ostfold/fredrikstadgruppen/" />
    <tag k="qth" v="Barbertoppen" />
    <tag k="website" v="https://la5f.no/" />
  </node>
  <node id="-111" visible="true" lat="59.228600" lon="10.941100">
    <tag k="callsign" v="LA7FR" />
    <tag k="communication:amateur_radio" v="yes" />
    <tag k="communication:amateur_radio:callsign" v="LA7FR" />
    <tag k="communication:amateur_radio:repeater" v="yes" />
    <tag k="communication:amateur_radio:repeater:frequency_out" v="434.7 MHz" />
    <tag k="communication:amateur_radio:repeater:modulation" v="11K2F3E" />
    <tag k="communication:amateur_radio:repeater:shift" v="-2 MHz" />
    <tag k="communication:amateur_radio:repeater:toneburst" v="1750" />
    <tag k="group" v="Fredrikstad" />
    <tag k="name" v="LA7FR" />
    <tag k="note" v="position from repeaterbook; disagreement; missing_osm; outside_locator:repeaterbook" />
    <tag k="nrrl:group_page" v="https://nrrl.no/grupper/ostfold/fredrikstadgruppen/" />
    <tag k="qth" v="Barbertoppen" />
    <tag k="website" v="https://la5f.no/" />
  </node>
  <way id="-112" visible="true">
    <nd ref="-110" />
    <nd ref="-111" />
    <tag k="callsign" v="LA7FR" />
    <tag k="max_disagreement_m" v="4797.3" />
    <tag k="note" v="disagreement 4797.3 m; disagreement; missing_osm; outside_locator:repeaterbook" />
    <tag k="name" v="LA7FR" />
  </way>
  <node id="-113" visible="true" lat="61.897565" lon="9.284453">
    <tag k="best_source" v="local" />
    <tag k="callsign" v="LA7GRR" />
    <tag k="communication:amateur_radio" v="yes" />
    <tag k="communication:amateur_radio:callsign" v="LA7GRR" />
    <tag k="communication:amateur_radio:repeater" v="yes" />
    <tag k="communication:amateur_radio:repeater:ctcss" v="123" />
    <tag k="communication:amateur_radio:repeater:frequency_out" v="434.8 MHz" />
    <tag k="communication:amateur_radio:repeater:modulation" v="11K2F3E" />
    <tag k="communication:amateur_radio:repeater:shift" v="-2 MHz" />
    <tag k="dmr_id" v="242016" />
    <tag k="fixme" v="operator_override" />
    <tag k="group" v="Gudbrandsdal" />
    <tag k="name" v="LA7GRR" />
    <tag k="note" v="Jetta (LA7GRR, LA2JRR, LD2JB).; operator override position" />
    <tag k="nrrl:group_page" v="https://nrrl.no/grupper/innlandet/gudbrandsdalsgruppen/" />
    <tag k="qth" v="Jetta" />
    <tag k="website" v="https://www.la7g.no/" />
  </node>
  <node id="-114" visible="true" lat="68.895833" lon="16.708333">
    <tag k="callsign" v="LA7HR" />
    <tag k="communication:amateur_radio" v="yes" />
    <tag k="communication:amateur_radio:callsign" v="LA7HR" />
    <tag k="communication:amateur_radio:repeater" v="yes" />
    <tag k="communication:amateur_radio:repeater:ctcss" v="123" />
    <tag k="communication:amateur_radio:repeater:frequency_out" v="145.65 MHz" />
    <tag k="communication:amateur_radio:repeater:modulation" v="11K2F3E" />
    <tag k="communication:amateur_radio:repeater:shift" v="-0.6 MHz" />
    <tag k="dmr_id" v="242915" />
    <tag k="group" v="Harstad" />
    <tag k="name" v="LA7HR" />
    <tag k="note" v="NRRL locator JP88IV; disagreement; missing_osm; outside_locator:repeaterbook" />
    <tag k="nrrl:group_page" v="https://nrrl.no/grupper/troms/harstadgruppen/" />
    <tag k="qth" v="Sandsøy" />
  </node>
  <node id="-115" visible="true" lat="68.809196" lon="16.524500">
    <tag k="callsign" v="LA7HR" />
    <tag k="communication:amateur_radio" v="yes" />
    <tag k="communication:amateur_radio:callsign" v="LA7HR" />
    <tag k="communication:amateur_radio:repeater" v="yes" />
    <tag k="communication:amateur_radio:repeater:ctcss" v="123" />
    <tag k="communication:amateur_radio:repeater:frequency_out" v="145.65 MHz" />
    <tag k="communication:amateur_radio:repeater:modulation" v="11K2F3E" />
    <tag k="communication:amateur_radio:repeater:shift" v="-0.6 MHz" />
    <tag k="dmr_id" v="242915" />
    <tag k="group" v="Harstad" />
    <tag k="name" v="LA7HR" />
    <tag k="note" v="position from repeaterbook; disagreement; missing_osm; outside_locator:repeaterbook" />
    <tag k="nrrl:group_page" v="https://nrrl.no/grupper/troms/harstadgruppen/" />
    <tag k="qth" v="Sandsøy" />
  </node>
  <way id="-116" visible="true">
    <nd ref="-114" />
    <nd ref="-115" />
    <tag k="callsign" v="LA7HR" />
    <tag k="max_disagreement_m" v="12132.2" />
    <tag k="note" v="disagreement 12132.2 m; disagreement; missing_osm; outside_locator:repeaterbook" />
    <tag k="name" v="LA7HR" />
  </way>
  <node id="-117" visible="true" lat="63.854167" lon="11.541667">
    <tag k="callsign" v="LA7JR" />
    <tag k="communication:amateur_radio" v="yes" />
    <tag k="communication:amateur_radio:callsign" v="LA7JR" />
    <tag k="communication:amateur_radio:repeater" v="yes" />
    <tag k="communication:amateur_radio:repeater:ctcss" v="123" />
    <tag k="communication:amateur_radio:repeater:frequency_out" v="145.575 MHz" />
    <tag k="communication:amateur_radio:repeater:modulation" v="11K2F3E" />
    <tag k="communication:amateur_radio:repeater:shift" v="-0.6 MHz" />
    <tag k="group" v="Inntrøndelag" />
    <tag k="name" v="LA7JR" />
    <tag k="note" v="NRRL locator JP53SU; disagreement; missing_osm; outside_locator:repeaterbook" />
    <tag k="nrrl:group_page" v="https://nrrl.no/grupper/trondelag/inntrondelagsgruppen/" />
    <tag k="qth" v="Verdal/Marsteinsvola" />
  </node>
  <node id="-118" visible="true" lat="63.750598" lon="11.916895">
    <tag k="callsign" v="LA7JR" />
    <tag k="communication:amateur_radio" v="yes" />
    <tag k="communication:amateur_radio:callsign" v="LA7JR" />
    <tag k="communication:amateur_radio:repeater" v="yes" />
    <tag k="communication:amateur_radio:repeater:ctcss" v="123" />
    <tag k="communication:amateur_radio:repeater:frequency_out" v="145.575 MHz" />
    <tag k="communication:amateur_radio:repeater:modulation" v="11K2F3E" />
    <tag k="communication:amateur_radio:repeater:shift" v="-0.6 MHz" />
    <tag k="group" v="Inntrøndelag" />
    <tag k="name" v="LA7JR" />
    <tag k="note" v="position from repeaterbook; disagreement; missing_osm; outside_locator:repeaterbook" />
    <tag k="nrrl:group_page" v="https://nrrl.no/grupper/trondelag/inntrondelagsgruppen/" />
    <tag k="qth" v="Verdal/Marsteinsvola" />
  </node>
  <way id="-119" visible="true">
    <nd ref="-117" />
    <nd ref="-118" />
    <tag k="callsign" v="LA7JR" />
    <tag k="max_disagreement_m" v="21723.4" />
    <tag k="note" v="disagreement 21723.4 m; disagreement; missing_osm; outside_locator:repeaterbook" />
    <tag k="name" v="LA7JR" />
  </way>
  <node id="-120" visible="true" lat="63.312500" lon="9.125000">
    <tag k="best_source" v="nrrl_locator" />
    <tag k="callsign" v="LA7KRR" />
    <tag k="communication:amateur_radio" v="yes" />
    <tag k="communication:amateur_radio:callsign" v="LA7KRR" />
    <tag k="communication:amateur_radio:repeater" v="yes" />
    <tag k="communication:amateur_radio:repeater:frequency_out" v="434.625 MHz" />
    <tag k="communication:amateur_radio:repeater:modulation" v="11K2F3E" />
    <tag k="communication:amateur_radio:repeater:shift" v="-2 MHz" />
    <tag k="communication:amateur_radio:repeater:toneburst" v="1750" />
    <tag k="group" v="Fosen" />
    <tag k="name" v="LA7KRR" />
    <tag k="note" v="best position from nrrl_locator; missing_osm; missing_repeaterbook" />
    <tag k="nrrl:group_page" v="https://nrrl.no/grupper/trondelag/fosengruppen/" />
    <tag k="qth" v="Kyrksæterøra" />
  </node>
  <node id="-121" visible="true" lat="59.478802" lon="9.010300">
    <tag k="best_source" v="repeaterbook" />
    <tag k="callsign" v="LA7LR" />
    <tag k="communication:amateur_radio" v="yes" />
    <tag k="communication:amateur_radio:callsign" v="LA7LR" />
    <tag k="communication:amateur_radio:repeater" v="yes" />
    <tag k="communication:amateur_radio:repeater:ctcss" v="74.4" />
    <tag k="communication:amateur_radio:repeater:frequency_out" v="434.925 MHz" />
    <tag k="communication:amateur_radio:repeater:modulation" v="11K2F3E" />
    <tag k="communication:amateur_radio:repeater:shift" v="-2 MHz" />
    <tag k="group" v="Grenland" />
    <tag k="name" v="LA7LR" />
    <tag k="note" v="best position from repeaterbook; missing_osm" />
    <tag k="nrrl:group_page" v="https://nrrl.no/grupper/telemark/grenlandgruppen/" />
    <tag k="qth" v="Lifjell/Bø" />
  </node>
  <node id="-122" visible="true" lat="63.437500" lon="10.291667">
    <tag k="callsign" v="LA7LRR" />
    <tag k="communication:amateur_radio" v="yes" />
    <tag k="communication:amateur_radio:callsign" v="LA7LRR" />
    <tag k="communication:amateur_radio:repeater" v="yes" />
    <tag k="communication:amateur_radio:repeater:ctcss" v="85.4" />
    <tag k="communication:amateur_radio:repeater:frequency_out" v="145.175 MHz" />
    <tag k="communication:amateur_radio:repeater:modulation" v="11K2F3E" />
    <tag k="communication:amateur_radio:repeater:shift" v="0.6 MHz" />
    <tag k="group" v="Trondheim" />
    <tag k="name" v="LA7LRR" />
    <tag k="note" v="NRRL locator JP53DK; disagreement; missing_repeaterbook" />
    <tag k="nrrl:group_page" v="https://nrrl.no/grupper/trondelag/trondheimsgruppen/" />
    <tag k="qth" v="Gråkallen" />
    <tag k="website" v="http://www.la2t.no/" />
  </node>
  <node id="-123" visible="true" lat="63.421108" lon="10.260369">
    <tag k="callsign" v="LA7LRR" />
    <tag k="communication:amateur_radio" v="yes" />
    <tag k="communication:amateur_radio:callsign" v="LA7LRR" />
    <tag k="communication:amateur_radio:repeater" v="yes" />
    <tag k="communication:amateur_radio:repeater:ctcss" v="85.4" />
    <tag k="communication:amateur_radio:repeater:frequency_out" v="145.175 MHz" />
    <tag k="communication:amateur_radio:repeater:modulation" v="11K2F3E" />
    <tag k="communication:amateur_radio:repeater:shift" v="0.6 MHz" />
    <tag k="group" v="Trondheim" />
    <tag k="name" v="LA7LRR" />
    <tag k="note" v="position from osm; disagreement; missing_repeaterbook" />
    <tag k="nrrl:group_page" v="https://nrrl.no/grupper/trondelag/trondheimsgruppen/" />
    <tag k="qth" v="Gråkallen" />
    <tag k="website" v="http://www.la2t.no/" />
  </node>
  <way id="-124" visible="true">
    <nd ref="-122" />
    <nd ref="-123" />
    <tag k="callsign" v="LA7LRR" />
    <tag k="max_disagreement_m" v="2396.9" />
    <tag k="note" v="disagreement 2396.9 m; disagreement; missing_repeaterbook" />
    <tag k="name" v="LA7LRR" />
  </way>
  <node id="-125" visible="true" lat="66.187500" lon="13.708333">
    <tag k="callsign" v="LA7MR" />
    <tag k="communication:amateur_radio" v="yes" />
    <tag k="communication:amateur_radio:callsign" v="LA7MR" />
    <tag k="communication:amateur_radio:repeater" v="yes" />
    <tag k="communication:amateur_radio:repeater:ctcss" v="88.5" />
    <tag k="communication:amateur_radio:repeater:frequency_out" v="145.675 MHz" />
    <tag k="communication:amateur_radio:repeater:modulation" v="11K2F3E" />
    <tag k="communication:amateur_radio:repeater:shift" v="-0.6 MHz" />
    <tag k="group" v="Mo i Rana" />
    <tag k="name" v="LA7MR" />
    <tag k="note" v="NRRL locator JP66UE; disagreement; missing_osm; outside_locator:repeaterbook" />
    <tag k="nrrl:group_page" v="https://nrrl.no/grupper/nordland/mogruppen/" />
    <tag k="qth" v="Veten" />
    <tag k="website" v="http://la3m.no/" />
  </node>
  <node id="-126" visible="true" lat="66.208900" lon="13.738600">
    <tag k="callsign" v="LA7MR" />
    <tag k="communication:amateur_radio" v="yes" />
    <tag k="communication:amateur_radio:callsign" v="LA7MR" />
    <tag k="communication:amateur_radio:repeater" v="yes" />
    <tag k="communication:amateur_radio:repeater:ctcss" v="88.5" />
    <tag k="communication:amateur_radio:repeater:frequency_out" v="145.675 MHz" />
    <tag k="communication:amateur_radio:repeater:modulation" v="11K2F3E" />
    <tag k="communication:amateur_radio:repeater:shift" v="-0.6 MHz" />
    <tag k="group" v="Mo i Rana" />
    <tag k="name" v="LA7MR" />
    <tag k="note" v="position from repeaterbook; disagreement; missing_osm; outside_locator:repeaterbook" />
    <tag k="nrrl:group_page" v="https://nrrl.no/grupper/nordland/mogruppen/" />
    <tag k="qth" v="Veten" />
    <tag k="website" v="http://la3m.no/" />
  </node>
  <way id="-127" visible="true">
    <nd ref="-125" />
    <nd ref="-126" />
    <tag k="callsign" v="LA7MR" />
    <tag k="max_disagreement_m" v="2740.0" />
    <tag k="note" v="disagreement 2740.0 m; disagreement; missing_osm; outside_locator:repeaterbook" />
    <tag k="name" v="LA7MR" />
  </way>
  <node id="-128" visible="true" lat="64.479167" lon="11.458333">
    <tag k="callsign" v="LA7NR" />
    <tag k="communication:amateur_radio" v="yes" />
    <tag k="communication:amateur_radio:callsign" v="LA7NR" />
    <tag k="communication:amateur_radio:repeater" v="yes" />
    <tag k="communication:amateur_radio:repeater:ctcss" v="85.4" />
    <tag k="communication:amateur_radio:repeater:frequency_out" v="145.775 MHz" />
    <tag k="communication:amateur_radio:repeater:modulation" v="11K2F3E" />
    <tag k="communication:amateur_radio:repeater:shift" v="-0.6 MHz" />
    <tag k="group" v="Namdal" />
    <tag k="name" v="LA7NR" />
    <tag k="note" v="NRRL locator JP54RL; disagreement; outside_locator:repeaterbook" />
    <tag k="nrrl:group_page" v="https://nrrl.no/grupper/trondelag/namdalsgruppen/" />
    <tag k="qth" v="Vattafjell" />
    <tag k="website" v="http://la7n-namdal.blogspot.com/" />
  </node>
  <node id="-129" visible="true" lat="64.464670" lon="11.450693">
    <tag k="callsign" v="LA7NR" />
    <tag k="communication:amateur_radio" v="yes" />
    <tag k="communication:amateur_radio:callsign" v="LA7NR" />
    <tag k="communication:amateur_radio:repeater" v="yes" />
    <tag k="communication:amateur_radio:repeater:ctcss" v="85.4" />
    <tag k="communication:amateur_radio:repeater:frequency_out" v="145.775 MHz" />
    <tag k="communication:amateur_radio:repeater:modulation" v="11K2F3E" />
    <tag k="communication:amateur_radio:repeater:shift" v="-0.6 MHz" />
    <tag k="group" v="Namdal" />
    <tag k="name" v="LA7NR" />
    <tag k="note" v="position from osm; disagreement; outside_locator:repeaterbook" />
    <tag k="nrrl:group_page" v="https://nrrl.no/grupper/trondelag/namdalsgruppen/" />
    <tag k="qth" v="Vattafjell" />
    <tag k="website" v="http://la7n-namdal.blogspot.com/" />
  </node>
  <node id="-130" visible="true" lat="64.414299" lon="11.244900">
    <tag k="callsign" v="LA7NR" />
    <tag k="communication:amateur_radio" v="yes" />
    <tag k="communication:amateur_radio:callsign" v="LA7NR" />
    <tag k="communication:amateur_radio:repeater" v="yes" />
    <tag k="communication:amateur_radio:repeater:ctcss" v="85.4" />
    <tag k="communication:amateur_radio:repeater:frequency_out" v="145.775 MHz" />
    <tag k="communication:amateur_radio:repeater:modulation" v="11K2F3E" />
    <tag k="communication:amateur_radio:repeater:shift" v="-0.6 MHz" />
    <tag k="group" v="Namdal" />
    <tag k="name" v="LA7NR" />
    <tag k="note" v="position from repeaterbook; disagreement; outside_locator:repeaterbook" />
    <tag k="nrrl:group_page" v="https://nrrl.no/grupper/trondelag/namdalsgruppen/" />
    <tag k="qth" v="Vattafjell" />
    <tag k="website" v="http://la7n-namdal.blogspot.com/" />
  </node>
  <way id="-131" visible="true">
    <nd ref="-128" />
    <nd ref="-129" />
    <nd ref="-130" />
    <nd ref="-128" />
    <tag k="callsign" v="LA7NR" />
    <tag k="max_disagreement_m" v="12523.0" />
    <tag k="note" v="disagreement 12523.0 m; disagreement; outside_locator:repeaterbook" />
    <tag k="name" v="LA7NR" />
  </way>
  <node id="-132" visible="true" lat="59.887550" lon="10.792669">
    <tag k="best_source" v="osm" />
    <tag k="callsign" v="LA7OR" />
    <tag k="communication:amateur_radio" v="yes" />
    <tag k="communication:amateur_radio:callsign" v="LA7OR" />
    <tag k="communication:amateur_radio:repeater" v="yes" />
    <tag k="communication:amateur_radio:repeater:ctcss" v="123" />
    <tag k="communication:amateur_radio:repeater:frequency_out" v="434.775 MHz" />
    <tag k="communication:amateur_radio:repeater:modulation" v="11K2F3E;9K36F7W" />
    <tag k="communication:amateur_radio:repeater:shift" v="-2 MHz" />
    <tag k="group" v="Oslo" />
    <tag k="name" v="LA7OR" />
    <tag k="note" v="best position from osm" />
    <tag k="nrrl:group_page" v="https://nrrl.no/grupper/oslo/oslogruppen/" />
    <tag k="qth" v="Brannfjell" />
    <tag k="website" v="https://la4o.no/" />
  </node>
  <node id="-133" visible="true" lat="62.568401" lon="9.710300">
    <tag k="best_source" v="repeaterbook" />
    <tag k="callsign" v="LA7ORR" />
    <tag k="communication:amateur_radio" v="yes" />
    <tag k="communication:amateur_radio:callsign" v="LA7ORR" />
    <tag k="communication:amateur_radio:repeater" v="yes" />
    <tag k="communication:amateur_radio:repeater:ctcss" v="85.4" />
    <tag k="communication:amateur_radio:repeater:frequency_out" v="145.775 MHz" />
    <tag k="communication:amateur_radio:repeater:modulation" v="11K2F3E" />
    <tag k="communication:amateur_radio:repeater:shift" v="-0.6 MHz" />
    <tag k="group" v="Trondheim" />
    <tag k="name" v="LA7ORR" />
    <tag k="note" v="best position from repeaterbook; missing_osm" />
    <tag k="nrrl:group_page" v="https://nrrl.no/grupper/trondelag/trondheimsgruppen/" />
    <tag k="qth" v="Oppdal" />
    <tag k="website" v="http://www.la2t.no/" />
  </node>
  <node id="-134" visible="true" lat="59.367298" lon="10.812900">
    <tag k="best_source" v="repeaterbook" />
    <tag k="callsign" v="LA7PR" />
    <tag k="communication:amateur_radio" v="yes" />
    <tag k="communication:amateur_radio:callsign" v="LA7PR" />
    <tag k="communication:amateur_radio:repeater" v="yes" />
    <tag k="communication:amateur_radio:repeater:frequency_out" v="145.6625 MHz" />
    <tag k="communication:amateur_radio:repeater:modulation" v="11K2F3E" />
    <tag k="communication:amateur_radio:repeater:shift" v="-0.6 MHz" />
    <tag k="communication:amateur_radio:repeater:toneburst" v="1750" />
    <tag k="group" v="Moss" />
    <tag k="name" v="LA7PR" />
    <tag k="note" v="best position from repeaterbook; missing_osm" />
    <tag k="nrrl:group_page" v="https://nrrl.no/grupper/ostfold/mossegruppen/" />
    <tag k="qth" v="Grimstadtoppen" />
    <tag k="website" v="https://www.la5m.no/" />
  </node>
  <node id="-135" visible="true" lat="63.437500" lon="10.291667">
    <tag k="callsign" v="LA7RR" />
    <tag k="communication:amateur_radio" v="yes" />
    <tag k="communication:amateur_radio:callsign" v="LA7RR" />
    <tag k="communication:amateur_radio:repeater" v="yes" />
    <tag k="communication:amateur_radio:repeater:frequency_out" v="145.7 MHz" />
    <tag k="communication:amateur_radio:repeater:modulation" v="11K2F3E" />
    <tag k="communication:amateur_radio:repeater:shift" v="-0.6 MHz" />
    <tag k="communication:amateur_radio:repeater:toneburst" v="1750" />
    <tag k="group" v="Trondheim" />
    <tag k="name" v="LA7RR" />
    <tag k="note" v="NRRL locator JP53DK; disagreement" />
    <tag k="nrrl:group_page" v="https://nrrl.no/grupper/trondelag/trondheimsgruppen/" />
    <tag k="qth" v="Gråkallen" />
    <tag k="website" v="http://www.la2t.no/" />
  </node>
  <node id="-136" visible="true" lat="63.421108" lon="10.260369">
    <tag k="callsign" v="LA7RR" />
    <tag k="communication:amateur_radio" v="yes" />
    <tag k="communication:amateur_radio:callsign" v="LA7RR" />
    <tag k="communication:amateur_radio:repeater" v="yes" />
    <tag k="communication:amateur_radio:repeater:frequency_out" v="145.7 MHz" />
    <tag k="communication:amateur_radio:repeater:modulation" v="11K2F3E" />
    <tag k="communication:amateur_radio:repeater:shift" v="-0.6 MHz" />
    <tag k="communication:amateur_radio:repeater:toneburst" v="1750" />
    <tag k="group" v="Trondheim" />
    <tag k="name" v="LA7RR" />
    <tag k="note" v="position from osm; disagreement" />
    <tag k="nrrl:group_page" v="https://nrrl.no/grupper/trondelag/trondheimsgruppen/" />
    <tag k="qth" v="Gråkallen" />
    <tag k="website" v="http://www.la2t.no/" />
  </node>
  <node id="-137" visible="true" lat="63.420799" lon="10.260800">
    <tag k="callsign" v="LA7RR" />
    <tag k="communication:amateur_radio" v="yes" />
    <tag k="communication:amateur_radio:callsign" v="LA7RR" />
    <tag k="communication:amateur_radio:repeater" v="yes" />
    <tag k="communication:amateur_radio:repeater:frequency_out" v="145.7 MHz" />
    <tag k="communication:amateur_radio:repeater:modulation" v="11K2F3E" />
    <tag k="communication:amateur_radio:repeater:shift" v="-0.6 MHz" />
    <tag k="communication:amateur_radio:repeater:toneburst" v="1750" />
    <tag k="group" v="Trondheim" />
    <tag k="name" v="LA7RR" />
    <tag k="note" v="position from repeaterbook; disagreement" />
    <tag k="nrrl:group_page" v="https://nrrl.no/grupper/trondelag/trondheimsgruppen/" />
    <tag k="qth" v="Gråkallen" />
    <tag k="website" v="http://www.la2t.no/" />
  </node>
  <way id="-138" visible="true">
    <nd ref="-135" />
    <nd ref="-136" />
    <nd ref="-137" />
    <nd ref="-135" />
    <tag k="callsign" v="LA7RR" />
    <tag k="max_disagreement_m" v="2409.5" />
    <tag k="note" v="disagreement 2409.5 m; disagreement" />
    <tag k="name" v="LA7RR" />
  </way>
  <node id="-139" visible="true" lat="60.817333" lon="11.346667">
    <tag k="best_source" v="local" />
    <tag k="callsign" v="LA7RRA-B" />
    <tag k="communication:amateur_radio" v="yes" />
    <tag k="communication:amateur_radio:callsign" v="LA7RRA-B" />
    <tag k="communication:amateur_radio:repeater" v="yes" />
    <tag k="communication:amateur_radio:repeater:frequency_out" v="433.575 MHz" />
    <tag k="communication:amateur_radio:repeater:modulation" v="6K00F7W" />
    <tag k="fixme" v="operator_override" />
    <tag k="group" v="Hamar" />
    <tag k="name" v="LA7RRA-B" />
    <tag k="note" v="70cm D-STAR voice gateway heard on aprs.no / aprs.fi (not in NRRL). Locator JP50QT.; operator override position; missing_osm; missing_repeaterbook" />
    <tag k="nrrl:group_page" v="https://nrrl.no/grupper/innlandet/hamargruppen/" />
    <tag k="qth" v="Hamar" />
  </node>
  <node id="-140" visible="true" lat="59.031601" lon="10.201200">
    <tag k="best_source" v="repeaterbook" />
    <tag k="callsign" v="LA7SR" />
    <tag k="communication:amateur_radio" v="yes" />
    <tag k="communication:amateur_radio:callsign" v="LA7SR" />
    <tag k="communication:amateur_radio:repeater" v="yes" />
    <tag k="communication:amateur_radio:repeater:ctcss" v="74.4" />
    <tag k="communication:amateur_radio:repeater:frequency_out" v="434.8 MHz" />
    <tag k="communication:amateur_radio:repeater:modulation" v="11K2F3E" />
    <tag k="communication:amateur_radio:repeater:shift" v="-2 MHz" />
    <tag k="dmr_id" v="242804" />
    <tag k="group" v="Tønsberg" />
    <tag k="name" v="LA7SR" />
    <tag k="note" v="best position from repeaterbook; missing_osm" />
    <tag k="nrrl:group_page" v="https://nrrl.no/grupper/vestfold/tonsberggruppen/" />
    <tag k="qth" v="Sandefjord/Kjerringberget" />
    <tag k="website" v="http://la1t.no/" />
  </node>
  <node id="-141" visible="true" lat="63.526921" lon="10.887306">
    <tag k="best_source" v="osm" />
    <tag k="callsign" v="LA7TR" />
    <tag k="communication:amateur_radio" v="yes" />
    <tag k="communication:amateur_radio:callsign" v="LA7TR" />
    <tag k="communication:amateur_radio:repeater" v="yes" />
    <tag k="communication:amateur_radio:repeater:frequency_out" v="434.675 MHz" />
    <tag k="communication:amateur_radio:repeater:modulation" v="11K2F3E" />
    <tag k="communication:amateur_radio:repeater:shift" v="-2 MHz" />
    <tag k="communication:amateur_radio:repeater:toneburst" v="1750" />
    <tag k="group" v="Stjørdal" />
    <tag k="name" v="LA7TR" />
    <tag k="note" v="best position from osm; missing_repeaterbook" />
    <tag k="nrrl:group_page" v="https://nrrl.no/grupper/trondelag/stjordalsgruppa/" />
    <tag k="qth" v="Forbordfjell" />
  </node>
  <node id="-142" visible="true" lat="68.562500" lon="14.875000">
    <tag k="callsign" v="LA7VR" />
    <tag k="communication:amateur_radio" v="yes" />
    <tag k="communication:amateur_radio:callsign" v="LA7VR" />
    <tag k="communication:amateur_radio:repeater" v="yes" />
    <tag k="communication:amateur_radio:repeater:frequency_out" v="145.6 MHz" />
    <tag k="communication:amateur_radio:repeater:modulation" v="11K2F3E" />
    <tag k="communication:amateur_radio:repeater:shift" v="-0.6 MHz" />
    <tag k="communication:amateur_radio:repeater:toneburst" v="1750" />
    <tag k="group" v="Vesterålen" />
    <tag k="name" v="LA7VR" />
    <tag k="note" v="NRRL locator JP78KN; disagreement; missing_osm" />
    <tag k="nrrl:group_page" v="https://nrrl.no/grupper/nordland/vesteralsgruppen/" />
    <tag k="qth" v="Hadseløya" />
  </node>
  <node id="-143" visible="true" lat="68.543900" lon="14.868400">
    <tag k="callsign" v="LA7VR" />
    <tag k="communication:amateur_radio" v="yes" />
    <tag k="communication:amateur_radio:callsign" v="LA7VR" />
    <tag k="communication:amateur_radio:repeater" v="yes" />
    <tag k="communication:amateur_radio:repeater:frequency_out" v="145.6 MHz" />
    <tag k="communication:amateur_radio:repeater:modulation" v="11K2F3E" />
    <tag k="communication:amateur_radio:repeater:shift" v="-0.6 MHz" />
    <tag k="communication:amateur_radio:repeater:toneburst" v="1750" />
    <tag k="group" v="Vesterålen" />
    <tag k="name" v="LA7VR" />
    <tag k="note" v="position from repeaterbook; disagreement; missing_osm" />
    <tag k="nrrl:group_page" v="https://nrrl.no/grupper/nordland/vesteralsgruppen/" />
    <tag k="qth" v="Hadseløya" />
  </node>
  <way id="-144" visible="true">
    <nd ref="-142" />
    <nd ref="-143" />
    <tag k="callsign" v="LA7VR" />
    <tag k="max_disagreement_m" v="2085.6" />
    <tag k="note" v="disagreement 2085.6 m; disagreement; missing_osm" />
    <tag k="name" v="LA7VR" />
  </way>
  <node id="-145" visible="true" lat="69.984497" lon="23.552799">
    <tag k="best_source" v="repeaterbook" />
    <tag k="callsign" v="LA7YR" />
    <tag k="communication:amateur_radio" v="yes" />
    <tag k="communication:amateur_radio:callsign" v="LA7YR" />
    <tag k="communication:amateur_radio:repeater" v="yes" />
    <tag k="communication:amateur_radio:repeater:ctcss" v="91.5" />
    <tag k="communication:amateur_radio:repeater:frequency_out" v="145.7 MHz" />
    <tag k="communication:amateur_radio:repeater:modulation" v="11K2F3E" />
    <tag k="communication:amateur_radio:repeater:shift" v="-0.6 MHz" />
    <tag k="group" v="Alta" />
    <tag k="name" v="LA7YR" />
    <tag k="note" v="best position from repeaterbook; missing_osm" />
    <tag k="nrrl:group_page" v="https://nrrl.no/grupper/finnmark/altagruppen/" />
    <tag k="qth" v="Kvanfjellet" />
    <tag k="website" v="http://la5a.no/" />
  </node>
  <node id="-146" visible="true" lat="67.187500" lon="15.041700">
    <tag k="best_source" v="repeaterbook" />
    <tag k="callsign" v="LA8BR" />
    <tag k="communication:amateur_radio" v="yes" />
    <tag k="communication:amateur_radio:callsign" v="LA8BR" />
    <tag k="communication:amateur_radio:repeater" v="yes" />
    <tag k="communication:amateur_radio:repeater:ctcss" v="123" />
    <tag k="communication:amateur_radio:repeater:frequency_out" v="145.625 MHz" />
    <tag k="communication:amateur_radio:repeater:modulation" v="11K2F3E" />
    <tag k="communication:amateur_radio:repeater:shift" v="-0.6 MHz" />
    <tag k="group" v="Fauske" />
    <tag k="name" v="LA8BR" />
    <tag k="note" v="best position from repeaterbook; missing_osm" />
    <tag k="nrrl:group_page" v="https://nrrl.no/grupper/nordland/fauskegruppen/" />
    <tag k="qth" v="Klettkoven" />
  </node>
  <node id="-147" visible="true" lat="59.937500" lon="11.041667">
    <tag k="callsign" v="LA8CR" />
    <tag k="communication:amateur_radio" v="yes" />
    <tag k="communication:amateur_radio:callsign" v="LA8CR" />
    <tag k="communication:amateur_radio:repeater" v="yes" />
    <tag k="communication:amateur_radio:repeater:frequency_out" v="145.7625 MHz" />
    <tag k="communication:amateur_radio:repeater:modulation" v="11K2F3E" />
    <tag k="communication:amateur_radio:repeater:shift" v="-0.6 MHz" />
    <tag k="communication:amateur_radio:repeater:toneburst" v="1750" />
    <tag k="group" v="Romerike" />
    <tag k="name" v="LA8CR" />
    <tag k="note" v="NRRL locator JO59MW; disagreement" />
    <tag k="nrrl:group_page" v="https://nrrl.no/grupper/akershus/nedre-romerikegruppen/" />
    <tag k="qth" v="Bjønnåsen" />
    <tag k="website" v="https://www.la9l.no/" />
  </node>
  <node id="-148" visible="true" lat="68.437500" lon="17.375000">
    <tag k="best_source" v="nrrl_locator" />
    <tag k="callsign" v="LA8CRR" />
    <tag k="communication:amateur_radio" v="yes" />
    <tag k="communication:amateur_radio:callsign" v="LA8CRR" />
    <tag k="communication:amateur_radio:repeater" v="yes" />
    <tag k="communication:amateur_radio:repeater:ctcss" v="88.5" />
    <tag k="communication:amateur_radio:repeater:frequency_out" v="434.85 MHz" />
    <tag k="communication:amateur_radio:repeater:modulation" v="11K2F3E" />
    <tag k="communication:amateur_radio:repeater:shift" v="-2 MHz" />
    <tag k="group" v="Narvik" />
    <tag k="name" v="LA8CRR" />
    <tag k="note" v="best position from nrrl_locator; missing_osm; missing_repeaterbook" />
    <tag k="nrrl:group_page" v="https://nrrl.no/grupper/nordland/narvikgruppen/" />
    <tag k="qth" v="Narvik/Solhaugen" />
    <tag k="website" v="http://la1n.no/" />
  </node>
  <node id="-149" visible="true" lat="58.762259" lon="5.667756">
    <tag k="best_source" v="local" />
    <tag k="callsign" v="LA8DR" />
    <tag k="communication:amateur_radio" v="yes" />
    <tag k="communication:amateur_radio:callsign" v="LA8DR" />
    <tag k="communication:amateur_radio:repeater" v="yes" />
    <tag k="communication:amateur_radio:repeater:frequency_out" v="145.675 MHz" />
    <tag k="communication:amateur_radio:repeater:modulation" v="11K2F3E" />
    <tag k="communication:amateur_radio:repeater:shift" v="-0.6 MHz" />
    <tag k="communication:amateur_radio:repeater:toneburst" v="1750" />
    <tag k="dmr_id" v="242007" />
    <tag k="fixme" v="operator_override" />
    <tag k="group" v="Jæren" />
    <tag k="name" v="LA8DR" />
    <tag k="note" v="Operator position 58.7622588, 5.6677555.; operator override position; missing_osm; missing_repeaterbook" />
    <tag k="nrrl:group_page" v="https://nrrl.no/grupper/rogaland/jaergruppen/" />
    <tag k="qth" v="Laland" />
    <tag k="website" v="https://www.la1j.no/" />
  </node>
  <node id="-150" visible="true" lat="60.376421" lon="11.158114">
    <tag k="best_source" v="local" />
    <tag k="callsign" v="LA8ER" />
    <tag k="communication:amateur_radio" v="yes" />
    <tag k="communication:amateur_radio:callsign" v="LA8ER" />
    <tag k="communication:amateur_radio:repeater" v="yes" />
    <tag k="communication:amateur_radio:repeater:ctcss" v="123" />
    <tag k="communication:amateur_radio:repeater:frequency_out" v="434.875 MHz" />
    <tag k="communication:amateur_radio:repeater:modulation" v="11K2F3E;7K60FXE" />
    <tag k="communication:amateur_radio:repeater:shift" v="-2 MHz" />
    <tag k="dmr_id" v="242105" />
    <tag k="fixme" v="operator_override" />
    <tag k="group" v="Gardermoen" />
    <tag k="name" v="LA8ER" />
    <tag k="note" v="Mistberget.; operator override position" />
    <tag k="nrrl:group_page" v="https://nrrl.no/grupper/akershus/gardermogruppen/" />
    <tag k="qth" v="Mistberget" />
    <tag k="website" v="https://www.la2g.no/" />
  </node>
  <node id="-151" visible="true" lat="63.693699" lon="10.210700">
    <tag k="best_source" v="repeaterbook" />
    <tag k="callsign" v="LA8FR" />
    <tag k="communication:amateur_radio" v="yes" />
    <tag k="communication:amateur_radio:callsign" v="LA8FR" />
    <tag k="communication:amateur_radio:repeater" v="yes" />
    <tag k="communication:amateur_radio:repeater:frequency_out" v="145.625 MHz" />
    <tag k="communication:amateur_radio:repeater:modulation" v="11K2F3E" />
    <tag k="communication:amateur_radio:repeater:shift" v="-0.6 MHz" />
    <tag k="communication:amateur_radio:repeater:toneburst" v="1750" />
    <tag k="group" v="Fosen" />
    <tag k="name" v="LA8FR" />
    <tag k="note" v="best position from repeaterbook; missing_osm" />
    <tag k="nrrl:group_page" v="https://nrrl.no/grupper/trondelag/fosengruppen/" />
    <tag k="qth" v="Olsøyheia" />
  </node>
  <node id="-152" visible="true" lat="61.062500" lon="5.125000">
    <tag k="callsign" v="LA8GR" />
    <tag k="communication:amateur_radio" v="yes" />
    <tag k="communication:amateur_radio:callsign" v="LA8GR" />
    <tag k="communication:amateur_radio:repeater" v="yes" />
    <tag k="communication:amateur_radio:repeater:ctcss" v="97.4" />
    <tag k="communication:amateur_radio:repeater:frequency_out" v="145.775 MHz" />
    <tag k="communication:amateur_radio:repeater:modulation" v="11K2F3E" />
    <tag k="communication:amateur_radio:repeater:shift" v="-0.6 MHz" />
    <tag k="group" v="Bergen" />
    <tag k="name" v="LA8GR" />
    <tag k="note" v="NRRL locator JP21NB; disagreement; missing_osm; outside_locator:repeaterbook" />
    <tag k="nrrl:group_page" v="https://nrrl.no/grupper/vestland/bergensgruppen/" />
    <tag k="qth" v="Bråtsviksåta" />
    <tag k="website" v="https://www.la1b.no/" />
  </node>
  <node id="-153" visible="true" lat="61.037201" lon="5.158500">
    <tag k="callsign" v="LA8GR" />
    <tag k="communication:amateur_radio" v="yes" />
    <tag k="communication:amateur_radio:callsign" v="LA8GR" />
    <tag k="communication:amateur_radio:repeater" v="yes" />
    <tag k="communication:amateur_radio:repeater:ctcss" v="97.4" />
    <tag k="communication:amateur_radio:repeater:frequency_out" v="145.775 MHz" />
    <tag k="communication:amateur_radio:repeater:modulation" v="11K2F3E" />
    <tag k="communication:amateur_radio:repeater:shift" v="-0.6 MHz" />
    <tag k="group" v="Bergen" />
    <tag k="name" v="LA8GR" />
    <tag k="note" v="position from repeaterbook; disagreement; missing_osm; outside_locator:repeaterbook" />
    <tag k="nrrl:group_page" v="https://nrrl.no/grupper/vestland/bergensgruppen/" />
    <tag k="qth" v="Bråtsviksåta" />
    <tag k="website" v="https://www.la1b.no/" />
  </node>
  <way id="-154" visible="true">
    <nd ref="-152" />
    <nd ref="-153" />
    <tag k="callsign" v="LA8GR" />
    <tag k="max_disagreement_m" v="3341.4" />
    <tag k="note" v="disagreement 3341.4 m; disagreement; missing_osm; outside_locator:repeaterbook" />
    <tag k="name" v="LA8GR" />
  </way>
  <node id="-155" visible="true" lat="60.562500" lon="8.208333">
    <tag k="callsign" v="LA8HR" />
    <tag k="communication:amateur_radio" v="yes" />
    <tag k="communication:amateur_radio:callsign" v="LA8HR" />
    <tag k="communication:amateur_radio:repeater" v="yes" />
    <tag k="communication:amateur_radio:repeater:ctcss" v="74.4" />
    <tag k="communication:amateur_radio:repeater:frequency_out" v="145.65 MHz" />
    <tag k="communication:amateur_radio:repeater:modulation" v="11K2F3E" />
    <tag k="communication:amateur_radio:repeater:shift" v="-0.6 MHz" />
    <tag k="group" v="Hallingdal" />
    <tag k="name" v="LA8HR" />
    <tag k="note" v="NRRL locator JP40CN; disagreement; missing_osm; outside_locator:repeaterbook" />
    <tag k="nrrl:group_page" v="https://nrrl.no/grupper/buskerud/hallingdalsgruppa/" />
    <tag k="qth" v="Geilo" />
  </node>
  <node id="-156" visible="true" lat="60.540806" lon="8.195663">
    <tag k="callsign" v="LA8HR" />
    <tag k="communication:amateur_radio" v="yes" />
    <tag k="communication:amateur_radio:callsign" v="LA8HR" />
    <tag k="communication:amateur_radio:repeater" v="yes" />
    <tag k="communication:amateur_radio:repeater:ctcss" v="74.4" />
    <tag k="communication:amateur_radio:repeater:frequency_out" v="145.65 MHz" />
    <tag k="communication:amateur_radio:repeater:modulation" v="11K2F3E" />
    <tag k="communication:amateur_radio:repeater:shift" v="-0.6 MHz" />
    <tag k="group" v="Hallingdal" />
    <tag k="name" v="LA8HR" />
    <tag k="note" v="position from repeaterbook; disagreement; missing_osm; outside_locator:repeaterbook" />
    <tag k="nrrl:group_page" v="https://nrrl.no/grupper/buskerud/hallingdalsgruppa/" />
    <tag k="qth" v="Geilo" />
  </node>
  <way id="-157" visible="true">
    <nd ref="-155" />
    <nd ref="-156" />
    <tag k="callsign" v="LA8HR" />
    <tag k="max_disagreement_m" v="2509.8" />
    <tag k="note" v="disagreement 2509.8 m; disagreement; missing_osm; outside_locator:repeaterbook" />
    <tag k="name" v="LA8HR" />
  </way>
  <node id="-158" visible="true" lat="66.212700" lon="13.054200">
    <tag k="best_source" v="repeaterbook" />
    <tag k="callsign" v="LA8HRR" />
    <tag k="communication:amateur_radio" v="yes" />
    <tag k="communication:amateur_radio:callsign" v="LA8HRR" />
    <tag k="communication:amateur_radio:repeater" v="yes" />
    <tag k="communication:amateur_radio:repeater:ctcss" v="88.5" />
    <tag k="communication:amateur_radio:repeater:frequency_out" v="433.95 MHz" />
    <tag k="communication:amateur_radio:repeater:modulation" v="20K0F2D;11K2F3E" />
    <tag k="group" v="Mo i Rana" />
    <tag k="name" v="LA8HRR" />
    <tag k="note" v="best position from repeaterbook; missing_osm" />
    <tag k="nrrl:group_page" v="https://nrrl.no/grupper/nordland/mogruppen/" />
    <tag k="qth" v="Nessna" />
    <tag k="website" v="http://la3m.no/" />
  </node>
  <node id="-159" visible="true" lat="63.860939" lon="11.524469">
    <tag k="best_source" v="radioid" />
    <tag k="callsign" v="LA8JR" />
    <tag k="communication:amateur_radio" v="yes" />
    <tag k="communication:amateur_radio:callsign" v="LA8JR" />
    <tag k="communication:amateur_radio:repeater" v="yes" />
    <tag k="communication:amateur_radio:repeater:frequency_out" v="434.6 MHz" />
    <tag k="communication:amateur_radio:repeater:modulation" v="11K2F3E" />
    <tag k="communication:amateur_radio:repeater:toneburst" v="1750" />
    <tag k="group" v="Inntrøndelag" />
    <tag k="name" v="LA8JR" />
    <tag k="note" v="best position from radioid; missing_osm; missing_repeaterbook" />
    <tag k="nrrl:group_page" v="https://nrrl.no/grupper/trondelag/inntrondelagsgruppen/" />
    <tag k="qth" v="Verdal/Marsteinsvola" />
  </node>
  <node id="-160" visible="true" lat="59.687500" lon="9.541667">
    <tag k="callsign" v="LA8KR" />
    <tag k="communication:amateur_radio" v="yes" />
    <tag k="communication:amateur_radio:callsign" v="LA8KR" />
    <tag k="communication:amateur_radio:repeater" v="yes" />
    <tag k="communication:amateur_radio:repeater:ctcss" v="74.4" />
    <tag k="communication:amateur_radio:repeater:frequency_out" v="145.7 MHz" />
    <tag k="communication:amateur_radio:repeater:modulation" v="11K2F3E" />
    <tag k="communication:amateur_radio:repeater:shift" v="-0.6 MHz" />
    <tag k="group" v="Kongsberg" />
    <tag k="name" v="LA8KR" />
    <tag k="note" v="NRRL locator JO49SQ; disagreement" />
    <tag k="nrrl:group_page" v="https://nrrl.no/grupper/buskerud/kongsberggruppen/" />
    <tag k="qth" v="Jonsknuten" />
    <tag k="website" v="https://www.la8z.com" />
  </node>
  <node id="-161" visible="true" lat="59.395833" lon="5.375000">
    <tag k="callsign" v="LA8LR" />
    <tag k="communication:amateur_radio" v="yes" />
    <tag k="communication:amateur_radio:callsign" v="LA8LR" />
    <tag k="communication:amateur_radio:repeater" v="yes" />
    <tag k="communication:amateur_radio:repeater:frequency_out" v="145.65 MHz" />
    <tag k="communication:amateur_radio:repeater:modulation" v="11K2F3E" />
    <tag k="communication:amateur_radio:repeater:shift" v="-0.6 MHz" />
    <tag k="communication:amateur_radio:repeater:toneburst" v="1750" />
    <tag k="group" v="Haugaland" />
    <tag k="name" v="LA8LR" />
    <tag k="note" v="NRRL locator JO29QJ; disagreement; outside_locator:osm; outside_locator:repeaterbook" />
    <tag k="nrrl:group_page" v="https://nrrl.no/grupper/rogaland/haugalandgruppen/" />
    <tag k="qth" v="Kringsjå" />
  </node>
  <node id="-162" visible="true" lat="62.770833" lon="7.291667">
    <tag k="callsign" v="LA8MR" />
    <tag k="communication:amateur_radio" v="yes" />
    <tag k="communication:amateur_radio:callsign" v="LA8MR" />
    <tag k="communication:amateur_radio:repeater" v="yes" />
    <tag k="communication:amateur_radio:repeater:ctcss" v="123" />
    <tag k="communication:amateur_radio:repeater:frequency_out" v="145.775 MHz" />
    <tag k="communication:amateur_radio:repeater:modulation" v="11K2F3E;9K36F7W" />
    <tag k="communication:amateur_radio:repeater:shift" v="-0.6 MHz" />
    <tag k="group" v="Molde" />
    <tag k="name" v="LA8MR" />
    <tag k="note" v="NRRL locator JP32PS; disagreement; missing_osm; outside_locator:repeaterbook" />
    <tag k="nrrl:group_page" v="https://nrrl.no/grupper/more-og-romsdal/moldegruppen/" />
    <tag k="qth" v="Molde/Tusten" />
    <tag k="website" v="https://qsl.net/la9m/" />
  </node>
  <node id="-163" visible="true" lat="62.778999" lon="7.249200">
    <tag k="callsign" v="LA8MR" />
    <tag k="communication:amateur_radio" v="yes" />
    <tag k="communication:amateur_radio:callsign" v="LA8MR" />
    <tag k="communication:amateur_radio:repeater" v="yes" />
    <tag k="communication:amateur_radio:repeater:ctcss" v="123" />
    <tag k="communication:amateur_radio:repeater:frequency_out" v="145.775 MHz" />
    <tag k="communication:amateur_radio:repeater:modulation" v="11K2F3E;9K36F7W" />
    <tag k="communication:amateur_radio:repeater:shift" v="-0.6 MHz" />
    <tag k="group" v="Molde" />
    <tag k="name" v="LA8MR" />
    <tag k="note" v="position from repeaterbook; disagreement; missing_osm; outside_locator:repeaterbook" />
    <tag k="nrrl:group_page" v="https://nrrl.no/grupper/more-og-romsdal/moldegruppen/" />
    <tag k="qth" v="Molde/Tusten" />
    <tag k="website" v="https://qsl.net/la9m/" />
  </node>
  <way id="-164" visible="true">
    <nd ref="-162" />
    <nd ref="-163" />
    <tag k="callsign" v="LA8MR" />
    <tag k="max_disagreement_m" v="2343.4" />
    <tag k="note" v="disagreement 2343.4 m; disagreement; missing_osm; outside_locator:repeaterbook" />
    <tag k="name" v="LA8MR" />
  </way>
  <node id="-165" visible="true" lat="66.312500" lon="14.125000">
    <tag k="best_source" v="nrrl_locator" />
    <tag k="callsign" v="LA8MRR" />
    <tag k="communication:amateur_radio" v="yes" />
    <tag k="communication:amateur_radio:callsign" v="LA8MRR" />
    <tag k="communication:amateur_radio:repeater" v="yes" />
    <tag k="communication:amateur_radio:repeater:ctcss" v="123" />
    <tag k="communication:amateur_radio:repeater:frequency_out" v="145.775 MHz" />
    <tag k="communication:amateur_radio:repeater:modulation" v="11K2F3E" />
    <tag k="communication:amateur_radio:repeater:shift" v="-0.6 MHz" />
    <tag k="group" v="Mo i Rana" />
    <tag k="name" v="LA8MRR" />
    <tag k="note" v="best position from nrrl_locator; missing_osm; missing_repeaterbook" />
    <tag k="nrrl:group_page" v="https://nrrl.no/grupper/nordland/mogruppen/" />
    <tag k="qth" v="Mo i Rana" />
    <tag k="website" v="http://la3m.no/" />
  </node>
  <node id="-166" visible="true" lat="70.984564" lon="25.899981">
    <tag k="best_source" v="osm" />
    <tag k="callsign" v="LA8NR" />
    <tag k="communication:amateur_radio" v="yes" />
    <tag k="communication:amateur_radio:callsign" v="LA8NR" />
    <tag k="communication:amateur_radio:repeater" v="yes" />
    <tag k="communication:amateur_radio:repeater:frequency_out" v="145.775 MHz" />
    <tag k="communication:amateur_radio:repeater:modulation" v="11K2F3E" />
    <tag k="communication:amateur_radio:repeater:shift" v="-0.6 MHz" />
    <tag k="communication:amateur_radio:repeater:toneburst" v="1750" />
    <tag k="group" v="Nordkapp" />
    <tag k="name" v="LA8NR" />
    <tag k="note" v="best position from osm" />
    <tag k="nrrl:group_page" v="https://nrrl.no/grupper/finnmark/nordkappgruppen/" />
    <tag k="qth" v="Honningsvågfjell" />
  </node>
  <node id="-167" visible="true" lat="68.437796" lon="17.396960">
    <tag k="best_source" v="repeaterbook" />
    <tag k="callsign" v="LA8NRR" />
    <tag k="communication:amateur_radio" v="yes" />
    <tag k="communication:amateur_radio:callsign" v="LA8NRR" />
    <tag k="communication:amateur_radio:repeater" v="yes" />
    <tag k="communication:amateur_radio:repeater:frequency_out" v="145.625 MHz" />
    <tag k="communication:amateur_radio:repeater:modulation" v="11K2F3E" />
    <tag k="communication:amateur_radio:repeater:shift" v="-0.6 MHz" />
    <tag k="communication:amateur_radio:repeater:toneburst" v="1750" />
    <tag k="group" v="Narvik" />
    <tag k="name" v="LA8NRR" />
    <tag k="note" v="best position from repeaterbook; missing_osm" />
    <tag k="nrrl:group_page" v="https://nrrl.no/grupper/nordland/narvikgruppen/" />
    <tag k="qth" v="Narvik/Solhaugen" />
    <tag k="website" v="http://la1n.no/" />
  </node>
  <node id="-168" visible="true" lat="60.229867" lon="10.606618">
    <tag k="best_source" v="osm" />
    <tag k="callsign" v="LA8OR" />
    <tag k="communication:amateur_radio" v="yes" />
    <tag k="communication:amateur_radio:callsign" v="LA8OR" />
    <tag k="communication:amateur_radio:repeater" v="yes" />
    <tag k="communication:amateur_radio:repeater:ctcss" v="123" />
    <tag k="communication:amateur_radio:repeater:frequency_out" v="434.6 MHz" />
    <tag k="communication:amateur_radio:repeater:modulation" v="11K2F3E;7K60FXE;6K00F7W;9K36F7W" />
    <tag k="communication:amateur_radio:repeater:shift" v="-2 MHz" />
    <tag k="dmr_id" v="242004" />
    <tag k="group" v="Ringerike" />
    <tag k="name" v="LA8OR" />
    <tag k="note" v="best position from osm" />
    <tag k="nrrl:group_page" v="https://nrrl.no/grupper/akershus/ringeriksgruppen/" />
    <tag k="qth" v="Bislingen" />
  </node>
  <node id="-169" visible="true" lat="68.520798" lon="17.041700">
    <tag k="best_source" v="repeaterbook" />
    <tag k="callsign" v="LA8ORR" />
    <tag k="communication:amateur_radio" v="yes" />
    <tag k="communication:amateur_radio:callsign" v="LA8ORR" />
    <tag k="communication:amateur_radio:repeater" v="yes" />
    <tag k="communication:amateur_radio:repeater:ctcss" v="88.5" />
    <tag k="communication:amateur_radio:repeater:frequency_in" v="433.025 MHz" />
    <tag k="communication:amateur_radio:repeater:frequency_out" v="144.65 MHz" />
    <tag k="communication:amateur_radio:repeater:modulation" v="11K2F3E" />
    <tag k="group" v="ORF" />
    <tag k="name" v="LA8ORR" />
    <tag k="note" v="best position from repeaterbook; missing_osm" />
    <tag k="qth" v="Bogen" />
  </node>
  <node id="-170" visible="true" lat="68.648106" lon="17.779975">
    <tag k="best_source" v="repeaterbook" />
    <tag k="callsign" v="LA8PRR" />
    <tag k="communication:amateur_radio" v="yes" />
    <tag k="communication:amateur_radio:callsign" v="LA8PRR" />
    <tag k="communication:amateur_radio:repeater" v="yes" />
    <tag k="communication:amateur_radio:repeater:frequency_out" v="145.6875 MHz" />
    <tag k="communication:amateur_radio:repeater:modulation" v="11K2F3E" />
    <tag k="communication:amateur_radio:repeater:shift" v="-0.6 MHz" />
    <tag k="communication:amateur_radio:repeater:toneburst" v="1750" />
    <tag k="group" v="Narvik" />
    <tag k="name" v="LA8PRR" />
    <tag k="note" v="best position from repeaterbook; missing_osm" />
    <tag k="nrrl:group_page" v="https://nrrl.no/grupper/nordland/narvikgruppen/" />
    <tag k="qth" v="Narvik/Gratangen" />
    <tag k="website" v="http://la1n.no/" />
  </node>
  <node id="-171" visible="true" lat="68.136510" lon="16.254622">
    <tag k="best_source" v="repeaterbook" />
    <tag k="callsign" v="LA8QRR" />
    <tag k="communication:amateur_radio" v="yes" />
    <tag k="communication:amateur_radio:callsign" v="LA8QRR" />
    <tag k="communication:amateur_radio:repeater" v="yes" />
    <tag k="communication:amateur_radio:repeater:frequency_out" v="145.7375 MHz" />
    <tag k="communication:amateur_radio:repeater:modulation" v="11K2F3E" />
    <tag k="communication:amateur_radio:repeater:shift" v="-0.6 MHz" />
    <tag k="communication:amateur_radio:repeater:toneburst" v="1750" />
    <tag k="group" v="Narvik" />
    <tag k="name" v="LA8QRR" />
    <tag k="note" v="best position from repeaterbook; missing_osm" />
    <tag k="nrrl:group_page" v="https://nrrl.no/grupper/nordland/narvikgruppen/" />
    <tag k="qth" v="Hundholmen" />
    <tag k="website" v="http://la1n.no/" />
  </node>
  <node id="-172" visible="true" lat="59.937500" lon="11.041667">
    <tag k="callsign" v="LA8RR" />
    <tag k="communication:amateur_radio" v="yes" />
    <tag k="communication:amateur_radio:callsign" v="LA8RR" />
    <tag k="communication:amateur_radio:repeater" v="yes" />
    <tag k="communication:amateur_radio:repeater:ctcss" v="123" />
    <tag k="communication:amateur_radio:repeater:frequency_out" v="434.825 MHz" />
    <tag k="communication:amateur_radio:repeater:modulation" v="11K2F3E" />
    <tag k="communication:amateur_radio:repeater:shift" v="-2 MHz" />
    <tag k="group" v="Romerike" />
    <tag k="name" v="LA8RR" />
    <tag k="note" v="NRRL locator JO59MW; disagreement" />
    <tag k="nrrl:group_page" v="https://nrrl.no/grupper/akershus/nedre-romerikegruppen/" />
    <tag k="qth" v="Bjønnåsen" />
    <tag k="website" v="https://www.la9l.no/" />
  </node>
  <node id="-173" visible="true" lat="59.918654" lon="11.039615">
    <tag k="callsign" v="LA8RR" />
    <tag k="communication:amateur_radio" v="yes" />
    <tag k="communication:amateur_radio:callsign" v="LA8RR" />
    <tag k="communication:amateur_radio:repeater" v="yes" />
    <tag k="communication:amateur_radio:repeater:ctcss" v="123" />
    <tag k="communication:amateur_radio:repeater:frequency_out" v="434.825 MHz" />
    <tag k="communication:amateur_radio:repeater:modulation" v="11K2F3E" />
    <tag k="communication:amateur_radio:repeater:shift" v="-2 MHz" />
    <tag k="group" v="Romerike" />
    <tag k="name" v="LA8RR" />
    <tag k="note" v="position from osm; disagreement" />
    <tag k="nrrl:group_page" v="https://nrrl.no/grupper/akershus/nedre-romerikegruppen/" />
    <tag k="qth" v="Bjønnåsen" />
    <tag k="website" v="https://www.la9l.no/" />
  </node>
  <node id="-174" visible="true" lat="59.918400" lon="11.039200">
    <tag k="callsign" v="LA8RR" />
    <tag k="communication:amateur_radio" v="yes" />
    <tag k="communication:amateur_radio:callsign" v="LA8RR" />
    <tag k="communication:amateur_radio:repeater" v="yes" />
    <tag k="communication:amateur_radio:repeater:ctcss" v="123" />
    <tag k="communication:amateur_radio:repeater:frequency_out" v="434.825 MHz" />
    <tag k="communication:amateur_radio:repeater:modulation" v="11K2F3E" />
    <tag k="communication:amateur_radio:repeater:shift" v="-2 MHz" />
    <tag k="group" v="Romerike" />
    <tag k="name" v="LA8RR" />
    <tag k="note" v="position from repeaterbook; disagreement" />
    <tag k="nrrl:group_page" v="https://nrrl.no/grupper/akershus/nedre-romerikegruppen/" />
    <tag k="qth" v="Bjønnåsen" />
    <tag k="website" v="https://www.la9l.no/" />
  </node>
  <way id="-175" visible="true">
    <nd ref="-172" />
    <nd ref="-173" />
    <nd ref="-174" />
    <nd ref="-172" />
    <tag k="callsign" v="LA8RR" />
    <tag k="max_disagreement_m" v="2128.3" />
    <tag k="note" v="disagreement 2128.3 m; disagreement" />
    <tag k="name" v="LA8RR" />
  </way>
  <node id="-176" visible="true" lat="59.104167" lon="5.708333">
    <tag k="callsign" v="LA8SR" />
    <tag k="communication:amateur_radio" v="yes" />
    <tag k="communication:amateur_radio:callsign" v="LA8SR" />
    <tag k="communication:amateur_radio:repeater" v="yes" />
    <tag k="communication:amateur_radio:repeater:ctcss" v="88.5" />
    <tag k="communication:amateur_radio:repeater:frequency_out" v="145.775 MHz" />
    <tag k="communication:amateur_radio:repeater:modulation" v="11K2F3E" />
    <tag k="communication:amateur_radio:repeater:shift" v="-0.6 MHz" />
    <tag k="group" v="Jæren" />
    <tag k="name" v="LA8SR" />
    <tag k="note" v="NRRL locator JO29UC; disagreement; missing_osm; outside_locator:repeaterbook" />
    <tag k="nrrl:group_page" v="https://nrrl.no/grupper/rogaland/jaergruppen/" />
    <tag k="qth" v="Bokn" />
    <tag k="website" v="https://www.la1j.no/" />
  </node>
  <node id="-177" visible="true" lat="59.219898" lon="5.428100">
    <tag k="callsign" v="LA8SR" />
    <tag k="communication:amateur_radio" v="yes" />
    <tag k="communication:amateur_radio:callsign" v="LA8SR" />
    <tag k="communication:amateur_radio:repeater" v="yes" />
    <tag k="communication:amateur_radio:repeater:ctcss" v="88.5" />
    <tag k="communication:amateur_radio:repeater:frequency_out" v="145.775 MHz" />
    <tag k="communication:amateur_radio:repeater:modulation" v="11K2F3E" />
    <tag k="communication:amateur_radio:repeater:shift" v="-0.6 MHz" />
    <tag k="group" v="Jæren" />
    <tag k="name" v="LA8SR" />
    <tag k="note" v="position from repeaterbook; disagreement; missing_osm; outside_locator:repeaterbook" />
    <tag k="nrrl:group_page" v="https://nrrl.no/grupper/rogaland/jaergruppen/" />
    <tag k="qth" v="Bokn" />
    <tag k="website" v="https://www.la1j.no/" />
  </node>
  <way id="-178" visible="true">
    <nd ref="-176" />
    <nd ref="-177" />
    <tag k="callsign" v="LA8SR" />
    <tag k="max_disagreement_m" v="20512.2" />
    <tag k="note" v="disagreement 20512.2 m; disagreement; missing_osm; outside_locator:repeaterbook" />
    <tag k="name" v="LA8SR" />
  </way>
  <node id="-179" visible="true" lat="68.432220" lon="18.072027">
    <tag k="best_source" v="repeaterbook" />
    <tag k="callsign" v="LA8SRR" />
    <tag k="communication:amateur_radio" v="yes" />
    <tag k="communication:amateur_radio:callsign" v="LA8SRR" />
    <tag k="communication:amateur_radio:repeater" v="yes" />
    <tag k="communication:amateur_radio:repeater:frequency_out" v="145.7625 MHz" />
    <tag k="communication:amateur_radio:repeater:modulation" v="11K2F3E" />
    <tag k="communication:amateur_radio:repeater:shift" v="-0.6 MHz" />
    <tag k="communication:amateur_radio:repeater:toneburst" v="1750" />
    <tag k="group" v="Narvik" />
    <tag k="name" v="LA8SRR" />
    <tag k="note" v="best position from repeaterbook; missing_osm" />
    <tag k="nrrl:group_page" v="https://nrrl.no/grupper/nordland/narvikgruppen/" />
    <tag k="qth" v="Bjørnfjell" />
    <tag k="website" v="http://la1n.no/" />
  </node>
  <node id="-180" visible="true" lat="63.187500" lon="9.125000">
    <tag k="callsign" v="LA8TR" />
    <tag k="communication:amateur_radio" v="yes" />
    <tag k="communication:amateur_radio:callsign" v="LA8TR" />
    <tag k="communication:amateur_radio:repeater" v="yes" />
    <tag k="communication:amateur_radio:repeater:ctcss" v="85.4" />
    <tag k="communication:amateur_radio:repeater:frequency_out" v="145.75 MHz" />
    <tag k="communication:amateur_radio:repeater:modulation" v="11K2F3E" />
    <tag k="communication:amateur_radio:repeater:shift" v="-0.6 MHz" />
    <tag k="group" v="Trondheim" />
    <tag k="name" v="LA8TR" />
    <tag k="note" v="NRRL locator JP43NE; disagreement" />
    <tag k="nrrl:group_page" v="https://nrrl.no/grupper/trondelag/trondheimsgruppen/" />
    <tag k="qth" v="Ruten" />
    <tag k="website" v="http://www.la2t.no/" />
  </node>
  <node id="-181" visible="true" lat="63.173157" lon="9.143630">
    <tag k="callsign" v="LA8TR" />
    <tag k="communication:amateur_radio" v="yes" />
    <tag k="communication:amateur_radio:callsign" v="LA8TR" />
    <tag k="communication:amateur_radio:repeater" v="yes" />
    <tag k="communication:amateur_radio:repeater:ctcss" v="85.4" />
    <tag k="communication:amateur_radio:repeater:frequency_out" v="145.75 MHz" />
    <tag k="communication:amateur_radio:repeater:modulation" v="11K2F3E" />
    <tag k="communication:amateur_radio:repeater:shift" v="-0.6 MHz" />
    <tag k="group" v="Trondheim" />
    <tag k="name" v="LA8TR" />
    <tag k="note" v="position from osm; disagreement" />
    <tag k="nrrl:group_page" v="https://nrrl.no/grupper/trondelag/trondheimsgruppen/" />
    <tag k="qth" v="Ruten" />
    <tag k="website" v="http://www.la2t.no/" />
  </node>
  <node id="-182" visible="true" lat="63.172699" lon="9.152500">
    <tag k="callsign" v="LA8TR" />
    <tag k="communication:amateur_radio" v="yes" />
    <tag k="communication:amateur_radio:callsign" v="LA8TR" />
    <tag k="communication:amateur_radio:repeater" v="yes" />
    <tag k="communication:amateur_radio:repeater:ctcss" v="85.4" />
    <tag k="communication:amateur_radio:repeater:frequency_out" v="145.75 MHz" />
    <tag k="communication:amateur_radio:repeater:modulation" v="11K2F3E" />
    <tag k="communication:amateur_radio:repeater:shift" v="-0.6 MHz" />
    <tag k="group" v="Trondheim" />
    <tag k="name" v="LA8TR" />
    <tag k="note" v="position from repeaterbook; disagreement" />
    <tag k="nrrl:group_page" v="https://nrrl.no/grupper/trondelag/trondheimsgruppen/" />
    <tag k="qth" v="Ruten" />
    <tag k="website" v="http://www.la2t.no/" />
  </node>
  <way id="-183" visible="true">
    <nd ref="-180" />
    <nd ref="-181" />
    <nd ref="-182" />
    <nd ref="-180" />
    <tag k="callsign" v="LA8TR" />
    <tag k="max_disagreement_m" v="2147.6" />
    <tag k="note" v="disagreement 2147.6 m; disagreement" />
    <tag k="name" v="LA8TR" />
  </way>
  <node id="-184" visible="true" lat="65.857697" lon="13.225800">
    <tag k="callsign" v="LA8VRR" />
    <tag k="communication:amateur_radio" v="yes" />
    <tag k="communication:amateur_radio:callsign" v="LA8VRR" />
    <tag k="communication:amateur_radio:repeater" v="yes" />
    <tag k="communication:amateur_radio:repeater:frequency_in" v="433.025 MHz" />
    <tag k="communication:amateur_radio:repeater:frequency_out" v="144.65 MHz" />
    <tag k="communication:amateur_radio:repeater:modulation" v="11K2F3E" />
    <tag k="communication:amateur_radio:repeater:toneburst" v="1750" />
    <tag k="group" v="Mosjøen" />
    <tag k="name" v="LA8VRR" />
    <tag k="note" v="position from repeaterbook; disagreement; outside_locator:repeaterbook" />
    <tag k="nrrl:group_page" v="https://nrrl.no/grupper/nordland/mosjoengruppen/" />
    <tag k="qth" v="Storfjell" />
    <tag k="website" v="http://www.la2w.no/" />
  </node>
  <node id="-185" visible="true" lat="59.437500" lon="6.541667">
    <tag k="callsign" v="LA8XR" />
    <tag k="communication:amateur_radio" v="yes" />
    <tag k="communication:amateur_radio:callsign" v="LA8XR" />
    <tag k="communication:amateur_radio:repeater" v="yes" />
    <tag k="communication:amateur_radio:repeater:ctcss" v="91.5" />
    <tag k="communication:amateur_radio:repeater:frequency_out" v="145.7375 MHz" />
    <tag k="communication:amateur_radio:repeater:modulation" v="11K2F3E;7K60FXE" />
    <tag k="communication:amateur_radio:repeater:shift" v="-0.6 MHz" />
    <tag k="group" v="STF Sauda" />
    <tag k="name" v="LA8XR" />
    <tag k="note" v="NRRL locator JO39GK; disagreement; missing_osm; missing_radioid; outside_locator:repeaterbook" />
    <tag k="qth" v="Reinsnuten" />
  </node>
  <node id="-186" visible="true" lat="59.600899" lon="6.451500">
    <tag k="callsign" v="LA8XR" />
    <tag k="communication:amateur_radio" v="yes" />
    <tag k="communication:amateur_radio:callsign" v="LA8XR" />
    <tag k="communication:amateur_radio:repeater" v="yes" />
    <tag k="communication:amateur_radio:repeater:ctcss" v="91.5" />
    <tag k="communication:amateur_radio:repeater:frequency_out" v="145.7375 MHz" />
    <tag k="communication:amateur_radio:repeater:modulation" v="11K2F3E;7K60FXE" />
    <tag k="communication:amateur_radio:repeater:shift" v="-0.6 MHz" />
    <tag k="group" v="STF Sauda" />
    <tag k="name" v="LA8XR" />
    <tag k="note" v="position from repeaterbook; disagreement; missing_osm; missing_radioid; outside_locator:repeaterbook" />
    <tag k="qth" v="Reinsnuten" />
  </node>
  <way id="-187" visible="true">
    <nd ref="-185" />
    <nd ref="-186" />
    <tag k="callsign" v="LA8XR" />
    <tag k="max_disagreement_m" v="18867.5" />
    <tag k="note" v="disagreement 18867.5 m; disagreement; missing_osm; missing_radioid; outside_locator:repeaterbook" />
    <tag k="name" v="LA8XR" />
  </way>
  <node id="-188" visible="true" lat="67.312500" lon="14.458333">
    <tag k="best_source" v="nrrl_locator" />
    <tag k="callsign" v="LA8XRR" />
    <tag k="communication:amateur_radio" v="yes" />
    <tag k="communication:amateur_radio:callsign" v="LA8XRR" />
    <tag k="communication:amateur_radio:repeater" v="yes" />
    <tag k="communication:amateur_radio:repeater:frequency_in" v="433.15 MHz" />
    <tag k="communication:amateur_radio:repeater:frequency_out" v="145.225 MHz" />
    <tag k="communication:amateur_radio:repeater:modulation" v="11K2F3E" />
    <tag k="group" v="Bodø" />
    <tag k="name" v="LA8XRR" />
    <tag k="note" v="best position from nrrl_locator; missing_osm; missing_repeaterbook" />
    <tag k="nrrl:group_page" v="https://nrrl.no/grupper/nordland/bodogruppen/" />
    <tag k="qth" v="Bodøgruppen" />
  </node>
  <node id="-189" visible="true" lat="59.604709" lon="6.429239">
    <tag k="best_source" v="osm" />
    <tag k="callsign" v="LA8YR" />
    <tag k="communication:amateur_radio" v="yes" />
    <tag k="communication:amateur_radio:callsign" v="LA8YR" />
    <tag k="communication:amateur_radio:repeater" v="yes" />
    <tag k="communication:amateur_radio:repeater:frequency_out" v="432.8 MHz" />
    <tag k="communication:amateur_radio:repeater:modulation" v="11K2F3E" />
    <tag k="communication:amateur_radio:repeater:shift" v="2 MHz" />
    <tag k="group" v="STF Sauda" />
    <tag k="name" v="LA8YR" />
    <tag k="note" v="best position from osm; missing_repeaterbook" />
    <tag k="qth" v="Reinsnuten" />
  </node>
  <node id="-190" visible="true" lat="62.174165" lon="10.695274">
    <tag k="best_source" v="local" />
    <tag k="callsign" v="LA9AR" />
    <tag k="communication:amateur_radio" v="yes" />
    <tag k="communication:amateur_radio:callsign" v="LA9AR" />
    <tag k="communication:amateur_radio:repeater" v="yes" />
    <tag k="communication:amateur_radio:repeater:ctcss" v="88.5" />
    <tag k="communication:amateur_radio:repeater:frequency_out" v="145.6 MHz" />
    <tag k="communication:amateur_radio:repeater:modulation" v="11K2F3E" />
    <tag k="communication:amateur_radio:repeater:shift" v="-0.6 MHz" />
    <tag k="fixme" v="operator_override" />
    <tag k="group" v="Innlandsnettet" />
    <tag k="name" v="LA9AR" />
    <tag k="network" v="LA5MR" />
    <tag k="note" v="Tron hovedsender. Detached from way/1005486272 onto a separate node (name=LA9AR).; operator override position" />
    <tag k="nrrl:group_page" v="https://nrrl.no/grupper/innlandet/sambandstjenesten-innlandet/" />
    <tag k="osm_relation" v="relation/18780801" />
    <tag k="qth" v="Tronfjell" />
  </node>
  <node id="-191" visible="true" lat="70.469103" lon="28.234789">
    <tag k="best_source" v="osm" />
    <tag k="callsign" v="LA9ARR" />
    <tag k="communication:amateur_radio" v="yes" />
    <tag k="communication:amateur_radio:callsign" v="LA9ARR" />
    <tag k="communication:amateur_radio:repeater" v="yes" />
    <tag k="communication:amateur_radio:repeater:frequency_out" v="145.6 MHz" />
    <tag k="communication:amateur_radio:repeater:modulation" v="11K2F3E" />
    <tag k="communication:amateur_radio:repeater:shift" v="-0.6 MHz" />
    <tag k="group" v="Kirkenes" />
    <tag k="name" v="LA9ARR" />
    <tag k="note" v="best position from osm; missing_repeaterbook" />
    <tag k="nrrl:group_page" v="https://nrrl.no/grupper/finnmark/varangergruppen/" />
    <tag k="qth" v="Algasvarre / Tana" />
  </node>
  <node id="-192" visible="true" lat="61.854167" lon="5.041667">
    <tag k="callsign" v="LA9BR" />
    <tag k="communication:amateur_radio" v="yes" />
    <tag k="communication:amateur_radio:callsign" v="LA9BR" />
    <tag k="communication:amateur_radio:repeater" v="yes" />
    <tag k="communication:amateur_radio:repeater:ctcss" v="123" />
    <tag k="communication:amateur_radio:repeater:frequency_out" v="145.675 MHz" />
    <tag k="communication:amateur_radio:repeater:modulation" v="11K2F3E;9K36F7W" />
    <tag k="communication:amateur_radio:repeater:shift" v="-0.6 MHz" />
    <tag k="group" v="Måløy" />
    <tag k="name" v="LA9BR" />
    <tag k="note" v="NRRL locator JP21MU; disagreement; missing_osm; outside_locator:repeaterbook" />
    <tag k="nrrl:group_page" v="https://nrrl.no/grupper/vestland/maloygruppen/" />
    <tag k="qth" v="Bremanger/Steinfjellet" />
  </node>
  <node id="-193" visible="true" lat="61.860298" lon="4.947000">
    <tag k="callsign" v="LA9BR" />
    <tag k="communication:amateur_radio" v="yes" />
    <tag k="communication:amateur_radio:callsign" v="LA9BR" />
    <tag k="communication:amateur_radio:repeater" v="yes" />
    <tag k="communication:amateur_radio:repeater:ctcss" v="123" />
    <tag k="communication:amateur_radio:repeater:frequency_out" v="145.675 MHz" />
    <tag k="communication:amateur_radio:repeater:modulation" v="11K2F3E;9K36F7W" />
    <tag k="communication:amateur_radio:repeater:shift" v="-0.6 MHz" />
    <tag k="group" v="Måløy" />
    <tag k="name" v="LA9BR" />
    <tag k="note" v="position from repeaterbook; disagreement; missing_osm; outside_locator:repeaterbook" />
    <tag k="nrrl:group_page" v="https://nrrl.no/grupper/vestland/maloygruppen/" />
    <tag k="qth" v="Bremanger/Steinfjellet" />
  </node>
  <way id="-194" visible="true">
    <nd ref="-192" />
    <nd ref="-193" />
    <tag k="callsign" v="LA9BR" />
    <tag k="max_disagreement_m" v="5011.6" />
    <tag k="note" v="disagreement 5011.6 m; disagreement; missing_osm; outside_locator:repeaterbook" />
    <tag k="name" v="LA9BR" />
  </way>
  <node id="-195" visible="true" lat="68.604167" lon="16.708333">
    <tag k="best_source" v="nrrl_locator" />
    <tag k="callsign" v="LA9BRR" />
    <tag k="communication:amateur_radio" v="yes" />
    <tag k="communication:amateur_radio:callsign" v="LA9BRR" />
    <tag k="communication:amateur_radio:repeater" v="yes" />
    <tag k="communication:amateur_radio:repeater:frequency_out" v="145.7125 MHz" />
    <tag k="communication:amateur_radio:repeater:modulation" v="11K2F3E" />
    <tag k="communication:amateur_radio:repeater:shift" v="-0.6 MHz" />
    <tag k="group" v="Harstad" />
    <tag k="name" v="LA9BRR" />
    <tag k="note" v="best position from nrrl_locator; missing_osm; missing_repeaterbook" />
    <tag k="nrrl:group_page" v="https://nrrl.no/grupper/troms/harstadgruppen/" />
    <tag k="qth" v="Bufjellet" />
  </node>
  <node id="-196" visible="true" lat="61.604167" lon="5.041667">
    <tag k="callsign" v="LA9CR" />
    <tag k="communication:amateur_radio" v="yes" />
    <tag k="communication:amateur_radio:callsign" v="LA9CR" />
    <tag k="communication:amateur_radio:repeater" v="yes" />
    <tag k="communication:amateur_radio:repeater:ctcss" v="82.5" />
    <tag k="communication:amateur_radio:repeater:frequency_out" v="145.625 MHz" />
    <tag k="communication:amateur_radio:repeater:modulation" v="11K2F3E" />
    <tag k="communication:amateur_radio:repeater:shift" v="-0.6 MHz" />
    <tag k="group" v="Florø" />
    <tag k="name" v="LA9CR" />
    <tag k="note" v="NRRL locator JP21MO; disagreement; outside_locator:repeaterbook" />
    <tag k="qth" v="Storåsen" />
  </node>
  <node id="-197" visible="true" lat="61.592373" lon="5.026227">
    <tag k="callsign" v="LA9CR" />
    <tag k="communication:amateur_radio" v="yes" />
    <tag k="communication:amateur_radio:callsign" v="LA9CR" />
    <tag k="communication:amateur_radio:repeater" v="yes" />
    <tag k="communication:amateur_radio:repeater:ctcss" v="82.5" />
    <tag k="communication:amateur_radio:repeater:frequency_out" v="145.625 MHz" />
    <tag k="communication:amateur_radio:repeater:modulation" v="11K2F3E" />
    <tag k="communication:amateur_radio:repeater:shift" v="-0.6 MHz" />
    <tag k="group" v="Florø" />
    <tag k="name" v="LA9CR" />
    <tag k="note" v="position from osm; disagreement; outside_locator:repeaterbook" />
    <tag k="qth" v="Storåsen" />
  </node>
  <node id="-198" visible="true" lat="61.603901" lon="5.103700">
    <tag k="callsign" v="LA9CR" />
    <tag k="communication:amateur_radio" v="yes" />
    <tag k="communication:amateur_radio:callsign" v="LA9CR" />
    <tag k="communication:amateur_radio:repeater" v="yes" />
    <tag k="communication:amateur_radio:repeater:ctcss" v="82.5" />
    <tag k="communication:amateur_radio:repeater:frequency_out" v="145.625 MHz" />
    <tag k="communication:amateur_radio:repeater:modulation" v="11K2F3E" />
    <tag k="communication:amateur_radio:repeater:shift" v="-0.6 MHz" />
    <tag k="group" v="Florø" />
    <tag k="name" v="LA9CR" />
    <tag k="note" v="position from repeaterbook; disagreement; outside_locator:repeaterbook" />
    <tag k="qth" v="Storåsen" />
  </node>
  <way id="-199" visible="true">
    <nd ref="-196" />
    <nd ref="-197" />
    <nd ref="-198" />
    <nd ref="-196" />
    <tag k="callsign" v="LA9CR" />
    <tag k="max_disagreement_m" v="4293.4" />
    <tag k="note" v="disagreement 4293.4 m; disagreement; outside_locator:repeaterbook" />
    <tag k="name" v="LA9CR" />
  </way>
  <node id="-200" visible="true" lat="59.729167" lon="10.208333">
    <tag k="callsign" v="LA9DR" />
    <tag k="communication:amateur_radio" v="yes" />
    <tag k="communication:amateur_radio:callsign" v="LA9DR" />
    <tag k="communication:amateur_radio:repeater" v="yes" />
    <tag k="communication:amateur_radio:repeater:ctcss" v="74.4" />
    <tag k="communication:amateur_radio:repeater:frequency_out" v="434.725 MHz" />
    <tag k="communication:amateur_radio:repeater:modulation" v="11K2F3E" />
    <tag k="communication:amateur_radio:repeater:shift" v="-2 MHz" />
    <tag k="group" v="Drammen" />
    <tag k="name" v="LA9DR" />
    <tag k="note" v="NRRL locator JO59CR; disagreement" />
    <tag k="nrrl:group_page" v="https://nrrl.no/grupper/buskerud/drammengruppen/" />
    <tag k="qth" v="Nordbykollen" />
  </node>
  <node id="-201" visible="true" lat="59.719131" lon="10.245672">
    <tag k="callsign" v="LA9DR" />
    <tag k="communication:amateur_radio" v="yes" />
    <tag k="communication:amateur_radio:callsign" v="LA9DR" />
    <tag k="communication:amateur_radio:repeater" v="yes" />
    <tag k="communication:amateur_radio:repeater:ctcss" v="74.4" />
    <tag k="communication:amateur_radio:repeater:frequency_out" v="434.725 MHz" />
    <tag k="communication:amateur_radio:repeater:modulation" v="11K2F3E" />
    <tag k="communication:amateur_radio:repeater:shift" v="-2 MHz" />
    <tag k="group" v="Drammen" />
    <tag k="name" v="LA9DR" />
    <tag k="note" v="position from osm; disagreement" />
    <tag k="nrrl:group_page" v="https://nrrl.no/grupper/buskerud/drammengruppen/" />
    <tag k="qth" v="Nordbykollen" />
  </node>
  <node id="-202" visible="true" lat="59.718498" lon="10.242800">
    <tag k="callsign" v="LA9DR" />
    <tag k="communication:amateur_radio" v="yes" />
    <tag k="communication:amateur_radio:callsign" v="LA9DR" />
    <tag k="communication:amateur_radio:repeater" v="yes" />
    <tag k="communication:amateur_radio:repeater:ctcss" v="74.4" />
    <tag k="communication:amateur_radio:repeater:frequency_out" v="434.725 MHz" />
    <tag k="communication:amateur_radio:repeater:modulation" v="11K2F3E" />
    <tag k="communication:amateur_radio:repeater:shift" v="-2 MHz" />
    <tag k="group" v="Drammen" />
    <tag k="name" v="LA9DR" />
    <tag k="note" v="position from repeaterbook; disagreement" />
    <tag k="nrrl:group_page" v="https://nrrl.no/grupper/buskerud/drammengruppen/" />
    <tag k="qth" v="Nordbykollen" />
  </node>
  <way id="-203" visible="true">
    <nd ref="-200" />
    <nd ref="-201" />
    <nd ref="-202" />
    <nd ref="-200" />
    <tag k="callsign" v="LA9DR" />
    <tag k="max_disagreement_m" v="2372.1" />
    <tag k="note" v="disagreement 2372.1 m; disagreement" />
    <tag k="name" v="LA9DR" />
  </way>
  <node id="-204" visible="true" lat="60.395833" lon="11.125000">
    <tag k="callsign" v="LA9ER" />
    <tag k="communication:amateur_radio" v="yes" />
    <tag k="communication:amateur_radio:callsign" v="LA9ER" />
    <tag k="communication:amateur_radio:repeater" v="yes" />
    <tag k="communication:amateur_radio:repeater:frequency_out" v="145.7375 MHz" />
    <tag k="communication:amateur_radio:repeater:modulation" v="11K2F3E" />
    <tag k="communication:amateur_radio:repeater:shift" v="-0.6 MHz" />
    <tag k="communication:amateur_radio:repeater:toneburst" v="1750" />
    <tag k="group" v="Gardermoen" />
    <tag k="name" v="LA9ER" />
    <tag k="note" v="NRRL locator JP50NJ; disagreement" />
    <tag k="nrrl:group_page" v="https://nrrl.no/grupper/akershus/gardermogruppen/" />
    <tag k="qth" v="Mistberget" />
    <tag k="website" v="https://www.la2g.no/" />
  </node>
  <node id="-205" visible="true" lat="60.376421" lon="11.158114">
    <tag k="callsign" v="LA9ER" />
    <tag k="communication:amateur_radio" v="yes" />
    <tag k="communication:amateur_radio:callsign" v="LA9ER" />
    <tag k="communication:amateur_radio:repeater" v="yes" />
    <tag k="communication:amateur_radio:repeater:frequency_out" v="145.7375 MHz" />
    <tag k="communication:amateur_radio:repeater:modulation" v="11K2F3E" />
    <tag k="communication:amateur_radio:repeater:shift" v="-0.6 MHz" />
    <tag k="communication:amateur_radio:repeater:toneburst" v="1750" />
    <tag k="group" v="Gardermoen" />
    <tag k="name" v="LA9ER" />
    <tag k="note" v="position from osm; disagreement" />
    <tag k="nrrl:group_page" v="https://nrrl.no/grupper/akershus/gardermogruppen/" />
    <tag k="qth" v="Mistberget" />
    <tag k="website" v="https://www.la2g.no/" />
  </node>
  <way id="-206" visible="true">
    <nd ref="-204" />
    <nd ref="-205" />
    <tag k="callsign" v="LA9ER" />
    <tag k="max_disagreement_m" v="2823.1" />
    <tag k="note" v="disagreement 2823.1 m; disagreement" />
    <tag k="name" v="LA9ER" />
  </way>
  <node id="-207" visible="true" lat="68.562500" lon="16.541667">
    <tag k="callsign" v="LA9ERR" />
    <tag k="communication:amateur_radio" v="yes" />
    <tag k="communication:amateur_radio:callsign" v="LA9ERR" />
    <tag k="communication:amateur_radio:repeater" v="yes" />
    <tag k="communication:amateur_radio:repeater:ctcss" v="88.5" />
    <tag k="communication:amateur_radio:repeater:frequency_in" v="433.2 MHz" />
    <tag k="communication:amateur_radio:repeater:frequency_out" v="145.25 MHz" />
    <tag k="communication:amateur_radio:repeater:modulation" v="11K2F3E" />
    <tag k="group" v="ORF" />
    <tag k="name" v="LA9ERR" />
    <tag k="note" v="NRRL locator JP88GN; disagreement; missing_osm; outside_locator:repeaterbook" />
    <tag k="qth" v="Evenskjer" />
  </node>
  <node id="-208" visible="true" lat="68.355001" lon="16.342700">
    <tag k="callsign" v="LA9ERR" />
    <tag k="communication:amateur_radio" v="yes" />
    <tag k="communication:amateur_radio:callsign" v="LA9ERR" />
    <tag k="communication:amateur_radio:repeater" v="yes" />
    <tag k="communication:amateur_radio:repeater:ctcss" v="88.5" />
    <tag k="communication:amateur_radio:repeater:frequency_in" v="433.2 MHz" />
    <tag k="communication:amateur_radio:repeater:frequency_out" v="145.25 MHz" />
    <tag k="communication:amateur_radio:repeater:modulation" v="11K2F3E" />
    <tag k="group" v="ORF" />
    <tag k="name" v="LA9ERR" />
    <tag k="note" v="position from repeaterbook; disagreement; missing_osm; outside_locator:repeaterbook" />
    <tag k="qth" v="Evenskjer" />
  </node>
  <way id="-209" visible="true">
    <nd ref="-207" />
    <nd ref="-208" />
    <tag k="callsign" v="LA9ERR" />
    <tag k="max_disagreement_m" v="24461.0" />
    <tag k="note" v="disagreement 24461.0 m; disagreement; missing_osm; outside_locator:repeaterbook" />
    <tag k="name" v="LA9ERR" />
  </way>
  <node id="-210" visible="true" lat="67.261299" lon="15.359000">
    <tag k="best_source" v="repeaterbook" />
    <tag k="callsign" v="LA9FR" />
    <tag k="communication:amateur_radio" v="yes" />
    <tag k="communication:amateur_radio:callsign" v="LA9FR" />
    <tag k="communication:amateur_radio:repeater" v="yes" />
    <tag k="communication:amateur_radio:repeater:ctcss" v="88.5" />
    <tag k="communication:amateur_radio:repeater:frequency_out" v="145.775 MHz" />
    <tag k="communication:amateur_radio:repeater:modulation" v="11K2F3E" />
    <tag k="communication:amateur_radio:repeater:shift" v="-0.6 MHz" />
    <tag k="group" v="Fauske" />
    <tag k="name" v="LA9FR" />
    <tag k="note" v="best position from repeaterbook; missing_osm" />
    <tag k="nrrl:group_page" v="https://nrrl.no/grupper/nordland/fauskegruppen/" />
    <tag k="qth" v="Tuva" />
  </node>
  <node id="-211" visible="true" lat="66.187500" lon="13.708333">
    <tag k="callsign" v="LA9GR" />
    <tag k="communication:amateur_radio" v="yes" />
    <tag k="communication:amateur_radio:callsign" v="LA9GR" />
    <tag k="communication:amateur_radio:repeater" v="yes" />
    <tag k="communication:amateur_radio:repeater:ctcss" v="88.5" />
    <tag k="communication:amateur_radio:repeater:frequency_out" v="434.625 MHz" />
    <tag k="communication:amateur_radio:repeater:modulation" v="11K2F3E" />
    <tag k="communication:amateur_radio:repeater:shift" v="-2 MHz" />
    <tag k="group" v="Mo i Rana" />
    <tag k="name" v="LA9GR" />
    <tag k="note" v="NRRL locator JP66UE; disagreement; missing_osm; outside_locator:repeaterbook" />
    <tag k="nrrl:group_page" v="https://nrrl.no/grupper/nordland/mogruppen/" />
    <tag k="qth" v="Veten" />
    <tag k="website" v="http://la3m.no/" />
  </node>
  <node id="-212" visible="true" lat="66.206802" lon="14.740200">
    <tag k="callsign" v="LA9GR" />
    <tag k="communication:amateur_radio" v="yes" />
    <tag k="communication:amateur_radio:callsign" v="LA9GR" />
    <tag k="communication:amateur_radio:repeater" v="yes" />
    <tag k="communication:amateur_radio:repeater:ctcss" v="88.5" />
    <tag k="communication:amateur_radio:repeater:frequency_out" v="434.625 MHz" />
    <tag k="communication:amateur_radio:repeater:modulation" v="11K2F3E" />
    <tag k="communication:amateur_radio:repeater:shift" v="-2 MHz" />
    <tag k="group" v="Mo i Rana" />
    <tag k="name" v="LA9GR" />
    <tag k="note" v="position from repeaterbook; disagreement; missing_osm; outside_locator:repeaterbook" />
    <tag k="nrrl:group_page" v="https://nrrl.no/grupper/nordland/mogruppen/" />
    <tag k="qth" v="Veten" />
    <tag k="website" v="http://la3m.no/" />
  </node>
  <way id="-213" visible="true">
    <nd ref="-211" />
    <nd ref="-212" />
    <tag k="callsign" v="LA9GR" />
    <tag k="max_disagreement_m" v="46356.5" />
    <tag k="note" v="disagreement 46356.5 m; disagreement; missing_osm; outside_locator:repeaterbook" />
    <tag k="name" v="LA9GR" />
  </way>
  <node id="-214" visible="true" lat="68.812500" lon="16.541667">
    <tag k="callsign" v="LA9HR" />
    <tag k="communication:amateur_radio" v="yes" />
    <tag k="communication:amateur_radio:callsign" v="LA9HR" />
    <tag k="communication:amateur_radio:repeater" v="yes" />
    <tag k="communication:amateur_radio:repeater:ctcss" v="123" />
    <tag k="communication:amateur_radio:repeater:frequency_out" v="145.7 MHz" />
    <tag k="communication:amateur_radio:repeater:modulation" v="11K2F3E" />
    <tag k="communication:amateur_radio:repeater:shift" v="-0.6 MHz" />
    <tag k="dmr_id" v="242916" />
    <tag k="group" v="Harstad" />
    <tag k="name" v="LA9HR" />
    <tag k="note" v="NRRL locator JP88GT; disagreement; outside_locator:repeaterbook" />
    <tag k="nrrl:group_page" v="https://nrrl.no/grupper/troms/harstadgruppen/" />
    <tag k="qth" v="Samaåsen" />
  </node>
  <node id="-215" visible="true" lat="68.809536" lon="16.525714">
    <tag k="callsign" v="LA9HR" />
    <tag k="communication:amateur_radio" v="yes" />
    <tag k="communication:amateur_radio:callsign" v="LA9HR" />
    <tag k="communication:amateur_radio:repeater" v="yes" />
    <tag k="communication:amateur_radio:repeater:ctcss" v="123" />
    <tag k="communication:amateur_radio:repeater:frequency_out" v="145.7 MHz" />
    <tag k="communication:amateur_radio:repeater:modulation" v="11K2F3E" />
    <tag k="communication:amateur_radio:repeater:shift" v="-0.6 MHz" />
    <tag k="dmr_id" v="242916" />
    <tag k="group" v="Harstad" />
    <tag k="name" v="LA9HR" />
    <tag k="note" v="position from osm; disagreement; outside_locator:repeaterbook" />
    <tag k="nrrl:group_page" v="https://nrrl.no/grupper/troms/harstadgruppen/" />
    <tag k="qth" v="Samaåsen" />
  </node>
  <node id="-216" visible="true" lat="68.952400" lon="16.694599">
    <tag k="callsign" v="LA9HR" />
    <tag k="communication:amateur_radio" v="yes" />
    <tag k="communication:amateur_radio:callsign" v="LA9HR" />
    <tag k="communication:amateur_radio:repeater" v="yes" />
    <tag k="communication:amateur_radio:repeater:ctcss" v="123" />
    <tag k="communication:amateur_radio:repeater:frequency_out" v="145.7 MHz" />
    <tag k="communication:amateur_radio:repeater:modulation" v="11K2F3E" />
    <tag k="communication:amateur_radio:repeater:shift" v="-0.6 MHz" />
    <tag k="dmr_id" v="242916" />
    <tag k="group" v="Harstad" />
    <tag k="name" v="LA9HR" />
    <tag k="note" v="position from repeaterbook; disagreement; outside_locator:repeaterbook" />
    <tag k="nrrl:group_page" v="https://nrrl.no/grupper/troms/harstadgruppen/" />
    <tag k="qth" v="Samaåsen" />
  </node>
  <way id="-217" visible="true">
    <nd ref="-214" />
    <nd ref="-215" />
    <nd ref="-216" />
    <nd ref="-214" />
    <tag k="callsign" v="LA9HR" />
    <tag k="max_disagreement_m" v="17266.7" />
    <tag k="note" v="disagreement 17266.7 m; disagreement; outside_locator:repeaterbook" />
    <tag k="name" v="LA9HR" />
  </way>
  <node id="-218" visible="true" lat="70.113241" lon="22.933311">
    <tag k="best_source" v="repeaterbook" />
    <tag k="callsign" v="LA9HRR" />
    <tag k="communication:amateur_radio" v="yes" />
    <tag k="communication:amateur_radio:callsign" v="LA9HRR" />
    <tag k="communication:amateur_radio:repeater" v="yes" />
    <tag k="communication:amateur_radio:repeater:ctcss" v="91.5" />
    <tag k="communication:amateur_radio:repeater:frequency_out" v="434.8 MHz" />
    <tag k="communication:amateur_radio:repeater:modulation" v="11K2F3E;7K60FXE" />
    <tag k="communication:amateur_radio:repeater:shift" v="-2 MHz" />
    <tag k="dmr_id" v="242911" />
    <tag k="group" v="Alta" />
    <tag k="name" v="LA9HRR" />
    <tag k="note" v="best position from repeaterbook; missing_osm; missing_radioid" />
    <tag k="nrrl:group_page" v="https://nrrl.no/grupper/finnmark/altagruppen/" />
    <tag k="qth" v="Algas" />
    <tag k="website" v="http://la5a.no/" />
  </node>
  <node id="-219" visible="true" lat="59.812500" lon="6.625000">
    <tag k="best_source" v="nrrl_locator" />
    <tag k="callsign" v="LA9IR" />
    <tag k="communication:amateur_radio" v="yes" />
    <tag k="communication:amateur_radio:callsign" v="LA9IR" />
    <tag k="communication:amateur_radio:repeater" v="yes" />
    <tag k="communication:amateur_radio:repeater:frequency_out" v="432.8 MHz" />
    <tag k="communication:amateur_radio:repeater:modulation" v="11K2F3E" />
    <tag k="communication:amateur_radio:repeater:shift" v="2 MHz" />
    <tag k="group" v="STF Sauda" />
    <tag k="name" v="LA9IR" />
    <tag k="note" v="best position from nrrl_locator; missing_osm; missing_repeaterbook" />
    <tag k="qth" v="Inste Tinden" />
  </node>
  <node id="-220" visible="true" lat="59.478500" lon="9.010300">
    <tag k="best_source" v="repeaterbook" />
    <tag k="callsign" v="LA9JR" />
    <tag k="communication:amateur_radio" v="yes" />
    <tag k="communication:amateur_radio:callsign" v="LA9JR" />
    <tag k="communication:amateur_radio:repeater" v="yes" />
    <tag k="communication:amateur_radio:repeater:ctcss" v="74.4" />
    <tag k="communication:amateur_radio:repeater:frequency_out" v="145.05 MHz" />
    <tag k="communication:amateur_radio:repeater:modulation" v="11K2F3E" />
    <tag k="communication:amateur_radio:repeater:shift" v="-0.375 MHz" />
    <tag k="group" v="Notodden" />
    <tag k="name" v="LA9JR" />
    <tag k="note" v="best position from repeaterbook; missing_osm" />
    <tag k="nrrl:group_page" v="https://nrrl.no/grupper/telemark/notoddengruppen/" />
    <tag k="qth" v="Jønnbuflåtin/Bø" />
    <tag k="website" v="https://la3n.no/" />
  </node>
  <node id="-221" visible="true" lat="69.062500" lon="16.541667">
    <tag k="best_source" v="nrrl_locator" />
    <tag k="callsign" v="LA9KRR" />
    <tag k="communication:amateur_radio" v="yes" />
    <tag k="communication:amateur_radio:callsign" v="LA9KRR" />
    <tag k="communication:amateur_radio:repeater" v="yes" />
    <tag k="communication:amateur_radio:repeater:frequency_out" v="434.7375 MHz" />
    <tag k="communication:amateur_radio:repeater:modulation" v="11K2F3E" />
    <tag k="communication:amateur_radio:repeater:shift" v="-2 MHz" />
    <tag k="group" v="Harstad" />
    <tag k="name" v="LA9KRR" />
    <tag k="note" v="best position from nrrl_locator; missing_osm; missing_repeaterbook" />
    <tag k="nrrl:group_page" v="https://nrrl.no/grupper/troms/harstadgruppen/" />
    <tag k="qth" v="Krøttøya" />
  </node>
  <node id="-222" visible="true" lat="69.383202" lon="20.191500">
    <tag k="best_source" v="repeaterbook" />
    <tag k="callsign" v="LA9LRR" />
    <tag k="communication:amateur_radio" v="yes" />
    <tag k="communication:amateur_radio:callsign" v="LA9LRR" />
    <tag k="communication:amateur_radio:repeater" v="yes" />
    <tag k="communication:amateur_radio:repeater:ctcss" v="91.5" />
    <tag k="communication:amateur_radio:repeater:frequency_out" v="434.75 MHz" />
    <tag k="communication:amateur_radio:repeater:modulation" v="11K2F3E" />
    <tag k="communication:amateur_radio:repeater:shift" v="-2 MHz" />
    <tag k="group" v="Tromsø" />
    <tag k="name" v="LA9LRR" />
    <tag k="note" v="best position from repeaterbook; missing_osm" />
    <tag k="nrrl:group_page" v="https://nrrl.no/grupper/troms/tromsogruppen/" />
    <tag k="qth" v="Falsnes/Storfjord" />
    <tag k="website" v="https://www.la3t.no/" />
  </node>
  <node id="-223" visible="true" lat="58.104198" lon="7.458330">
    <tag k="best_source" v="repeaterbook" />
    <tag k="callsign" v="LA9MR" />
    <tag k="communication:amateur_radio" v="yes" />
    <tag k="communication:amateur_radio:callsign" v="LA9MR" />
    <tag k="communication:amateur_radio:repeater" v="yes" />
    <tag k="communication:amateur_radio:repeater:frequency_out" v="145.675 MHz" />
    <tag k="communication:amateur_radio:repeater:modulation" v="11K2F3E" />
    <tag k="communication:amateur_radio:repeater:shift" v="-0.6 MHz" />
    <tag k="communication:amateur_radio:repeater:toneburst" v="1750" />
    <tag k="group" v="Mandal" />
    <tag k="name" v="LA9MR" />
    <tag k="note" v="best position from repeaterbook; missing_osm" />
    <tag k="nrrl:group_page" v="https://nrrl.no/grupper/agder/Mandalsgruppen/" />
    <tag k="qth" v="Varmestø" />
    <tag k="website" v="https://la4k.no/" />
  </node>
  <node id="-224" visible="true" lat="68.770833" lon="16.541667">
    <tag k="best_source" v="nrrl_locator" />
    <tag k="callsign" v="LA9MRR" />
    <tag k="communication:amateur_radio" v="yes" />
    <tag k="communication:amateur_radio:callsign" v="LA9MRR" />
    <tag k="communication:amateur_radio:repeater" v="yes" />
    <tag k="communication:amateur_radio:repeater:frequency_out" v="145.7875 MHz" />
    <tag k="communication:amateur_radio:repeater:modulation" v="11K2F3E" />
    <tag k="communication:amateur_radio:repeater:shift" v="-0.6 MHz" />
    <tag k="group" v="Harstad" />
    <tag k="name" v="LA9MRR" />
    <tag k="note" v="best position from nrrl_locator; missing_osm; missing_repeaterbook" />
    <tag k="nrrl:group_page" v="https://nrrl.no/grupper/troms/harstadgruppen/" />
    <tag k="qth" v="Medkilheia" />
  </node>
  <node id="-225" visible="true" lat="59.270833" lon="10.375000">
    <tag k="callsign" v="LA9NR" />
    <tag k="communication:amateur_radio" v="yes" />
    <tag k="communication:amateur_radio:callsign" v="LA9NR" />
    <tag k="communication:amateur_radio:repeater" v="yes" />
    <tag k="communication:amateur_radio:repeater:ctcss" v="74.4" />
    <tag k="communication:amateur_radio:repeater:frequency_out" v="434.95 MHz" />
    <tag k="communication:amateur_radio:repeater:modulation" v="11K2F3E" />
    <tag k="communication:amateur_radio:repeater:shift" v="-2 MHz" />
    <tag k="group" v="Tønsberg" />
    <tag k="name" v="LA9NR" />
    <tag k="note" v="NRRL locator JO59EG; disagreement; missing_osm; outside_locator:repeaterbook" />
    <tag k="nrrl:group_page" v="https://nrrl.no/grupper/vestfold/tonsberggruppen/" />
    <tag k="qth" v="Frodeåsen" />
    <tag k="website" v="http://la1t.no/" />
  </node>
  <node id="-226" visible="true" lat="59.176300" lon="10.428200">
    <tag k="callsign" v="LA9NR" />
    <tag k="communication:amateur_radio" v="yes" />
    <tag k="communication:amateur_radio:callsign" v="LA9NR" />
    <tag k="communication:amateur_radio:repeater" v="yes" />
    <tag k="communication:amateur_radio:repeater:ctcss" v="74.4" />
    <tag k="communication:amateur_radio:repeater:frequency_out" v="434.95 MHz" />
    <tag k="communication:amateur_radio:repeater:modulation" v="11K2F3E" />
    <tag k="communication:amateur_radio:repeater:shift" v="-2 MHz" />
    <tag k="group" v="Tønsberg" />
    <tag k="name" v="LA9NR" />
    <tag k="note" v="position from repeaterbook; disagreement; missing_osm; outside_locator:repeaterbook" />
    <tag k="nrrl:group_page" v="https://nrrl.no/grupper/vestfold/tonsberggruppen/" />
    <tag k="qth" v="Frodeåsen" />
    <tag k="website" v="http://la1t.no/" />
  </node>
  <way id="-227" visible="true">
    <nd ref="-225" />
    <nd ref="-226" />
    <tag k="callsign" v="LA9NR" />
    <tag k="max_disagreement_m" v="10938.8" />
    <tag k="note" v="disagreement 10938.8 m; disagreement; missing_osm; outside_locator:repeaterbook" />
    <tag k="name" v="LA9NR" />
  </way>
  <node id="-228" visible="true" lat="69.733722" lon="18.787253">
    <tag k="best_source" v="local" />
    <tag k="callsign" v="LA9QR" />
    <tag k="communication:amateur_radio" v="yes" />
    <tag k="communication:amateur_radio:callsign" v="LA9QR" />
    <tag k="communication:amateur_radio:repeater" v="yes" />
    <tag k="communication:amateur_radio:repeater:ctcss" v="123" />
    <tag k="communication:amateur_radio:repeater:frequency_out" v="434.725 MHz" />
    <tag k="communication:amateur_radio:repeater:modulation" v="11K2F3E" />
    <tag k="communication:amateur_radio:repeater:shift" v="-2 MHz" />
    <tag k="dmr_id" v="242322" />
    <tag k="fixme" v="operator_override" />
    <tag k="group" v="Tromsø" />
    <tag k="name" v="LA9QR" />
    <tag k="note" v="Kjølen / Kvaløya.; operator override position" />
    <tag k="nrrl:group_page" v="https://nrrl.no/grupper/troms/tromsogruppen/" />
    <tag k="qth" v="Kjølen/Kvaløya" />
    <tag k="website" v="https://www.la3t.no/" />
  </node>
  <node id="-229" visible="true" lat="59.270833" lon="6.041667">
    <tag k="callsign" v="LA9RR" />
    <tag k="communication:amateur_radio" v="yes" />
    <tag k="communication:amateur_radio:callsign" v="LA9RR" />
    <tag k="communication:amateur_radio:repeater" v="yes" />
    <tag k="communication:amateur_radio:repeater:frequency_out" v="145.6 MHz" />
    <tag k="communication:amateur_radio:repeater:modulation" v="11K2F3E" />
    <tag k="communication:amateur_radio:repeater:shift" v="-0.6 MHz" />
    <tag k="communication:amateur_radio:repeater:toneburst" v="1750" />
    <tag k="group" v="Ryfylke" />
    <tag k="name" v="LA9RR" />
    <tag k="note" v="NRRL locator JO39AG; disagreement; missing_osm" />
    <tag k="nrrl:group_page" v="https://nrrl.no/grupper/rogaland/ryfylkegruppen/" />
    <tag k="qth" v="Ombo" />
  </node>
  <node id="-230" visible="true" lat="59.265970" lon="6.078314">
    <tag k="callsign" v="LA9RR" />
    <tag k="communication:amateur_radio" v="yes" />
    <tag k="communication:amateur_radio:callsign" v="LA9RR" />
    <tag k="communication:amateur_radio:repeater" v="yes" />
    <tag k="communication:amateur_radio:repeater:frequency_out" v="145.6 MHz" />
    <tag k="communication:amateur_radio:repeater:modulation" v="11K2F3E" />
    <tag k="communication:amateur_radio:repeater:shift" v="-0.6 MHz" />
    <tag k="communication:amateur_radio:repeater:toneburst" v="1750" />
    <tag k="group" v="Ryfylke" />
    <tag k="name" v="LA9RR" />
    <tag k="note" v="position from radioid; disagreement; missing_osm" />
    <tag k="nrrl:group_page" v="https://nrrl.no/grupper/rogaland/ryfylkegruppen/" />
    <tag k="qth" v="Ombo" />
  </node>
  <way id="-231" visible="true">
    <nd ref="-229" />
    <nd ref="-230" />
    <tag k="callsign" v="LA9RR" />
    <tag k="max_disagreement_m" v="2151.5" />
    <tag k="note" v="disagreement 2151.5 m; disagreement; missing_osm" />
    <tag k="name" v="LA9RR" />
  </way>
  <node id="-232" visible="true" lat="62.270833" lon="5.791667">
    <tag k="callsign" v="LA9SR" />
    <tag k="communication:amateur_radio" v="yes" />
    <tag k="communication:amateur_radio:callsign" v="LA9SR" />
    <tag k="communication:amateur_radio:repeater" v="yes" />
    <tag k="communication:amateur_radio:repeater:ctcss" v="82.5" />
    <tag k="communication:amateur_radio:repeater:frequency_out" v="145.725 MHz" />
    <tag k="communication:amateur_radio:repeater:modulation" v="11K2F3E" />
    <tag k="communication:amateur_radio:repeater:shift" v="-0.6 MHz" />
    <tag k="group" v="Søre Sunnmøre" />
    <tag k="name" v="LA9SR" />
    <tag k="note" v="NRRL locator JP22VG; disagreement; missing_osm; outside_locator:repeaterbook" />
    <tag k="nrrl:group_page" v="https://nrrl.no/grupper/more-og-romsdal/sore-sunnmoregruppen/" />
    <tag k="qth" v="Gurskøy" />
  </node>
  <node id="-233" visible="true" lat="62.258202" lon="5.743000">
    <tag k="callsign" v="LA9SR" />
    <tag k="communication:amateur_radio" v="yes" />
    <tag k="communication:amateur_radio:callsign" v="LA9SR" />
    <tag k="communication:amateur_radio:repeater" v="yes" />
    <tag k="communication:amateur_radio:repeater:ctcss" v="82.5" />
    <tag k="communication:amateur_radio:repeater:frequency_out" v="145.725 MHz" />
    <tag k="communication:amateur_radio:repeater:modulation" v="11K2F3E" />
    <tag k="communication:amateur_radio:repeater:shift" v="-0.6 MHz" />
    <tag k="group" v="Søre Sunnmøre" />
    <tag k="name" v="LA9SR" />
    <tag k="note" v="position from repeaterbook; disagreement; missing_osm; outside_locator:repeaterbook" />
    <tag k="nrrl:group_page" v="https://nrrl.no/grupper/more-og-romsdal/sore-sunnmoregruppen/" />
    <tag k="qth" v="Gurskøy" />
  </node>
  <way id="-234" visible="true">
    <nd ref="-232" />
    <nd ref="-233" />
    <tag k="callsign" v="LA9SR" />
    <tag k="max_disagreement_m" v="2883.7" />
    <tag k="note" v="disagreement 2883.7 m; disagreement; missing_osm; outside_locator:repeaterbook" />
    <tag k="name" v="LA9SR" />
  </way>
  <node id="-235" visible="true" lat="70.075045" lon="20.431308">
    <tag k="best_source" v="osm" />
    <tag k="callsign" v="LA9TR" />
    <tag k="communication:amateur_radio" v="yes" />
    <tag k="communication:amateur_radio:callsign" v="LA9TR" />
    <tag k="communication:amateur_radio:repeater" v="yes" />
    <tag k="communication:amateur_radio:repeater:ctcss" v="123" />
    <tag k="communication:amateur_radio:repeater:frequency_out" v="145.625 MHz" />
    <tag k="communication:amateur_radio:repeater:modulation" v="11K2F3E" />
    <tag k="communication:amateur_radio:repeater:shift" v="-0.6 MHz" />
    <tag k="group" v="Tromsø" />
    <tag k="name" v="LA9TR" />
    <tag k="note" v="best position from osm" />
    <tag k="nrrl:group_page" v="https://nrrl.no/grupper/troms/tromsogruppen/" />
    <tag k="qth" v="Trolltind/Arnøya" />
    <tag k="website" v="https://www.la3t.no/" />
  </node>
  <node id="-236" visible="true" lat="63.729198" lon="9.753300">
    <tag k="best_source" v="repeaterbook" />
    <tag k="callsign" v="LA9UR" />
    <tag k="communication:amateur_radio" v="yes" />
    <tag k="communication:amateur_radio:callsign" v="LA9UR" />
    <tag k="communication:amateur_radio:repeater" v="yes" />
    <tag k="communication:amateur_radio:repeater:frequency_out" v="145.7875 MHz" />
    <tag k="communication:amateur_radio:repeater:modulation" v="11K2F3E" />
    <tag k="communication:amateur_radio:repeater:shift" v="-0.6 MHz" />
    <tag k="communication:amateur_radio:repeater:toneburst" v="1750" />
    <tag k="group" v="Fosen" />
    <tag k="name" v="LA9UR" />
    <tag k="note" v="best position from repeaterbook; missing_osm" />
    <tag k="nrrl:group_page" v="https://nrrl.no/grupper/trondelag/fosengruppen/" />
    <tag k="qth" v="Ruasetfjellet" />
  </node>
  <node id="-237" visible="true" lat="64.395833" lon="12.208333">
    <tag k="callsign" v="LA9WR" />
    <tag k="communication:amateur_radio" v="yes" />
    <tag k="communication:amateur_radio:callsign" v="LA9WR" />
    <tag k="communication:amateur_radio:repeater" v="yes" />
    <tag k="communication:amateur_radio:repeater:ctcss" v="123" />
    <tag k="communication:amateur_radio:repeater:frequency_out" v="145.6 MHz" />
    <tag k="communication:amateur_radio:repeater:modulation" v="11K2F3E" />
    <tag k="communication:amateur_radio:repeater:shift" v="-0.6 MHz" />
    <tag k="group" v="Namdal" />
    <tag k="name" v="LA9WR" />
    <tag k="note" v="NRRL locator JP64CJ; disagreement" />
    <tag k="nrrl:group_page" v="https://nrrl.no/grupper/trondelag/namdalsgruppen/" />
    <tag k="qth" v="Geitfjellet" />
    <tag k="website" v="http://la7n-namdal.blogspot.com/" />
  </node>
  <node id="-238" visible="true" lat="64.414672" lon="12.212768">
    <tag k="callsign" v="LA9WR" />
    <tag k="communication:amateur_radio" v="yes" />
    <tag k="communication:amateur_radio:callsign" v="LA9WR" />
    <tag k="communication:amateur_radio:repeater" v="yes" />
    <tag k="communication:amateur_radio:repeater:ctcss" v="123" />
    <tag k="communication:amateur_radio:repeater:frequency_out" v="145.6 MHz" />
    <tag k="communication:amateur_radio:repeater:modulation" v="11K2F3E" />
    <tag k="communication:amateur_radio:repeater:shift" v="-0.6 MHz" />
    <tag k="group" v="Namdal" />
    <tag k="name" v="LA9WR" />
    <tag k="note" v="position from osm; disagreement" />
    <tag k="nrrl:group_page" v="https://nrrl.no/grupper/trondelag/namdalsgruppen/" />
    <tag k="qth" v="Geitfjellet" />
    <tag k="website" v="http://la7n-namdal.blogspot.com/" />
  </node>
  <node id="-239" visible="true" lat="64.409203" lon="12.208700">
    <tag k="callsign" v="LA9WR" />
    <tag k="communication:amateur_radio" v="yes" />
    <tag k="communication:amateur_radio:callsign" v="LA9WR" />
    <tag k="communication:amateur_radio:repeater" v="yes" />
    <tag k="communication:amateur_radio:repeater:ctcss" v="123" />
    <tag k="communication:amateur_radio:repeater:frequency_out" v="145.6 MHz" />
    <tag k="communication:amateur_radio:repeater:modulation" v="11K2F3E" />
    <tag k="communication:amateur_radio:repeater:shift" v="-0.6 MHz" />
    <tag k="group" v="Namdal" />
    <tag k="name" v="LA9WR" />
    <tag k="note" v="position from repeaterbook; disagreement" />
    <tag k="nrrl:group_page" v="https://nrrl.no/grupper/trondelag/namdalsgruppen/" />
    <tag k="qth" v="Geitfjellet" />
    <tag k="website" v="http://la7n-namdal.blogspot.com/" />
  </node>
  <way id="-240" visible="true">
    <nd ref="-237" />
    <nd ref="-238" />
    <nd ref="-239" />
    <nd ref="-237" />
    <tag k="callsign" v="LA9WR" />
    <tag k="max_disagreement_m" v="2105.5" />
    <tag k="note" v="disagreement 2105.5 m; disagreement" />
    <tag k="name" v="LA9WR" />
  </way>
  <node id="-241" visible="true" lat="59.771801" lon="10.392000">
    <tag k="best_source" v="repeaterbook" />
    <tag k="callsign" v="LA9XRR" />
    <tag k="communication:amateur_radio" v="yes" />
    <tag k="communication:amateur_radio:callsign" v="LA9XRR" />
    <tag k="communication:amateur_radio:repeater" v="yes" />
    <tag k="communication:amateur_radio:repeater:ctcss" v="123" />
    <tag k="communication:amateur_radio:repeater:frequency_out" v="434.975 MHz" />
    <tag k="communication:amateur_radio:repeater:modulation" v="11K2F3E" />
    <tag k="communication:amateur_radio:repeater:shift" v="-2 MHz" />
    <tag k="group" v="LA1TRF" />
    <tag k="name" v="LA9XRR" />
    <tag k="note" v="best position from repeaterbook; missing_osm" />
    <tag k="qth" v="Heggedal" />
  </node>
  <node id="-242" visible="true" lat="59.437500" lon="6.541667">
    <tag k="callsign" v="LA9YR" />
    <tag k="communication:amateur_radio" v="yes" />
    <tag k="communication:amateur_radio:callsign" v="LA9YR" />
    <tag k="communication:amateur_radio:repeater" v="yes" />
    <tag k="communication:amateur_radio:repeater:ctcss" v="91.5" />
    <tag k="communication:amateur_radio:repeater:frequency_out" v="434.8 MHz" />
    <tag k="communication:amateur_radio:repeater:modulation" v="11K2F3E" />
    <tag k="communication:amateur_radio:repeater:shift" v="-2 MHz" />
    <tag k="dmr_id" v="242301" />
    <tag k="group" v="STF Sauda" />
    <tag k="name" v="LA9YR" />
    <tag k="note" v="NRRL locator JO39GK; disagreement; missing_osm" />
    <tag k="qth" v="Reinsnuten" />
  </node>
  <node id="-243" visible="true" lat="59.421001" lon="6.519200">
    <tag k="callsign" v="LA9YR" />
    <tag k="communication:amateur_radio" v="yes" />
    <tag k="communication:amateur_radio:callsign" v="LA9YR" />
    <tag k="communication:amateur_radio:repeater" v="yes" />
    <tag k="communication:amateur_radio:repeater:ctcss" v="91.5" />
    <tag k="communication:amateur_radio:repeater:frequency_out" v="434.8 MHz" />
    <tag k="communication:amateur_radio:repeater:modulation" v="11K2F3E" />
    <tag k="communication:amateur_radio:repeater:shift" v="-2 MHz" />
    <tag k="dmr_id" v="242301" />
    <tag k="group" v="STF Sauda" />
    <tag k="name" v="LA9YR" />
    <tag k="note" v="position from repeaterbook; disagreement; missing_osm" />
    <tag k="qth" v="Reinsnuten" />
  </node>
  <way id="-244" visible="true">
    <nd ref="-242" />
    <nd ref="-243" />
    <tag k="callsign" v="LA9YR" />
    <tag k="max_disagreement_m" v="2231.6" />
    <tag k="note" v="disagreement 2231.6 m; disagreement; missing_osm" />
    <tag k="name" v="LA9YR" />
  </way>
  <node id="-245" visible="true" lat="69.127806" lon="18.517556">
    <tag k="best_source" v="local" />
    <tag k="callsign" v="LA9ZR" />
    <tag k="communication:amateur_radio" v="yes" />
    <tag k="communication:amateur_radio:callsign" v="LA9ZR" />
    <tag k="communication:amateur_radio:repeater" v="yes" />
    <tag k="communication:amateur_radio:repeater:ctcss" v="123" />
    <tag k="communication:amateur_radio:repeater:frequency_out" v="145.725 MHz" />
    <tag k="communication:amateur_radio:repeater:modulation" v="11K2F3E" />
    <tag k="communication:amateur_radio:repeater:shift" v="-0.6 MHz" />
    <tag k="fixme" v="operator_override" />
    <tag k="group" v="Midt-Troms" />
    <tag k="name" v="LA9ZR" />
    <tag k="note" v="RV58 VHF FM on Andsfjell. CTCSS 123 Hz. Source: https://www.la6m.no/andsfjell/; operator override position" />
    <tag k="nrrl:group_page" v="https://nrrl.no/grupper/troms/midt-tromsgruppen/" />
    <tag k="qth" v="Andsfjellet" />
    <tag k="website" v="http://www.la6m.no/" />
  </node>
  <node id="-246" visible="true" lat="59.937500" lon="10.541667">
    <tag k="callsign" v="LD1BK" />
    <tag k="communication:amateur_radio" v="yes" />
    <tag k="communication:amateur_radio:callsign" v="LD1BK" />
    <tag k="communication:amateur_radio:repeater" v="yes" />
    <tag k="communication:amateur_radio:repeater:frequency_out" v="144.8 MHz" />
    <tag k="communication:amateur_radio:repeater:modulation" v="20K0F2D" />
    <tag k="group" v="Asker og Bærum" />
    <tag k="name" v="LD1BK" />
    <tag k="note" v="NRRL locator JO59GW; disagreement; missing_repeaterbook" />
    <tag k="nrrl:group_page" v="https://nrrl.no/grupper/akershus/asker-og-baerumgruppen/" />
    <tag k="qth" v="Kolsås/Bærum" />
    <tag k="website" v="http://www.la2ab.net/" />
  </node>
  <node id="-247" visible="true" lat="59.918889" lon="10.516077">
    <tag k="callsign" v="LD1BK" />
    <tag k="communication:amateur_radio" v="yes" />
    <tag k="communication:amateur_radio:callsign" v="LD1BK" />
    <tag k="communication:amateur_radio:repeater" v="yes" />
    <tag k="communication:amateur_radio:repeater:frequency_out" v="144.8 MHz" />
    <tag k="communication:amateur_radio:repeater:modulation" v="20K0F2D" />
    <tag k="group" v="Asker og Bærum" />
    <tag k="name" v="LD1BK" />
    <tag k="note" v="position from osm; disagreement; missing_repeaterbook" />
    <tag k="nrrl:group_page" v="https://nrrl.no/grupper/akershus/asker-og-baerumgruppen/" />
    <tag k="qth" v="Kolsås/Bærum" />
    <tag k="website" v="http://www.la2ab.net/" />
  </node>
  <way id="-248" visible="true">
    <nd ref="-246" />
    <nd ref="-247" />
    <tag k="callsign" v="LD1BK" />
    <tag k="max_disagreement_m" v="2513.1" />
    <tag k="note" v="disagreement 2513.1 m; disagreement; missing_repeaterbook" />
    <tag k="name" v="LD1BK" />
  </way>
  <node id="-249" visible="true" lat="59.228667" lon="10.941167">
    <tag k="best_source" v="aprsfi" />
    <tag k="callsign" v="LD1FA" />
    <tag k="communication:amateur_radio" v="yes" />
    <tag k="communication:amateur_radio:callsign" v="LD1FA" />
    <tag k="communication:amateur_radio:repeater" v="yes" />
    <tag k="communication:amateur_radio:repeater:frequency_out" v="144.8 MHz" />
    <tag k="communication:amateur_radio:repeater:modulation" v="20K0F2D" />
    <tag k="group" v="Fredrikstad" />
    <tag k="name" v="LD1FA" />
    <tag k="note" v="best position from aprsfi; missing_osm; missing_repeaterbook" />
    <tag k="nrrl:group_page" v="https://nrrl.no/grupper/ostfold/fredrikstadgruppen/" />
    <tag k="qth" v="Barbertoppen" />
    <tag k="website" v="https://la5f.no/" />
  </node>
  <node id="-250" visible="true" lat="59.770833" lon="11.041667">
    <tag k="callsign" v="LD1FE" />
    <tag k="communication:amateur_radio" v="yes" />
    <tag k="communication:amateur_radio:callsign" v="LD1FE" />
    <tag k="communication:amateur_radio:repeater" v="yes" />
    <tag k="communication:amateur_radio:repeater:frequency_out" v="144.8 MHz" />
    <tag k="communication:amateur_radio:repeater:modulation" v="20K0F2D" />
    <tag k="group" v="Follo" />
    <tag k="name" v="LD1FE" />
    <tag k="note" v="NRRL locator JO59MS; disagreement; missing_osm; missing_repeaterbook" />
    <tag k="nrrl:group_page" v="https://nrrl.no/grupper/akershus/follogruppen/" />
    <tag k="qth" v="Svartåsen/Enebakk" />
    <tag k="website" v="https://la3f.no/" />
  </node>
  <node id="-251" visible="true" lat="59.780333" lon="11.003333">
    <tag k="best_source" v="aprsfi" />
    <tag k="callsign" v="LD1FE" />
    <tag k="communication:amateur_radio" v="yes" />
    <tag k="communication:amateur_radio:callsign" v="LD1FE" />
    <tag k="communication:amateur_radio:repeater" v="yes" />
    <tag k="communication:amateur_radio:repeater:frequency_out" v="144.8 MHz" />
    <tag k="communication:amateur_radio:repeater:modulation" v="20K0F2D" />
    <tag k="group" v="Follo" />
    <tag k="name" v="LD1FE" />
    <tag k="note" v="best position from aprsfi; disagreement; missing_osm; missing_repeaterbook" />
    <tag k="nrrl:group_page" v="https://nrrl.no/grupper/akershus/follogruppen/" />
    <tag k="qth" v="Svartåsen/Enebakk" />
    <tag k="website" v="https://la3f.no/" />
  </node>
  <way id="-252" visible="true">
    <nd ref="-250" />
    <nd ref="-251" />
    <tag k="callsign" v="LD1FE" />
    <tag k="max_disagreement_m" v="2391.6" />
    <tag k="note" v="disagreement 2391.6 m; disagreement; missing_osm; missing_repeaterbook" />
    <tag k="name" v="LD1FE" />
  </way>
  <node id="-253" visible="true" lat="59.770833" lon="11.041667">
    <tag k="callsign" v="LD1FL" />
    <tag k="communication:amateur_radio" v="yes" />
    <tag k="communication:amateur_radio:callsign" v="LD1FL" />
    <tag k="communication:amateur_radio:repeater" v="yes" />
    <tag k="communication:amateur_radio:repeater:frequency_out" v="433.775 MHz" />
    <tag k="communication:amateur_radio:repeater:modulation" v="20K0F2D" />
    <tag k="group" v="Follo" />
    <tag k="name" v="LD1FL" />
    <tag k="note" v="NRRL locator JO59MS; disagreement; missing_osm; missing_repeaterbook" />
    <tag k="nrrl:group_page" v="https://nrrl.no/grupper/akershus/follogruppen/" />
    <tag k="qth" v="Svartåsen/Enebakk" />
    <tag k="website" v="https://la3f.no/" />
  </node>
  <node id="-254" visible="true" lat="59.780500" lon="11.003667">
    <tag k="best_source" v="aprsfi" />
    <tag k="callsign" v="LD1FL" />
    <tag k="communication:amateur_radio" v="yes" />
    <tag k="communication:amateur_radio:callsign" v="LD1FL" />
    <tag k="communication:amateur_radio:repeater" v="yes" />
    <tag k="communication:amateur_radio:repeater:frequency_out" v="433.775 MHz" />
    <tag k="communication:amateur_radio:repeater:modulation" v="20K0F2D" />
    <tag k="group" v="Follo" />
    <tag k="name" v="LD1FL" />
    <tag k="note" v="best position from aprsfi; disagreement; missing_osm; missing_repeaterbook" />
    <tag k="nrrl:group_page" v="https://nrrl.no/grupper/akershus/follogruppen/" />
    <tag k="qth" v="Svartåsen/Enebakk" />
    <tag k="website" v="https://la3f.no/" />
  </node>
  <way id="-255" visible="true">
    <nd ref="-253" />
    <nd ref="-254" />
    <tag k="callsign" v="LD1FL" />
    <tag k="max_disagreement_m" v="2383.2" />
    <tag k="note" v="disagreement 2383.2 m; disagreement; missing_osm; missing_repeaterbook" />
    <tag k="name" v="LD1FL" />
  </way>
  <node id="-256" visible="true" lat="59.770833" lon="10.791667">
    <tag k="best_source" v="nrrl_locator" />
    <tag k="callsign" v="LD1FO" />
    <tag k="communication:amateur_radio" v="yes" />
    <tag k="communication:amateur_radio:callsign" v="LD1FO" />
    <tag k="communication:amateur_radio:repeater" v="yes" />
    <tag k="communication:amateur_radio:repeater:frequency_out" v="144.925 MHz" />
    <tag k="communication:amateur_radio:repeater:modulation" v="20K0F2D" />
    <tag k="group" v="Follo" />
    <tag k="name" v="LD1FO" />
    <tag k="note" v="best position from nrrl_locator; missing_osm; missing_repeaterbook" />
    <tag k="nrrl:group_page" v="https://nrrl.no/grupper/akershus/follogruppen/" />
    <tag k="qth" v="Stangåsen/Oppegård" />
    <tag k="website" v="https://la3f.no/" />
  </node>
  <node id="-257" visible="true" lat="59.220501" lon="10.934700">
    <tag k="best_source" v="repeaterbook" />
    <tag k="callsign" v="LD1FR" />
    <tag k="communication:amateur_radio" v="yes" />
    <tag k="communication:amateur_radio:callsign" v="LD1FR" />
    <tag k="communication:amateur_radio:repeater" v="yes" />
    <tag k="communication:amateur_radio:repeater:dcs" v="125" />
    <tag k="communication:amateur_radio:repeater:frequency_out" v="145.6875 MHz" />
    <tag k="communication:amateur_radio:repeater:modulation" v="11K2F3E;9K36F7W" />
    <tag k="communication:amateur_radio:repeater:shift" v="-0.6 MHz" />
    <tag k="group" v="Fredrikstad" />
    <tag k="name" v="LD1FR" />
    <tag k="note" v="best position from repeaterbook; missing_osm" />
    <tag k="nrrl:group_page" v="https://nrrl.no/grupper/ostfold/fredrikstadgruppen/" />
    <tag k="qth" v="Barbertoppen" />
    <tag k="website" v="https://la5f.no/" />
  </node>
  <node id="-258" visible="true" lat="59.974800" lon="10.658215">
    <tag k="best_source" v="osm" />
    <tag k="callsign" v="LD1FV" />
    <tag k="communication:amateur_radio" v="yes" />
    <tag k="communication:amateur_radio:callsign" v="LD1FV" />
    <tag k="communication:amateur_radio:repeater" v="yes" />
    <tag k="communication:amateur_radio:repeater:frequency_out" v="144.925 MHz" />
    <tag k="communication:amateur_radio:repeater:modulation" v="20K0F2D" />
    <tag k="group" v="Follo" />
    <tag k="name" v="LD1FV" />
    <tag k="note" v="best position from osm; missing_repeaterbook" />
    <tag k="nrrl:group_page" v="https://nrrl.no/grupper/akershus/follogruppen/" />
    <tag k="qth" v="Voksenkollen/Oslo" />
    <tag k="website" v="https://la3f.no/" />
  </node>
  <node id="-259" visible="true" lat="59.962361" lon="10.905825">
    <tag k="best_source" v="radioid" />
    <tag k="callsign" v="LD1HQ" />
    <tag k="communication:amateur_radio" v="yes" />
    <tag k="communication:amateur_radio:callsign" v="LD1HQ" />
    <tag k="communication:amateur_radio:repeater" v="yes" />
    <tag k="communication:amateur_radio:repeater:frequency_out" v="434.8 MHz" />
    <tag k="communication:amateur_radio:repeater:modulation" v="7K60FXE" />
    <tag k="communication:amateur_radio:repeater:shift" v="-2 MHz" />
    <tag k="dmr_id" v="242010" />
    <tag k="group" v="NRRL" />
    <tag k="name" v="LD1HQ" />
    <tag k="note" v="best position from radioid; missing_osm; missing_repeaterbook" />
    <tag k="qth" v="Oslo/Potabel" />
  </node>
  <node id="-260" visible="true" lat="59.528667" lon="11.398500">
    <tag k="best_source" v="aprsfi" />
    <tag k="callsign" v="LD1MD" />
    <tag k="communication:amateur_radio" v="yes" />
    <tag k="communication:amateur_radio:callsign" v="LD1MD" />
    <tag k="communication:amateur_radio:repeater" v="yes" />
    <tag k="communication:amateur_radio:repeater:frequency_out" v="144.8 MHz" />
    <tag k="communication:amateur_radio:repeater:modulation" v="20K0F2D" />
    <tag k="group" v="Moss" />
    <tag k="name" v="LD1MD" />
    <tag k="note" v="best position from aprsfi; missing_osm; missing_repeaterbook" />
    <tag k="nrrl:group_page" v="https://nrrl.no/grupper/ostfold/mossegruppen/" />
    <tag k="qth" v="Mysen/Dalshøgda" />
    <tag k="website" v="https://www.la5m.no/" />
  </node>
  <node id="-261" visible="true" lat="59.995305" lon="11.044386">
    <tag k="best_source" v="radioid" />
    <tag k="callsign" v="LD1NR" />
    <tag k="communication:amateur_radio" v="yes" />
    <tag k="communication:amateur_radio:callsign" v="LD1NR" />
    <tag k="communication:amateur_radio:repeater" v="yes" />
    <tag k="communication:amateur_radio:repeater:frequency_out" v="434.6375 MHz" />
    <tag k="communication:amateur_radio:repeater:modulation" v="7K60FXE" />
    <tag k="communication:amateur_radio:repeater:shift" v="-2 MHz" />
    <tag k="dmr_id" v="242006" />
    <tag k="group" v="Romerike" />
    <tag k="name" v="LD1NR" />
    <tag k="note" v="best position from radioid; missing_osm; missing_repeaterbook" />
    <tag k="nrrl:group_page" v="https://nrrl.no/grupper/akershus/nedre-romerikegruppen/" />
    <tag k="qth" v="Kjeller" />
    <tag k="website" v="https://www.la9l.no/" />
  </node>
  <node id="-262" visible="true" lat="59.979883" lon="10.896081">
    <tag k="best_source" v="osm" />
    <tag k="callsign" v="LD1OA" />
    <tag k="communication:amateur_radio" v="yes" />
    <tag k="communication:amateur_radio:callsign" v="LD1OA" />
    <tag k="communication:amateur_radio:repeater" v="yes" />
    <tag k="communication:amateur_radio:repeater:frequency_out" v="434.8875 MHz" />
    <tag k="communication:amateur_radio:repeater:modulation" v="7K60FXE" />
    <tag k="communication:amateur_radio:repeater:shift" v="-2 MHz" />
    <tag k="dmr_id" v="242002" />
    <tag k="group" v="Oslo" />
    <tag k="name" v="LD1OA" />
    <tag k="note" v="best position from osm; missing_repeaterbook" />
    <tag k="nrrl:group_page" v="https://nrrl.no/grupper/oslo/oslogruppen/" />
    <tag k="qth" v="Røverkollen" />
    <tag k="website" v="https://la4o.no/" />
  </node>
  <node id="-263" visible="true" lat="59.887550" lon="10.792669">
    <tag k="best_source" v="osm" />
    <tag k="callsign" v="LD1OE" />
    <tag k="communication:amateur_radio" v="yes" />
    <tag k="communication:amateur_radio:callsign" v="LD1OE" />
    <tag k="communication:amateur_radio:repeater" v="yes" />
    <tag k="communication:amateur_radio:repeater:frequency_out" v="144.8 MHz" />
    <tag k="communication:amateur_radio:repeater:modulation" v="20K0F2D" />
    <tag k="group" v="Oslo" />
    <tag k="name" v="LD1OE" />
    <tag k="note" v="best position from osm; missing_repeaterbook" />
    <tag k="nrrl:group_page" v="https://nrrl.no/grupper/oslo/oslogruppen/" />
    <tag k="qth" v="Brannfjell" />
    <tag k="website" v="https://la4o.no/" />
  </node>
  <node id="-264" visible="true" lat="59.854167" lon="10.625000">
    <tag k="best_source" v="nrrl_locator" />
    <tag k="callsign" v="LD1ON" />
    <tag k="communication:amateur_radio" v="yes" />
    <tag k="communication:amateur_radio:callsign" v="LD1ON" />
    <tag k="communication:amateur_radio:repeater" v="yes" />
    <tag k="communication:amateur_radio:repeater:frequency_out" v="144.9 MHz" />
    <tag k="communication:amateur_radio:repeater:modulation" v="6K00F7W" />
    <tag k="group" v="Oslo" />
    <tag k="name" v="LD1ON" />
    <tag k="note" v="best position from nrrl_locator; missing_osm; missing_repeaterbook" />
    <tag k="nrrl:group_page" v="https://nrrl.no/grupper/oslo/oslogruppen/" />
    <tag k="qth" v="Nesodden" />
    <tag k="website" v="https://la4o.no/" />
  </node>
  <node id="-265" visible="true" lat="59.895833" lon="10.708333">
    <tag k="callsign" v="LD1OS" />
    <tag k="communication:amateur_radio" v="yes" />
    <tag k="communication:amateur_radio:callsign" v="LD1OS" />
    <tag k="communication:amateur_radio:repeater" v="yes" />
    <tag k="communication:amateur_radio:repeater:frequency_out" v="144.8 MHz" />
    <tag k="communication:amateur_radio:repeater:modulation" v="20K0F2D" />
    <tag k="group" v="Oslo" />
    <tag k="name" v="LD1OS" />
    <tag k="note" v="NRRL locator JO59IV; disagreement; missing_osm; missing_repeaterbook" />
    <tag k="nrrl:group_page" v="https://nrrl.no/grupper/oslo/oslogruppen/" />
    <tag k="qth" v="Oslo Sentrum" />
    <tag k="website" v="https://la4o.no/" />
  </node>
  <node id="-266" visible="true" lat="59.914500" lon="10.734167">
    <tag k="best_source" v="aprsfi" />
    <tag k="callsign" v="LD1OS" />
    <tag k="communication:amateur_radio" v="yes" />
    <tag k="communication:amateur_radio:callsign" v="LD1OS" />
    <tag k="communication:amateur_radio:repeater" v="yes" />
    <tag k="communication:amateur_radio:repeater:frequency_out" v="144.8 MHz" />
    <tag k="communication:amateur_radio:repeater:modulation" v="20K0F2D" />
    <tag k="group" v="Oslo" />
    <tag k="name" v="LD1OS" />
    <tag k="note" v="best position from aprsfi; disagreement; missing_osm; missing_repeaterbook" />
    <tag k="nrrl:group_page" v="https://nrrl.no/grupper/oslo/oslogruppen/" />
    <tag k="qth" v="Oslo Sentrum" />
    <tag k="website" v="https://la4o.no/" />
  </node>
  <way id="-267" visible="true">
    <nd ref="-265" />
    <nd ref="-266" />
    <tag k="callsign" v="LD1OS" />
    <tag k="max_disagreement_m" v="2526.5" />
    <tag k="note" v="disagreement 2526.5 m; disagreement; missing_osm; missing_repeaterbook" />
    <tag k="name" v="LD1OS" />
  </way>
  <node id="-268" visible="true" lat="59.979167" lon="10.708333">
    <tag k="callsign" v="LD1OT" />
    <tag k="communication:amateur_radio" v="yes" />
    <tag k="communication:amateur_radio:callsign" v="LD1OT" />
    <tag k="communication:amateur_radio:repeater" v="yes" />
    <tag k="communication:amateur_radio:repeater:ctcss" v="123" />
    <tag k="communication:amateur_radio:repeater:frequency_out" v="1297.1 MHz" />
    <tag k="communication:amateur_radio:repeater:modulation" v="11K2F3E;6K00F7W" />
    <tag k="communication:amateur_radio:repeater:shift" v="-6 MHz" />
    <tag k="group" v="Oslo" />
    <tag k="name" v="LD1OT" />
    <tag k="note" v="NRRL locator JO59IX; disagreement" />
    <tag k="nrrl:group_page" v="https://nrrl.no/grupper/oslo/oslogruppen/" />
    <tag k="qth" v="Tryvann" />
    <tag k="website" v="https://la4o.no/" />
  </node>
  <node id="-269" visible="true" lat="59.988635" lon="10.668133">
    <tag k="callsign" v="LD1OT" />
    <tag k="communication:amateur_radio" v="yes" />
    <tag k="communication:amateur_radio:callsign" v="LD1OT" />
    <tag k="communication:amateur_radio:repeater" v="yes" />
    <tag k="communication:amateur_radio:repeater:ctcss" v="123" />
    <tag k="communication:amateur_radio:repeater:frequency_out" v="1297.1 MHz" />
    <tag k="communication:amateur_radio:repeater:modulation" v="11K2F3E;6K00F7W" />
    <tag k="communication:amateur_radio:repeater:shift" v="-6 MHz" />
    <tag k="group" v="Oslo" />
    <tag k="name" v="LD1OT" />
    <tag k="note" v="position from osm; disagreement" />
    <tag k="nrrl:group_page" v="https://nrrl.no/grupper/oslo/oslogruppen/" />
    <tag k="qth" v="Tryvann" />
    <tag k="website" v="https://la4o.no/" />
  </node>
  <way id="-270" visible="true">
    <nd ref="-268" />
    <nd ref="-269" />
    <tag k="callsign" v="LD1OT" />
    <tag k="max_disagreement_m" v="2471.6" />
    <tag k="note" v="disagreement 2471.6 m; disagreement" />
    <tag k="name" v="LD1OT" />
  </way>
  <node id="-271" visible="true" lat="59.979167" lon="10.708333">
    <tag k="callsign" v="LD1OT" />
    <tag k="communication:amateur_radio" v="yes" />
    <tag k="communication:amateur_radio:callsign" v="LD1OT" />
    <tag k="communication:amateur_radio:repeater" v="yes" />
    <tag k="communication:amateur_radio:repeater:frequency_out" v="434.8625 MHz" />
    <tag k="communication:amateur_radio:repeater:modulation" v="6K00F7W" />
    <tag k="communication:amateur_radio:repeater:shift" v="-2 MHz" />
    <tag k="group" v="Oslo" />
    <tag k="name" v="LD1OT" />
    <tag k="note" v="NRRL locator JO59IX; disagreement" />
    <tag k="nrrl:group_page" v="https://nrrl.no/grupper/oslo/oslogruppen/" />
    <tag k="qth" v="Tryvann" />
    <tag k="website" v="https://la4o.no/" />
  </node>
  <node id="-272" visible="true" lat="59.988635" lon="10.668133">
    <tag k="callsign" v="LD1OT" />
    <tag k="communication:amateur_radio" v="yes" />
    <tag k="communication:amateur_radio:callsign" v="LD1OT" />
    <tag k="communication:amateur_radio:repeater" v="yes" />
    <tag k="communication:amateur_radio:repeater:frequency_out" v="434.8625 MHz" />
    <tag k="communication:amateur_radio:repeater:modulation" v="6K00F7W" />
    <tag k="communication:amateur_radio:repeater:shift" v="-2 MHz" />
    <tag k="group" v="Oslo" />
    <tag k="name" v="LD1OT" />
    <tag k="note" v="position from osm; disagreement" />
    <tag k="nrrl:group_page" v="https://nrrl.no/grupper/oslo/oslogruppen/" />
    <tag k="qth" v="Tryvann" />
    <tag k="website" v="https://la4o.no/" />
  </node>
  <way id="-273" visible="true">
    <nd ref="-271" />
    <nd ref="-272" />
    <tag k="callsign" v="LD1OT" />
    <tag k="max_disagreement_m" v="2471.6" />
    <tag k="note" v="disagreement 2471.6 m; disagreement" />
    <tag k="name" v="LD1OT" />
  </way>
  <node id="-274" visible="true" lat="59.270833" lon="11.041667">
    <tag k="callsign" v="LD1SG" />
    <tag k="communication:amateur_radio" v="yes" />
    <tag k="communication:amateur_radio:callsign" v="LD1SG" />
    <tag k="communication:amateur_radio:repeater" v="yes" />
    <tag k="communication:amateur_radio:repeater:frequency_out" v="434.8125 MHz" />
    <tag k="communication:amateur_radio:repeater:modulation" v="7K60FXE" />
    <tag k="communication:amateur_radio:repeater:shift" v="-2 MHz" />
    <tag k="dmr_id" v="242808" />
    <tag k="group" v="Sarpsborg" />
    <tag k="name" v="LD1SG" />
    <tag k="note" v="NRRL locator JO59MG; disagreement; missing_osm; missing_repeaterbook" />
    <tag k="nrrl:group_page" v="https://nrrl.no/grupper/ostfold/sarpsborggruppen/" />
    <tag k="qth" v="Grålum" />
  </node>
  <node id="-275" visible="true" lat="59.286690" lon="11.061528">
    <tag k="callsign" v="LD1SG" />
    <tag k="communication:amateur_radio" v="yes" />
    <tag k="communication:amateur_radio:callsign" v="LD1SG" />
    <tag k="communication:amateur_radio:repeater" v="yes" />
    <tag k="communication:amateur_radio:repeater:frequency_out" v="434.8125 MHz" />
    <tag k="communication:amateur_radio:repeater:modulation" v="7K60FXE" />
    <tag k="communication:amateur_radio:repeater:shift" v="-2 MHz" />
    <tag k="dmr_id" v="242808" />
    <tag k="group" v="Sarpsborg" />
    <tag k="name" v="LD1SG" />
    <tag k="note" v="position from radioid; disagreement; missing_osm; missing_repeaterbook" />
    <tag k="nrrl:group_page" v="https://nrrl.no/grupper/ostfold/sarpsborggruppen/" />
    <tag k="qth" v="Grålum" />
  </node>
  <way id="-276" visible="true">
    <nd ref="-274" />
    <nd ref="-275" />
    <tag k="callsign" v="LD1SG" />
    <tag k="max_disagreement_m" v="2093.3" />
    <tag k="note" v="disagreement 2093.3 m; disagreement; missing_osm; missing_repeaterbook" />
    <tag k="name" v="LD1SG" />
  </way>
  <node id="-277" visible="true" lat="60.229867" lon="10.606618">
    <tag k="best_source" v="osm" />
    <tag k="callsign" v="LD2BI" />
    <tag k="communication:amateur_radio" v="yes" />
    <tag k="communication:amateur_radio:callsign" v="LD2BI" />
    <tag k="communication:amateur_radio:repeater" v="yes" />
    <tag k="communication:amateur_radio:repeater:frequency_out" v="144.8 MHz" />
    <tag k="communication:amateur_radio:repeater:modulation" v="20K0F2D" />
    <tag k="group" v="Ringerike" />
    <tag k="name" v="LD2BI" />
    <tag k="note" v="best position from osm; missing_repeaterbook" />
    <tag k="nrrl:group_page" v="https://nrrl.no/grupper/akershus/ringeriksgruppen/" />
    <tag k="qth" v="Bislingen" />
  </node>
  <node id="-278" visible="true" lat="60.395833" lon="11.125000">
    <tag k="callsign" v="LD2EM" />
    <tag k="communication:amateur_radio" v="yes" />
    <tag k="communication:amateur_radio:callsign" v="LD2EM" />
    <tag k="communication:amateur_radio:repeater" v="yes" />
    <tag k="communication:amateur_radio:repeater:frequency_out" v="145.575 MHz" />
    <tag k="communication:amateur_radio:repeater:modulation" v="6K00F7W" />
    <tag k="communication:amateur_radio:repeater:shift" v="-0.6 MHz" />
    <tag k="dmr_id" v="242104" />
    <tag k="group" v="Gardermoen" />
    <tag k="name" v="LD2EM" />
    <tag k="note" v="NRRL locator JP50NJ; disagreement" />
    <tag k="nrrl:group_page" v="https://nrrl.no/grupper/akershus/gardermogruppen/" />
    <tag k="qth" v="Mistberget/Eidsvoll" />
    <tag k="website" v="https://www.la2g.no/" />
  </node>
  <node id="-279" visible="true" lat="62.177448" lon="9.811894">
    <tag k="best_source" v="local" />
    <tag k="callsign" v="LD2GF" />
    <tag k="communication:amateur_radio" v="yes" />
    <tag k="communication:amateur_radio:callsign" v="LD2GF" />
    <tag k="communication:amateur_radio:repeater" v="yes" />
    <tag k="communication:amateur_radio:repeater:frequency_out" v="144.8 MHz" />
    <tag k="communication:amateur_radio:repeater:modulation" v="20K0F2D" />
    <tag k="fixme" v="operator_override" />
    <tag k="group" v="Innlandsnettet" />
    <tag k="name" v="LD2GF" />
    <tag k="note" v="Operator position from JOSM review (was NRRL locator centre).; operator override position; missing_osm; missing_repeaterbook" />
    <tag k="nrrl:group_page" v="https://nrrl.no/grupper/innlandet/sambandstjenesten-innlandet/" />
    <tag k="qth" v="Folldal" />
  </node>
  <node id="-280" visible="true" lat="61.513859" lon="9.794657">
    <tag k="best_source" v="local" />
    <tag k="callsign" v="LD2GG" />
    <tag k="communication:amateur_radio" v="yes" />
    <tag k="communication:amateur_radio:callsign" v="LD2GG" />
    <tag k="communication:amateur_radio:repeater" v="yes" />
    <tag k="communication:amateur_radio:repeater:frequency_out" v="144.8 MHz" />
    <tag k="communication:amateur_radio:repeater:modulation" v="20K0F2D" />
    <tag k="fixme" v="operator_override" />
    <tag k="group" v="Gudbrandsdal" />
    <tag k="name" v="LD2GG" />
    <tag k="note" v="Gålå-tårnet. OSM node/5810152676 (LA7GR, LD2GG).; operator override position; missing_repeaterbook" />
    <tag k="nrrl:group_page" v="https://nrrl.no/grupper/innlandet/gudbrandsdalsgruppen/" />
    <tag k="qth" v="Gålå" />
    <tag k="website" v="https://www.la7g.no/" />
  </node>
  <node id="-281" visible="true" lat="60.478166" lon="10.601822">
    <tag k="best_source" v="local" />
    <tag k="callsign" v="LD2GI" />
    <tag k="communication:amateur_radio" v="yes" />
    <tag k="communication:amateur_radio:callsign" v="LD2GI" />
    <tag k="communication:amateur_radio:repeater" v="yes" />
    <tag k="communication:amateur_radio:repeater:frequency_out" v="144.8 MHz" />
    <tag k="communication:amateur_radio:repeater:modulation" v="20K0F2D" />
    <tag k="fixme" v="operator_override" />
    <tag k="group" v="Gjøvik og Toten" />
    <tag k="name" v="LD2GI" />
    <tag k="note" v="Høykorset / Totenåsen. OSM node/1705107664 (LA5MR, LD2GI).; operator override position; missing_repeaterbook" />
    <tag k="nrrl:group_page" v="https://nrrl.no/grupper/innlandet/gjovik-og-totengruppa/" />
    <tag k="qth" v="Høykorset" />
    <tag k="website" v="https://www.la5g.no/" />
  </node>
  <node id="-282" visible="true" lat="61.319375" lon="12.190147">
    <tag k="best_source" v="local" />
    <tag k="callsign" v="LD2GO" />
    <tag k="communication:amateur_radio" v="yes" />
    <tag k="communication:amateur_radio:callsign" v="LD2GO" />
    <tag k="communication:amateur_radio:repeater" v="yes" />
    <tag k="communication:amateur_radio:repeater:frequency_out" v="144.8 MHz" />
    <tag k="communication:amateur_radio:repeater:modulation" v="20K0F2D" />
    <tag k="fixme" v="operator_override" />
    <tag k="group" v="Gjøvik og Toten" />
    <tag k="name" v="LD2GO" />
    <tag k="note" v="Trysilfjellet. Co-located with LA5TRR (synthetic; not on mast node/5576656903).; operator override position; missing_repeaterbook" />
    <tag k="nrrl:group_page" v="https://nrrl.no/grupper/innlandet/gjovik-og-totengruppa/" />
    <tag k="qth" v="Trysilfjellet" />
    <tag k="website" v="https://www.la5g.no/" />
  </node>
  <node id="-283" visible="true" lat="61.332001" lon="11.094165">
    <tag k="best_source" v="local" />
    <tag k="callsign" v="LD2GP" />
    <tag k="communication:amateur_radio" v="yes" />
    <tag k="communication:amateur_radio:callsign" v="LD2GP" />
    <tag k="communication:amateur_radio:repeater" v="yes" />
    <tag k="communication:amateur_radio:repeater:frequency_out" v="144.8 MHz" />
    <tag k="communication:amateur_radio:repeater:modulation" v="20K0F2D" />
    <tag k="fixme" v="operator_override" />
    <tag k="group" v="Gjøvik og Toten" />
    <tag k="name" v="LD2GP" />
    <tag k="note" v="Storhorta / Horta; operator override position; missing_repeaterbook" />
    <tag k="nrrl:group_page" v="https://nrrl.no/grupper/innlandet/gjovik-og-totengruppa/" />
    <tag k="qth" v="Storhorta" />
    <tag k="website" v="https://www.la5g.no/" />
  </node>
  <node id="-284" visible="true" lat="60.691668" lon="10.682882">
    <tag k="best_source" v="local" />
    <tag k="callsign" v="LD2GR" />
    <tag k="communication:amateur_radio" v="yes" />
    <tag k="communication:amateur_radio:callsign" v="LD2GR" />
    <tag k="communication:amateur_radio:repeater" v="yes" />
    <tag k="communication:amateur_radio:repeater:frequency_out" v="144.8 MHz" />
    <tag k="communication:amateur_radio:repeater:modulation" v="20K0F2D" />
    <tag k="fixme" v="operator_override" />
    <tag k="group" v="Gjøvik og Toten" />
    <tag k="name" v="LD2GR" />
    <tag k="note" v="Operator position from JOSM review (was NRRL locator centre).; operator override position; missing_osm; missing_repeaterbook" />
    <tag k="nrrl:group_page" v="https://nrrl.no/grupper/innlandet/gjovik-og-totengruppa/" />
    <tag k="qth" v="Reinsvoll" />
    <tag k="website" v="https://www.la5g.no/" />
  </node>
  <node id="-285" visible="true" lat="61.280312" lon="10.311360">
    <tag k="best_source" v="local" />
    <tag k="callsign" v="LD2GS" />
    <tag k="communication:amateur_radio" v="yes" />
    <tag k="communication:amateur_radio:callsign" v="LD2GS" />
    <tag k="communication:amateur_radio:repeater" v="yes" />
    <tag k="communication:amateur_radio:repeater:frequency_out" v="144.8 MHz" />
    <tag k="communication:amateur_radio:repeater:modulation" v="20K0F2D" />
    <tag k="fixme" v="operator_override" />
    <tag k="group" v="Gjøvik og Toten" />
    <tag k="name" v="LD2GS" />
    <tag k="note" v="Tverrberget. OSM node/3115922468 (LA5ARR, LD2GS).; operator override position; locator_mismatch; missing_repeaterbook" />
    <tag k="nrrl:group_page" v="https://nrrl.no/grupper/innlandet/gjovik-og-totengruppa/" />
    <tag k="qth" v="Tverrberget" />
    <tag k="website" v="https://www.la5g.no/" />
  </node>
  <node id="-286" visible="true" lat="59.968472" lon="10.892733">
    <tag k="best_source" v="radioid" />
    <tag k="callsign" v="LD2HT" />
    <tag k="communication:amateur_radio" v="yes" />
    <tag k="communication:amateur_radio:callsign" v="LD2HT" />
    <tag k="communication:amateur_radio:repeater" v="yes" />
    <tag k="communication:amateur_radio:repeater:frequency_out" v="434.1 MHz" />
    <tag k="communication:amateur_radio:repeater:modulation" v="7K60FXE;6K00F7W" />
    <tag k="dmr_id" v="242055" />
    <tag k="group" v="Ham-Tech" />
    <tag k="name" v="LD2HT" />
    <tag k="note" v="best position from radioid; missing_osm" />
    <tag k="qth" v="Romsås/Oslo" />
  </node>
  <node id="-287" visible="true" lat="61.897565" lon="9.284453">
    <tag k="best_source" v="local" />
    <tag k="callsign" v="LD2JB" />
    <tag k="communication:amateur_radio" v="yes" />
    <tag k="communication:amateur_radio:callsign" v="LD2JB" />
    <tag k="communication:amateur_radio:repeater" v="yes" />
    <tag k="communication:amateur_radio:repeater:frequency_out" v="144.8 MHz" />
    <tag k="communication:amateur_radio:repeater:modulation" v="20K0F2D" />
    <tag k="fixme" v="operator_override" />
    <tag k="group" v="Gudbrandsdal" />
    <tag k="name" v="LD2JB" />
    <tag k="note" v="Jetta (LA7GRR, LA2JRR, LD2JB).; operator override position; missing_repeaterbook" />
    <tag k="nrrl:group_page" v="https://nrrl.no/grupper/innlandet/gudbrandsdalsgruppen/" />
    <tag k="qth" v="Jetta" />
    <tag k="website" v="https://www.la7g.no/" />
  </node>
  <node id="-288" visible="true" lat="60.167611" lon="11.994392">
    <tag k="best_source" v="local" />
    <tag k="callsign" v="LD2KS" />
    <tag k="communication:amateur_radio" v="yes" />
    <tag k="communication:amateur_radio:callsign" v="LD2KS" />
    <tag k="communication:amateur_radio:repeater" v="yes" />
    <tag k="communication:amateur_radio:repeater:frequency_out" v="144.8 MHz" />
    <tag k="communication:amateur_radio:repeater:modulation" v="20K0F2D" />
    <tag k="fixme" v="operator_override" />
    <tag k="group" v="Kongsvinger" />
    <tag k="name" v="LD2KS" />
    <tag k="note" v="Holtberget; operator override position; missing_repeaterbook" />
    <tag k="nrrl:group_page" v="https://nrrl.no/grupper/innlandet/kongsvingergruppen/" />
    <tag k="qth" v="Holtberget" />
    <tag k="website" v="https://www.la7v.org/" />
  </node>
  <node id="-289" visible="true" lat="61.145833" lon="10.541667">
    <tag k="callsign" v="LD2LH" />
    <tag k="communication:amateur_radio" v="yes" />
    <tag k="communication:amateur_radio:callsign" v="LD2LH" />
    <tag k="communication:amateur_radio:repeater" v="yes" />
    <tag k="communication:amateur_radio:repeater:frequency_out" v="144.8 MHz" />
    <tag k="communication:amateur_radio:repeater:modulation" v="20K0F2D" />
    <tag k="group" v="Lillehammer" />
    <tag k="name" v="LD2LH" />
    <tag k="note" v="NRRL locator JP51GD; disagreement; missing_osm; missing_repeaterbook; outside_locator:aprsfi" />
    <tag k="nrrl:group_page" v="https://nrrl.no/grupper/innlandet/lillehammergruppen/" />
    <tag k="qth" v="Lillehammer" />
    <tag k="website" v="http://la2l.no/" />
  </node>
  <node id="-290" visible="true" lat="61.148833" lon="10.481667">
    <tag k="best_source" v="aprsfi" />
    <tag k="callsign" v="LD2LH" />
    <tag k="communication:amateur_radio" v="yes" />
    <tag k="communication:amateur_radio:callsign" v="LD2LH" />
    <tag k="communication:amateur_radio:repeater" v="yes" />
    <tag k="communication:amateur_radio:repeater:frequency_out" v="144.8 MHz" />
    <tag k="communication:amateur_radio:repeater:modulation" v="20K0F2D" />
    <tag k="group" v="Lillehammer" />
    <tag k="name" v="LD2LH" />
    <tag k="note" v="best position from aprsfi; disagreement; missing_osm; missing_repeaterbook; outside_locator:aprsfi" />
    <tag k="nrrl:group_page" v="https://nrrl.no/grupper/innlandet/lillehammergruppen/" />
    <tag k="qth" v="Lillehammer" />
    <tag k="website" v="http://la2l.no/" />
  </node>
  <way id="-291" visible="true">
    <nd ref="-289" />
    <nd ref="-290" />
    <tag k="callsign" v="LD2LH" />
    <tag k="max_disagreement_m" v="3236.7" />
    <tag k="note" v="disagreement 3236.7 m; disagreement; missing_osm; missing_repeaterbook; outside_locator:aprsfi" />
    <tag k="name" v="LD2LH" />
  </way>
  <node id="-292" visible="true" lat="60.354167" lon="11.041667">
    <tag k="callsign" v="LD2OH" />
    <tag k="communication:amateur_radio" v="yes" />
    <tag k="communication:amateur_radio:callsign" v="LD2OH" />
    <tag k="communication:amateur_radio:repeater" v="yes" />
    <tag k="communication:amateur_radio:repeater:frequency_out" v="144.8 MHz" />
    <tag k="communication:amateur_radio:repeater:modulation" v="20K0F2D" />
    <tag k="group" v="Gardermoen" />
    <tag k="name" v="LD2OH" />
    <tag k="note" v="NRRL locator JP50MI; disagreement; missing_osm; missing_repeaterbook" />
    <tag k="nrrl:group_page" v="https://nrrl.no/grupper/akershus/gardermogruppen/" />
    <tag k="qth" v="Østerud/Hurdal" />
    <tag k="website" v="https://www.la2g.no/" />
  </node>
  <node id="-293" visible="true" lat="60.367333" lon="11.072667">
    <tag k="best_source" v="aprsfi" />
    <tag k="callsign" v="LD2OH" />
    <tag k="communication:amateur_radio" v="yes" />
    <tag k="communication:amateur_radio:callsign" v="LD2OH" />
    <tag k="communication:amateur_radio:repeater" v="yes" />
    <tag k="communication:amateur_radio:repeater:frequency_out" v="144.8 MHz" />
    <tag k="communication:amateur_radio:repeater:modulation" v="20K0F2D" />
    <tag k="group" v="Gardermoen" />
    <tag k="name" v="LD2OH" />
    <tag k="note" v="best position from aprsfi; disagreement; missing_osm; missing_repeaterbook" />
    <tag k="nrrl:group_page" v="https://nrrl.no/grupper/akershus/gardermogruppen/" />
    <tag k="qth" v="Østerud/Hurdal" />
    <tag k="website" v="https://www.la2g.no/" />
  </node>
  <way id="-294" visible="true">
    <nd ref="-292" />
    <nd ref="-293" />
    <tag k="callsign" v="LD2OH" />
    <tag k="max_disagreement_m" v="2247.1" />
    <tag k="note" v="disagreement 2247.1 m; disagreement; missing_osm; missing_repeaterbook" />
    <tag k="name" v="LD2OH" />
  </way>
  <node id="-295" visible="true" lat="60.229167" lon="11.291667">
    <tag k="callsign" v="LD2RK" />
    <tag k="communication:amateur_radio" v="yes" />
    <tag k="communication:amateur_radio:callsign" v="LD2RK" />
    <tag k="communication:amateur_radio:repeater" v="yes" />
    <tag k="communication:amateur_radio:repeater:frequency_out" v="144.8 MHz" />
    <tag k="communication:amateur_radio:repeater:modulation" v="20K0F2D" />
    <tag k="group" v="Gardermoen" />
    <tag k="name" v="LD2RK" />
    <tag k="note" v="NRRL locator JP50PF; disagreement; missing_osm; missing_repeaterbook" />
    <tag k="nrrl:group_page" v="https://nrrl.no/grupper/akershus/gardermogruppen/" />
    <tag k="qth" v="Kopperudåsen/Romeriket" />
    <tag k="website" v="https://www.la2g.no/" />
  </node>
  <node id="-296" visible="true" lat="60.218500" lon="11.251500">
    <tag k="best_source" v="aprsfi" />
    <tag k="callsign" v="LD2RK" />
    <tag k="communication:amateur_radio" v="yes" />
    <tag k="communication:amateur_radio:callsign" v="LD2RK" />
    <tag k="communication:amateur_radio:repeater" v="yes" />
    <tag k="communication:amateur_radio:repeater:frequency_out" v="144.8 MHz" />
    <tag k="communication:amateur_radio:repeater:modulation" v="20K0F2D" />
    <tag k="group" v="Gardermoen" />
    <tag k="name" v="LD2RK" />
    <tag k="note" v="best position from aprsfi; disagreement; missing_osm; missing_repeaterbook" />
    <tag k="nrrl:group_page" v="https://nrrl.no/grupper/akershus/gardermogruppen/" />
    <tag k="qth" v="Kopperudåsen/Romeriket" />
    <tag k="website" v="https://www.la2g.no/" />
  </node>
  <way id="-297" visible="true">
    <nd ref="-295" />
    <nd ref="-296" />
    <tag k="callsign" v="LD2RK" />
    <tag k="max_disagreement_m" v="2515.2" />
    <tag k="note" v="disagreement 2515.2 m; disagreement; missing_osm; missing_repeaterbook" />
    <tag k="name" v="LD2RK" />
  </way>
  <node id="-298" visible="true" lat="62.174165" lon="10.695274">
    <tag k="best_source" v="local" />
    <tag k="callsign" v="LD2TR" />
    <tag k="communication:amateur_radio" v="yes" />
    <tag k="communication:amateur_radio:callsign" v="LD2TR" />
    <tag k="communication:amateur_radio:repeater" v="yes" />
    <tag k="communication:amateur_radio:repeater:frequency_out" v="144.8 MHz" />
    <tag k="communication:amateur_radio:repeater:modulation" v="20K0F2D" />
    <tag k="fixme" v="operator_override" />
    <tag k="group" v="Innlandsnettet" />
    <tag k="name" v="LD2TR" />
    <tag k="note" v="Tron hovedsender. Co-located with LA9AR / LD2WC (synthetic; not on way/1005486272).; operator override position; missing_repeaterbook" />
    <tag k="nrrl:group_page" v="https://nrrl.no/grupper/innlandet/sambandstjenesten-innlandet/" />
    <tag k="qth" v="Tronfjell" />
  </node>
  <node id="-299" visible="true" lat="60.391022" lon="10.618917">
    <tag k="best_source" v="osm" />
    <tag k="callsign" v="LD2VR" />
    <tag k="communication:amateur_radio" v="yes" />
    <tag k="communication:amateur_radio:callsign" v="LD2VR" />
    <tag k="communication:amateur_radio:repeater" v="yes" />
    <tag k="communication:amateur_radio:repeater:frequency_out" v="144.9375 MHz" />
    <tag k="communication:amateur_radio:repeater:modulation" v="6K00F7W" />
    <tag k="group" v="Ringerike" />
    <tag k="name" v="LD2VR" />
    <tag k="note" v="best position from osm; missing_repeaterbook" />
    <tag k="nrrl:group_page" v="https://nrrl.no/grupper/akershus/ringeriksgruppen/" />
    <tag k="qth" v="Valebykampen" />
  </node>
  <node id="-300" visible="true" lat="60.993738" lon="11.339381">
    <tag k="best_source" v="local" />
    <tag k="callsign" v="LD2WA" />
    <tag k="communication:amateur_radio" v="yes" />
    <tag k="communication:amateur_radio:callsign" v="LD2WA" />
    <tag k="communication:amateur_radio:repeater" v="yes" />
    <tag k="communication:amateur_radio:repeater:frequency_out" v="144.925 MHz" />
    <tag k="communication:amateur_radio:repeater:modulation" v="20K0F2D" />
    <tag k="fixme" v="operator_override" />
    <tag k="group" v="Gjøvik og Toten" />
    <tag k="name" v="LD2WA" />
    <tag k="note" v="Nordhue / Ingerstua. Same mast as LD2GN (JOSM review position).; operator override position; missing_repeaterbook" />
    <tag k="nrrl:group_page" v="https://nrrl.no/grupper/innlandet/gjovik-og-totengruppa/" />
    <tag k="qth" v="Nordhue" />
    <tag k="website" v="https://www.la5g.no/" />
  </node>
  <node id="-301" visible="true" lat="61.007556" lon="10.191800">
    <tag k="best_source" v="local" />
    <tag k="callsign" v="LD2WB" />
    <tag k="communication:amateur_radio" v="yes" />
    <tag k="communication:amateur_radio:callsign" v="LD2WB" />
    <tag k="communication:amateur_radio:repeater" v="yes" />
    <tag k="communication:amateur_radio:repeater:frequency_out" v="144.925 MHz" />
    <tag k="communication:amateur_radio:repeater:modulation" v="20K0F2D" />
    <tag k="fixme" v="operator_override" />
    <tag k="group" v="Gjøvik og Toten" />
    <tag k="name" v="LD2WB" />
    <tag k="note" v="Kråkhugukampen; operator override position; locator_mismatch; missing_repeaterbook" />
    <tag k="nrrl:group_page" v="https://nrrl.no/grupper/innlandet/gjovik-og-totengruppa/" />
    <tag k="qth" v="Kråkhugukampen" />
    <tag k="website" v="https://www.la5g.no/" />
  </node>
  <node id="-302" visible="true" lat="62.174165" lon="10.695274">
    <tag k="best_source" v="local" />
    <tag k="callsign" v="LD2WC" />
    <tag k="communication:amateur_radio" v="yes" />
    <tag k="communication:amateur_radio:callsign" v="LD2WC" />
    <tag k="communication:amateur_radio:repeater" v="yes" />
    <tag k="communication:amateur_radio:repeater:frequency_out" v="144.925 MHz" />
    <tag k="communication:amateur_radio:repeater:modulation" v="20K0F2D" />
    <tag k="fixme" v="operator_override" />
    <tag k="group" v="Gjøvik og Toten" />
    <tag k="name" v="LD2WC" />
    <tag k="note" v="Tron hovedsender. Co-located with LA9AR / LD2TR (synthetic; not on way/1005486272).; operator override position; missing_repeaterbook" />
    <tag k="nrrl:group_page" v="https://nrrl.no/grupper/innlandet/gjovik-og-totengruppa/" />
    <tag k="qth" v="Tronfjell" />
    <tag k="website" v="https://www.la5g.no/" />
  </node>
  <node id="-303" visible="true" lat="60.569583" lon="10.937981">
    <tag k="best_source" v="local" />
    <tag k="callsign" v="LD2WD" />
    <tag k="communication:amateur_radio" v="yes" />
    <tag k="communication:amateur_radio:callsign" v="LD2WD" />
    <tag k="communication:amateur_radio:repeater" v="yes" />
    <tag k="communication:amateur_radio:repeater:frequency_out" v="144.925 MHz" />
    <tag k="communication:amateur_radio:repeater:modulation" v="20K0F2D" />
    <tag k="fixme" v="operator_override" />
    <tag k="group" v="Gjøvik og Toten" />
    <tag k="name" v="LD2WD" />
    <tag k="note" v="Torseterkampen; operator override position; missing_repeaterbook" />
    <tag k="nrrl:group_page" v="https://nrrl.no/grupper/innlandet/gjovik-og-totengruppa/" />
    <tag k="qth" v="Torseterkampen" />
    <tag k="website" v="https://www.la5g.no/" />
  </node>
  <node id="-304" visible="true" lat="59.462500" lon="9.035000">
    <tag k="best_source" v="aprsfi" />
    <tag k="callsign" v="LD3BL" />
    <tag k="communication:amateur_radio" v="yes" />
    <tag k="communication:amateur_radio:callsign" v="LD3BL" />
    <tag k="communication:amateur_radio:repeater" v="yes" />
    <tag k="communication:amateur_radio:repeater:frequency_out" v="144.8 MHz" />
    <tag k="communication:amateur_radio:repeater:modulation" v="20K0F2D" />
    <tag k="group" v="Grenland" />
    <tag k="name" v="LD3BL" />
    <tag k="note" v="best position from aprsfi; missing_osm; missing_repeaterbook" />
    <tag k="nrrl:group_page" v="https://nrrl.no/grupper/telemark/grenlandgruppen/" />
    <tag k="qth" v="Lifjell/Bø" />
  </node>
  <node id="-305" visible="true" lat="59.812500" lon="10.208333">
    <tag k="best_source" v="nrrl_locator" />
    <tag k="callsign" v="LD3DD" />
    <tag k="communication:amateur_radio" v="yes" />
    <tag k="communication:amateur_radio:callsign" v="LD3DD" />
    <tag k="communication:amateur_radio:repeater" v="yes" />
    <tag k="communication:amateur_radio:repeater:frequency_out" v="434.575 MHz" />
    <tag k="communication:amateur_radio:repeater:modulation" v="6K00F7W" />
    <tag k="communication:amateur_radio:repeater:shift" v="-2 MHz" />
    <tag k="group" v="Drammen" />
    <tag k="name" v="LD3DD" />
    <tag k="note" v="best position from nrrl_locator; missing_osm; missing_repeaterbook" />
    <tag k="nrrl:group_page" v="https://nrrl.no/grupper/buskerud/drammengruppen/" />
    <tag k="qth" v="Lier" />
  </node>
  <node id="-306" visible="true" lat="60.432951" lon="8.424546">
    <tag k="best_source" v="osm" />
    <tag k="callsign" v="LD3GD" />
    <tag k="communication:amateur_radio" v="yes" />
    <tag k="communication:amateur_radio:callsign" v="LD3GD" />
    <tag k="communication:amateur_radio:repeater" v="yes" />
    <tag k="communication:amateur_radio:repeater:frequency_out" v="144.8 MHz" />
    <tag k="communication:amateur_radio:repeater:modulation" v="20K0F2D" />
    <tag k="group" v="Hallingdal" />
    <tag k="name" v="LD3GD" />
    <tag k="note" v="best position from osm; missing_repeaterbook" />
    <tag k="nrrl:group_page" v="https://nrrl.no/grupper/buskerud/hallingdalsgruppa/" />
    <tag k="qth" v="Gravarhovda/Dagali" />
  </node>
  <node id="-307" visible="true" lat="60.520833" lon="8.208333">
    <tag k="callsign" v="LD3GE" />
    <tag k="communication:amateur_radio" v="yes" />
    <tag k="communication:amateur_radio:callsign" v="LD3GE" />
    <tag k="communication:amateur_radio:repeater" v="yes" />
    <tag k="communication:amateur_radio:repeater:frequency_out" v="144.8 MHz" />
    <tag k="communication:amateur_radio:repeater:modulation" v="20K0F2D" />
    <tag k="group" v="Hallingdal" />
    <tag k="name" v="LD3GE" />
    <tag k="note" v="NRRL locator JP40CM; disagreement; missing_osm; missing_repeaterbook" />
    <tag k="nrrl:group_page" v="https://nrrl.no/grupper/buskerud/hallingdalsgruppa/" />
    <tag k="qth" v="Geilotoppen" />
  </node>
  <node id="-308" visible="true" lat="60.540833" lon="8.195833">
    <tag k="best_source" v="aprsfi" />
    <tag k="callsign" v="LD3GE" />
    <tag k="communication:amateur_radio" v="yes" />
    <tag k="communication:amateur_radio:callsign" v="LD3GE" />
    <tag k="communication:amateur_radio:repeater" v="yes" />
    <tag k="communication:amateur_radio:repeater:frequency_out" v="144.8 MHz" />
    <tag k="communication:amateur_radio:repeater:modulation" v="20K0F2D" />
    <tag k="group" v="Hallingdal" />
    <tag k="name" v="LD3GE" />
    <tag k="note" v="best position from aprsfi; disagreement; missing_osm; missing_repeaterbook" />
    <tag k="nrrl:group_page" v="https://nrrl.no/grupper/buskerud/hallingdalsgruppa/" />
    <tag k="qth" v="Geilotoppen" />
  </node>
  <way id="-309" visible="true">
    <nd ref="-307" />
    <nd ref="-308" />
    <tag k="callsign" v="LD3GE" />
    <tag k="max_disagreement_m" v="2326.6" />
    <tag k="note" v="disagreement 2326.6 m; disagreement; missing_osm; missing_repeaterbook" />
    <tag k="name" v="LD3GE" />
  </way>
  <node id="-310" visible="true" lat="58.867788" lon="9.380104">
    <tag k="best_source" v="osm" />
    <tag k="callsign" v="LD3GK" />
    <tag k="communication:amateur_radio" v="yes" />
    <tag k="communication:amateur_radio:callsign" v="LD3GK" />
    <tag k="communication:amateur_radio:repeater" v="yes" />
    <tag k="communication:amateur_radio:repeater:frequency_out" v="144.8 MHz" />
    <tag k="communication:amateur_radio:repeater:modulation" v="20K0F2D" />
    <tag k="group" v="Grenland" />
    <tag k="name" v="LD3GK" />
    <tag k="note" v="best position from osm; missing_repeaterbook" />
    <tag k="nrrl:group_page" v="https://nrrl.no/grupper/telemark/grenlandgruppen/" />
    <tag k="qth" v="Storkollen/Kragerø" />
  </node>
  <node id="-311" visible="true" lat="59.235970" lon="9.699394">
    <tag k="best_source" v="osm" />
    <tag k="callsign" v="LD3GL" />
    <tag k="communication:amateur_radio" v="yes" />
    <tag k="communication:amateur_radio:callsign" v="LD3GL" />
    <tag k="communication:amateur_radio:repeater" v="yes" />
    <tag k="communication:amateur_radio:repeater:ctcss" v="74.4" />
    <tag k="communication:amateur_radio:repeater:frequency_out" v="434.5125 MHz" />
    <tag k="communication:amateur_radio:repeater:modulation" v="7K60FXE" />
    <tag k="communication:amateur_radio:repeater:shift" v="-2 MHz" />
    <tag k="dmr_id" v="242701" />
    <tag k="group" v="Grenland" />
    <tag k="name" v="LD3GL" />
    <tag k="note" v="best position from osm" />
    <tag k="nrrl:group_page" v="https://nrrl.no/grupper/telemark/grenlandgruppen/" />
    <tag k="qth" v="Vealøs/Skien" />
  </node>
  <node id="-312" visible="true" lat="60.713786" lon="8.968239">
    <tag k="best_source" v="osm" />
    <tag k="callsign" v="LD3GO" />
    <tag k="communication:amateur_radio" v="yes" />
    <tag k="communication:amateur_radio:callsign" v="LD3GO" />
    <tag k="communication:amateur_radio:repeater" v="yes" />
    <tag k="communication:amateur_radio:repeater:frequency_out" v="144.8 MHz" />
    <tag k="communication:amateur_radio:repeater:modulation" v="20K0F2D" />
    <tag k="group" v="Hallingdal" />
    <tag k="name" v="LD3GO" />
    <tag k="note" v="best position from osm; missing_repeaterbook" />
    <tag k="nrrl:group_page" v="https://nrrl.no/grupper/buskerud/hallingdalsgruppa/" />
    <tag k="qth" v="Lisbetnuten/Gol" />
  </node>
  <node id="-313" visible="true" lat="59.850941" lon="8.655423">
    <tag k="best_source" v="osm" />
    <tag k="callsign" v="LD3GT" />
    <tag k="communication:amateur_radio" v="yes" />
    <tag k="communication:amateur_radio:callsign" v="LD3GT" />
    <tag k="communication:amateur_radio:repeater" v="yes" />
    <tag k="communication:amateur_radio:repeater:frequency_out" v="144.8 MHz" />
    <tag k="communication:amateur_radio:repeater:modulation" v="20K0F2D" />
    <tag k="group" v="Tønsberg" />
    <tag k="name" v="LD3GT" />
    <tag k="note" v="best position from osm; missing_repeaterbook" />
    <tag k="nrrl:group_page" v="https://nrrl.no/grupper/vestfold/tonsberggruppen/" />
    <tag k="qth" v="Gaustatoppen" />
    <tag k="website" v="http://la1t.no/" />
  </node>
  <node id="-314" visible="true" lat="60.520833" lon="8.208333">
    <tag k="callsign" v="LD3HR" />
    <tag k="communication:amateur_radio" v="yes" />
    <tag k="communication:amateur_radio:callsign" v="LD3HR" />
    <tag k="communication:amateur_radio:repeater" v="yes" />
    <tag k="communication:amateur_radio:repeater:frequency_out" v="434.65 MHz" />
    <tag k="communication:amateur_radio:repeater:modulation" v="7K60FXE" />
    <tag k="communication:amateur_radio:repeater:shift" v="-2 MHz" />
    <tag k="dmr_id" v="242635" />
    <tag k="group" v="Hallingdal" />
    <tag k="name" v="LD3HR" />
    <tag k="note" v="NRRL locator JP40CM; disagreement" />
    <tag k="nrrl:group_page" v="https://nrrl.no/grupper/buskerud/hallingdalsgruppa/" />
    <tag k="qth" v="Geilo" />
  </node>
  <node id="-315" visible="true" lat="60.720678" lon="7.635442">
    <tag k="best_source" v="osm" />
    <tag k="callsign" v="LD3HS" />
    <tag k="communication:amateur_radio" v="yes" />
    <tag k="communication:amateur_radio:callsign" v="LD3HS" />
    <tag k="communication:amateur_radio:repeater" v="yes" />
    <tag k="communication:amateur_radio:repeater:frequency_out" v="144.8 MHz" />
    <tag k="communication:amateur_radio:repeater:modulation" v="20K0F2D" />
    <tag k="group" v="Hallingdal" />
    <tag k="name" v="LD3HS" />
    <tag k="note" v="best position from osm; missing_repeaterbook" />
    <tag k="nrrl:group_page" v="https://nrrl.no/grupper/buskerud/hallingdalsgruppa/" />
    <tag k="qth" v="Sunhellerskarvet" />
  </node>
  <node id="-316" visible="true" lat="59.546468" lon="10.196356">
    <tag k="best_source" v="osm" />
    <tag k="callsign" v="LD3HV" />
    <tag k="communication:amateur_radio" v="yes" />
    <tag k="communication:amateur_radio:callsign" v="LD3HV" />
    <tag k="communication:amateur_radio:repeater" v="yes" />
    <tag k="communication:amateur_radio:repeater:frequency_out" v="144.8 MHz" />
    <tag k="communication:amateur_radio:repeater:modulation" v="20K0F2D" />
    <tag k="group" v="Tønsberg" />
    <tag k="name" v="LD3HV" />
    <tag k="note" v="best position from osm; missing_repeaterbook" />
    <tag k="nrrl:group_page" v="https://nrrl.no/grupper/vestfold/tonsberggruppen/" />
    <tag k="qth" v="Hvittingen/Sande" />
    <tag k="website" v="http://la1t.no/" />
  </node>
  <node id="-317" visible="true" lat="59.687500" lon="9.541667">
    <tag k="callsign" v="LD3KS" />
    <tag k="communication:amateur_radio" v="yes" />
    <tag k="communication:amateur_radio:callsign" v="LD3KS" />
    <tag k="communication:amateur_radio:repeater" v="yes" />
    <tag k="communication:amateur_radio:repeater:frequency_out" v="144.8 MHz" />
    <tag k="communication:amateur_radio:repeater:modulation" v="20K0F2D" />
    <tag k="group" v="Kongsberg" />
    <tag k="name" v="LD3KS" />
    <tag k="note" v="NRRL locator JO49SQ; disagreement; missing_osm; missing_repeaterbook" />
    <tag k="nrrl:group_page" v="https://nrrl.no/grupper/buskerud/kongsberggruppen/" />
    <tag k="qth" v="Haus Sachsen" />
    <tag k="website" v="https://www.la8z.com" />
  </node>
  <node id="-318" visible="true" lat="59.670500" lon="9.576667">
    <tag k="best_source" v="aprsfi" />
    <tag k="callsign" v="LD3KS" />
    <tag k="communication:amateur_radio" v="yes" />
    <tag k="communication:amateur_radio:callsign" v="LD3KS" />
    <tag k="communication:amateur_radio:repeater" v="yes" />
    <tag k="communication:amateur_radio:repeater:frequency_out" v="144.8 MHz" />
    <tag k="communication:amateur_radio:repeater:modulation" v="20K0F2D" />
    <tag k="group" v="Kongsberg" />
    <tag k="name" v="LD3KS" />
    <tag k="note" v="best position from aprsfi; disagreement; missing_osm; missing_repeaterbook" />
    <tag k="nrrl:group_page" v="https://nrrl.no/grupper/buskerud/kongsberggruppen/" />
    <tag k="qth" v="Haus Sachsen" />
    <tag k="website" v="https://www.la8z.com" />
  </node>
  <way id="-319" visible="true">
    <nd ref="-317" />
    <nd ref="-318" />
    <tag k="callsign" v="LD3KS" />
    <tag k="max_disagreement_m" v="2726.5" />
    <tag k="note" v="disagreement 2726.5 m; disagreement; missing_osm; missing_repeaterbook" />
    <tag k="name" v="LD3KS" />
  </way>
  <node id="-320" visible="true" lat="59.480333" lon="9.008667">
    <tag k="best_source" v="aprsfi" />
    <tag k="callsign" v="LD3LL" />
    <tag k="communication:amateur_radio" v="yes" />
    <tag k="communication:amateur_radio:callsign" v="LD3LL" />
    <tag k="communication:amateur_radio:repeater" v="yes" />
    <tag k="communication:amateur_radio:repeater:frequency_out" v="433.775 MHz" />
    <tag k="communication:amateur_radio:repeater:modulation" v="12K5F1D" />
    <tag k="group" v="Grenland" />
    <tag k="name" v="LD3LL" />
    <tag k="note" v="best position from aprsfi; missing_osm; missing_repeaterbook" />
    <tag k="nrrl:group_page" v="https://nrrl.no/grupper/telemark/grenlandgruppen/" />
    <tag k="qth" v="Lifjell/Bø" />
  </node>
  <node id="-321" visible="true" lat="60.229167" lon="9.541667">
    <tag k="callsign" v="LD3NM" />
    <tag k="communication:amateur_radio" v="yes" />
    <tag k="communication:amateur_radio:callsign" v="LD3NM" />
    <tag k="communication:amateur_radio:repeater" v="yes" />
    <tag k="communication:amateur_radio:repeater:ctcss" v="123" />
    <tag k="communication:amateur_radio:repeater:frequency_out" v="145.5875 MHz" />
    <tag k="communication:amateur_radio:repeater:modulation" v="11K2F3E;6K00F7W" />
    <tag k="communication:amateur_radio:repeater:shift" v="-0.6 MHz" />
    <tag k="group" v="Modum" />
    <tag k="name" v="LD3NM" />
    <tag k="note" v="NRRL locator JP40SF; disagreement; missing_osm; outside_locator:repeaterbook" />
    <tag k="nrrl:group_page" v="https://nrrl.no/grupper/buskerud/modumgruppen/" />
    <tag k="qth" v="Norefjellstua" />
    <tag k="website" v="https://la7m.com/" />
  </node>
  <node id="-322" visible="true" lat="59.930860" lon="9.929400">
    <tag k="callsign" v="LD3NM" />
    <tag k="communication:amateur_radio" v="yes" />
    <tag k="communication:amateur_radio:callsign" v="LD3NM" />
    <tag k="communication:amateur_radio:repeater" v="yes" />
    <tag k="communication:amateur_radio:repeater:ctcss" v="123" />
    <tag k="communication:amateur_radio:repeater:frequency_out" v="145.5875 MHz" />
    <tag k="communication:amateur_radio:repeater:modulation" v="11K2F3E;6K00F7W" />
    <tag k="communication:amateur_radio:repeater:shift" v="-0.6 MHz" />
    <tag k="group" v="Modum" />
    <tag k="name" v="LD3NM" />
    <tag k="note" v="position from repeaterbook; disagreement; missing_osm; outside_locator:repeaterbook" />
    <tag k="nrrl:group_page" v="https://nrrl.no/grupper/buskerud/modumgruppen/" />
    <tag k="qth" v="Norefjellstua" />
    <tag k="website" v="https://la7m.com/" />
  </node>
  <way id="-323" visible="true">
    <nd ref="-321" />
    <nd ref="-322" />
    <tag k="callsign" v="LD3NM" />
    <tag k="max_disagreement_m" v="39531.1" />
    <tag k="note" v="disagreement 39531.1 m; disagreement; missing_osm; outside_locator:repeaterbook" />
    <tag k="name" v="LD3NM" />
  </way>
  <node id="-324" visible="true" lat="60.187500" lon="10.375000">
    <tag k="callsign" v="LD3RI" />
    <tag k="communication:amateur_radio" v="yes" />
    <tag k="communication:amateur_radio:callsign" v="LD3RI" />
    <tag k="communication:amateur_radio:repeater" v="yes" />
    <tag k="communication:amateur_radio:repeater:ctcss" v="74.4" />
    <tag k="communication:amateur_radio:repeater:frequency_out" v="434.8125 MHz" />
    <tag k="communication:amateur_radio:repeater:modulation" v="11K2F3E;7K60FXE" />
    <tag k="communication:amateur_radio:repeater:shift" v="-2 MHz" />
    <tag k="dmr_id" v="242666" />
    <tag k="group" v="Ringerike" />
    <tag k="name" v="LD3RI" />
    <tag k="note" v="NRRL locator JP50EE; disagreement; missing_osm; missing_repeaterbook" />
    <tag k="nrrl:group_page" v="https://nrrl.no/grupper/akershus/ringeriksgruppen/" />
    <tag k="qth" v="Småstein/Skogstad" />
  </node>
  <node id="-325" visible="true" lat="60.207439" lon="10.366112">
    <tag k="callsign" v="LD3RI" />
    <tag k="communication:amateur_radio" v="yes" />
    <tag k="communication:amateur_radio:callsign" v="LD3RI" />
    <tag k="communication:amateur_radio:repeater" v="yes" />
    <tag k="communication:amateur_radio:repeater:ctcss" v="74.4" />
    <tag k="communication:amateur_radio:repeater:frequency_out" v="434.8125 MHz" />
    <tag k="communication:amateur_radio:repeater:modulation" v="11K2F3E;7K60FXE" />
    <tag k="communication:amateur_radio:repeater:shift" v="-2 MHz" />
    <tag k="dmr_id" v="242666" />
    <tag k="group" v="Ringerike" />
    <tag k="name" v="LD3RI" />
    <tag k="note" v="position from radioid; disagreement; missing_osm; missing_repeaterbook" />
    <tag k="nrrl:group_page" v="https://nrrl.no/grupper/akershus/ringeriksgruppen/" />
    <tag k="qth" v="Småstein/Skogstad" />
  </node>
  <way id="-326" visible="true">
    <nd ref="-324" />
    <nd ref="-325" />
    <tag k="callsign" v="LD3RI" />
    <tag k="max_disagreement_m" v="2270.9" />
    <tag k="note" v="disagreement 2270.9 m; disagreement; missing_osm; missing_repeaterbook" />
    <tag k="name" v="LD3RI" />
  </way>
  <node id="-327" visible="true" lat="59.562500" lon="10.208333">
    <tag k="callsign" v="LD3SH" />
    <tag k="communication:amateur_radio" v="yes" />
    <tag k="communication:amateur_radio:callsign" v="LD3SH" />
    <tag k="communication:amateur_radio:repeater" v="yes" />
    <tag k="communication:amateur_radio:repeater:frequency_out" v="144.8 MHz" />
    <tag k="communication:amateur_radio:repeater:modulation" v="20K0F2D" />
    <tag k="group" v="Tønsberg" />
    <tag k="name" v="LD3SH" />
    <tag k="note" v="NRRL locator JO59CN; disagreement; missing_repeaterbook" />
    <tag k="nrrl:group_page" v="https://nrrl.no/grupper/vestfold/tonsberggruppen/" />
    <tag k="qth" v="Hvittingen/Sande" />
    <tag k="website" v="http://la1t.no/" />
  </node>
  <node id="-328" visible="true" lat="59.546468" lon="10.196356">
    <tag k="callsign" v="LD3SH" />
    <tag k="communication:amateur_radio" v="yes" />
    <tag k="communication:amateur_radio:callsign" v="LD3SH" />
    <tag k="communication:amateur_radio:repeater" v="yes" />
    <tag k="communication:amateur_radio:repeater:frequency_out" v="144.8 MHz" />
    <tag k="communication:amateur_radio:repeater:modulation" v="20K0F2D" />
    <tag k="group" v="Tønsberg" />
    <tag k="name" v="LD3SH" />
    <tag k="note" v="position from osm; disagreement; missing_repeaterbook" />
    <tag k="nrrl:group_page" v="https://nrrl.no/grupper/vestfold/tonsberggruppen/" />
    <tag k="qth" v="Hvittingen/Sande" />
    <tag k="website" v="http://la1t.no/" />
  </node>
  <way id="-329" visible="true">
    <nd ref="-327" />
    <nd ref="-328" />
    <tag k="callsign" v="LD3SH" />
    <tag k="max_disagreement_m" v="2036.4" />
    <tag k="note" v="disagreement 2036.4 m; disagreement; missing_repeaterbook" />
    <tag k="name" v="LD3SH" />
  </way>
  <node id="-330" visible="true" lat="59.270833" lon="9.625000">
    <tag k="callsign" v="LD3SK" />
    <tag k="communication:amateur_radio" v="yes" />
    <tag k="communication:amateur_radio:callsign" v="LD3SK" />
    <tag k="communication:amateur_radio:repeater" v="yes" />
    <tag k="communication:amateur_radio:repeater:frequency_out" v="144.8 MHz" />
    <tag k="communication:amateur_radio:repeater:modulation" v="20K0F2D" />
    <tag k="group" v="Grenland" />
    <tag k="name" v="LD3SK" />
    <tag k="note" v="NRRL locator JO49TG; disagreement; missing_osm; missing_repeaterbook" />
    <tag k="nrrl:group_page" v="https://nrrl.no/grupper/telemark/grenlandgruppen/" />
    <tag k="qth" v="Høglikollen" />
  </node>
  <node id="-331" visible="true" lat="59.251833" lon="9.651833">
    <tag k="best_source" v="aprsfi" />
    <tag k="callsign" v="LD3SK" />
    <tag k="communication:amateur_radio" v="yes" />
    <tag k="communication:amateur_radio:callsign" v="LD3SK" />
    <tag k="communication:amateur_radio:repeater" v="yes" />
    <tag k="communication:amateur_radio:repeater:frequency_out" v="144.8 MHz" />
    <tag k="communication:amateur_radio:repeater:modulation" v="20K0F2D" />
    <tag k="group" v="Grenland" />
    <tag k="name" v="LD3SK" />
    <tag k="note" v="best position from aprsfi; disagreement; missing_osm; missing_repeaterbook" />
    <tag k="nrrl:group_page" v="https://nrrl.no/grupper/telemark/grenlandgruppen/" />
    <tag k="qth" v="Høglikollen" />
  </node>
  <way id="-332" visible="true">
    <nd ref="-330" />
    <nd ref="-331" />
    <tag k="callsign" v="LD3SK" />
    <tag k="max_disagreement_m" v="2605.6" />
    <tag k="note" v="disagreement 2605.6 m; disagreement; missing_osm; missing_repeaterbook" />
    <tag k="name" v="LD3SK" />
  </way>
  <node id="-333" visible="true" lat="59.282500" lon="10.406670">
    <tag k="best_source" v="local" />
    <tag k="callsign" v="LD3ST" />
    <tag k="communication:amateur_radio" v="yes" />
    <tag k="communication:amateur_radio:callsign" v="LD3ST" />
    <tag k="communication:amateur_radio:repeater" v="yes" />
    <tag k="communication:amateur_radio:repeater:frequency_out" v="434.55 MHz" />
    <tag k="communication:amateur_radio:repeater:modulation" v="7K60FXE" />
    <tag k="communication:amateur_radio:repeater:shift" v="-2 MHz" />
    <tag k="dmr_id" v="242801" />
    <tag k="fixme" v="operator_override" />
    <tag k="group" v="Tønsberg" />
    <tag k="name" v="LD3ST" />
    <tag k="note" v="Frodeåsen.; operator override position; missing_osm" />
    <tag k="nrrl:group_page" v="https://nrrl.no/grupper/vestfold/tonsberggruppen/" />
    <tag k="qth" v="Frodeåsen" />
    <tag k="website" v="http://la1t.no/" />
  </node>
  <node id="-334" visible="true" lat="59.354167" lon="10.208333">
    <tag k="callsign" v="LD3TB" />
    <tag k="communication:amateur_radio" v="yes" />
    <tag k="communication:amateur_radio:callsign" v="LD3TB" />
    <tag k="communication:amateur_radio:repeater" v="yes" />
    <tag k="communication:amateur_radio:repeater:frequency_out" v="144.8 MHz" />
    <tag k="communication:amateur_radio:repeater:modulation" v="20K0F2D" />
    <tag k="group" v="Tønsberg" />
    <tag k="name" v="LD3TB" />
    <tag k="note" v="NRRL locator JO59CI; disagreement; missing_osm; missing_repeaterbook; outside_locator:aprsfi" />
    <tag k="nrrl:group_page" v="https://nrrl.no/grupper/vestfold/tonsberggruppen/" />
    <tag k="qth" v="Bergåsen" />
    <tag k="website" v="http://la1t.no/" />
  </node>
  <node id="-335" visible="true" lat="59.283000" lon="10.406000">
    <tag k="best_source" v="aprsfi" />
    <tag k="callsign" v="LD3TB" />
    <tag k="communication:amateur_radio" v="yes" />
    <tag k="communication:amateur_radio:callsign" v="LD3TB" />
    <tag k="communication:amateur_radio:repeater" v="yes" />
    <tag k="communication:amateur_radio:repeater:frequency_out" v="144.8 MHz" />
    <tag k="communication:amateur_radio:repeater:modulation" v="20K0F2D" />
    <tag k="group" v="Tønsberg" />
    <tag k="name" v="LD3TB" />
    <tag k="note" v="best position from aprsfi; disagreement; missing_osm; missing_repeaterbook; outside_locator:aprsfi" />
    <tag k="nrrl:group_page" v="https://nrrl.no/grupper/vestfold/tonsberggruppen/" />
    <tag k="qth" v="Bergåsen" />
    <tag k="website" v="http://la1t.no/" />
  </node>
  <way id="-336" visible="true">
    <nd ref="-334" />
    <nd ref="-335" />
    <tag k="callsign" v="LD3TB" />
    <tag k="max_disagreement_m" v="13726.1" />
    <tag k="note" v="disagreement 13726.1 m; disagreement; missing_osm; missing_repeaterbook; outside_locator:aprsfi" />
    <tag k="name" v="LD3TB" />
  </way>
  <node id="-337" visible="true" lat="59.187500" lon="10.458333">
    <tag k="callsign" v="LD3TD" />
    <tag k="communication:amateur_radio" v="yes" />
    <tag k="communication:amateur_radio:callsign" v="LD3TD" />
    <tag k="communication:amateur_radio:repeater" v="yes" />
    <tag k="communication:amateur_radio:repeater:frequency_out" v="434.5625 MHz" />
    <tag k="communication:amateur_radio:repeater:modulation" v="7K60FXE" />
    <tag k="communication:amateur_radio:repeater:shift" v="-2 MHz" />
    <tag k="dmr_id" v="242017" />
    <tag k="group" v="Tønsberg" />
    <tag k="name" v="LD3TD" />
    <tag k="note" v="NRRL locator JO59FE; disagreement; missing_repeaterbook" />
    <tag k="nrrl:group_page" v="https://nrrl.no/grupper/vestfold/tonsberggruppen/" />
    <tag k="qth" v="Vetan/Nøtterøy" />
    <tag k="website" v="http://la1t.no/" />
  </node>
  <node id="-338" visible="true" lat="59.176645" lon="10.427891">
    <tag k="callsign" v="LD3TD" />
    <tag k="communication:amateur_radio" v="yes" />
    <tag k="communication:amateur_radio:callsign" v="LD3TD" />
    <tag k="communication:amateur_radio:repeater" v="yes" />
    <tag k="communication:amateur_radio:repeater:frequency_out" v="434.5625 MHz" />
    <tag k="communication:amateur_radio:repeater:modulation" v="7K60FXE" />
    <tag k="communication:amateur_radio:repeater:shift" v="-2 MHz" />
    <tag k="dmr_id" v="242017" />
    <tag k="group" v="Tønsberg" />
    <tag k="name" v="LD3TD" />
    <tag k="note" v="position from osm; disagreement; missing_repeaterbook" />
    <tag k="nrrl:group_page" v="https://nrrl.no/grupper/vestfold/tonsberggruppen/" />
    <tag k="qth" v="Vetan/Nøtterøy" />
    <tag k="website" v="http://la1t.no/" />
  </node>
  <way id="-339" visible="true">
    <nd ref="-337" />
    <nd ref="-338" />
    <tag k="callsign" v="LD3TD" />
    <tag k="max_disagreement_m" v="2112.9" />
    <tag k="note" v="disagreement 2112.9 m; disagreement; missing_repeaterbook" />
    <tag k="name" v="LD3TD" />
  </way>
  <node id="-340" visible="true" lat="59.479167" lon="8.125000">
    <tag k="callsign" v="LD3TE" />
    <tag k="communication:amateur_radio" v="yes" />
    <tag k="communication:amateur_radio:callsign" v="LD3TE" />
    <tag k="communication:amateur_radio:repeater" v="yes" />
    <tag k="communication:amateur_radio:repeater:frequency_out" v="144.8 MHz" />
    <tag k="communication:amateur_radio:repeater:modulation" v="20K0F2D" />
    <tag k="group" v="Grenland" />
    <tag k="name" v="LD3TE" />
    <tag k="note" v="NRRL locator JO49BL; disagreement; missing_repeaterbook" />
    <tag k="nrrl:group_page" v="https://nrrl.no/grupper/telemark/grenlandgruppen/" />
    <tag k="qth" v="Eirefjell/Tokke" />
  </node>
  <node id="-341" visible="true" lat="59.489697" lon="8.090134">
    <tag k="callsign" v="LD3TE" />
    <tag k="communication:amateur_radio" v="yes" />
    <tag k="communication:amateur_radio:callsign" v="LD3TE" />
    <tag k="communication:amateur_radio:repeater" v="yes" />
    <tag k="communication:amateur_radio:repeater:frequency_out" v="144.8 MHz" />
    <tag k="communication:amateur_radio:repeater:modulation" v="20K0F2D" />
    <tag k="group" v="Grenland" />
    <tag k="name" v="LD3TE" />
    <tag k="note" v="position from osm; disagreement; missing_repeaterbook" />
    <tag k="nrrl:group_page" v="https://nrrl.no/grupper/telemark/grenlandgruppen/" />
    <tag k="qth" v="Eirefjell/Tokke" />
  </node>
  <way id="-342" visible="true">
    <nd ref="-340" />
    <nd ref="-341" />
    <tag k="callsign" v="LD3TE" />
    <tag k="max_disagreement_m" v="2290.5" />
    <tag k="note" v="disagreement 2290.5 m; disagreement; missing_repeaterbook" />
    <tag k="name" v="LD3TE" />
  </way>
  <node id="-343" visible="true" lat="60.395833" lon="9.958333">
    <tag k="callsign" v="LD3TO" />
    <tag k="communication:amateur_radio" v="yes" />
    <tag k="communication:amateur_radio:callsign" v="LD3TO" />
    <tag k="communication:amateur_radio:repeater" v="yes" />
    <tag k="communication:amateur_radio:repeater:frequency_out" v="144.8 MHz" />
    <tag k="communication:amateur_radio:repeater:modulation" v="20K0F2D" />
    <tag k="group" v="Ringerike" />
    <tag k="name" v="LD3TO" />
    <tag k="note" v="NRRL locator JP40XJ; disagreement; missing_osm; missing_repeaterbook" />
    <tag k="nrrl:group_page" v="https://nrrl.no/grupper/akershus/ringeriksgruppen/" />
    <tag k="qth" v="Tosevikseter" />
  </node>
  <node id="-344" visible="true" lat="60.412667" lon="9.995333">
    <tag k="best_source" v="aprsfi" />
    <tag k="callsign" v="LD3TO" />
    <tag k="communication:amateur_radio" v="yes" />
    <tag k="communication:amateur_radio:callsign" v="LD3TO" />
    <tag k="communication:amateur_radio:repeater" v="yes" />
    <tag k="communication:amateur_radio:repeater:frequency_out" v="144.8 MHz" />
    <tag k="communication:amateur_radio:repeater:modulation" v="20K0F2D" />
    <tag k="group" v="Ringerike" />
    <tag k="name" v="LD3TO" />
    <tag k="note" v="best position from aprsfi; disagreement; missing_osm; missing_repeaterbook" />
    <tag k="nrrl:group_page" v="https://nrrl.no/grupper/akershus/ringeriksgruppen/" />
    <tag k="qth" v="Tosevikseter" />
  </node>
  <way id="-345" visible="true">
    <nd ref="-343" />
    <nd ref="-344" />
    <tag k="callsign" v="LD3TO" />
    <tag k="max_disagreement_m" v="2762.7" />
    <tag k="note" v="disagreement 2762.7 m; disagreement; missing_osm; missing_repeaterbook" />
    <tag k="name" v="LD3TO" />
  </way>
  <node id="-346" visible="true" lat="59.235970" lon="9.699394">
    <tag k="best_source" v="osm" />
    <tag k="callsign" v="LD3VL" />
    <tag k="communication:amateur_radio" v="yes" />
    <tag k="communication:amateur_radio:callsign" v="LD3VL" />
    <tag k="communication:amateur_radio:repeater" v="yes" />
    <tag k="communication:amateur_radio:repeater:frequency_out" v="433.775 MHz" />
    <tag k="communication:amateur_radio:repeater:modulation" v="12K5F1D" />
    <tag k="group" v="Grenland" />
    <tag k="name" v="LD3VL" />
    <tag k="note" v="best position from osm; missing_repeaterbook" />
    <tag k="nrrl:group_page" v="https://nrrl.no/grupper/telemark/grenlandgruppen/" />
    <tag k="qth" v="Vealøs/Skien" />
  </node>
  <node id="-347" visible="true" lat="58.770833" lon="8.541667">
    <tag k="callsign" v="LD4AA" />
    <tag k="communication:amateur_radio" v="yes" />
    <tag k="communication:amateur_radio:callsign" v="LD4AA" />
    <tag k="communication:amateur_radio:repeater" v="yes" />
    <tag k="communication:amateur_radio:repeater:frequency_out" v="144.8 MHz" />
    <tag k="communication:amateur_radio:repeater:modulation" v="20K0F2D" />
    <tag k="group" v="Arendal" />
    <tag k="name" v="LD4AA" />
    <tag k="note" v="NRRL locator JO48GS; disagreement; missing_osm; missing_repeaterbook" />
    <tag k="nrrl:group_page" v="https://nrrl.no/grupper/agder/arendalsgruppen/" />
    <tag k="qth" v="Tveitheia/Åmli" />
  </node>
  <node id="-348" visible="true" lat="58.765000" lon="8.506833">
    <tag k="best_source" v="aprsfi" />
    <tag k="callsign" v="LD4AA" />
    <tag k="communication:amateur_radio" v="yes" />
    <tag k="communication:amateur_radio:callsign" v="LD4AA" />
    <tag k="communication:amateur_radio:repeater" v="yes" />
    <tag k="communication:amateur_radio:repeater:frequency_out" v="144.8 MHz" />
    <tag k="communication:amateur_radio:repeater:modulation" v="20K0F2D" />
    <tag k="group" v="Arendal" />
    <tag k="name" v="LD4AA" />
    <tag k="note" v="best position from aprsfi; disagreement; missing_osm; missing_repeaterbook" />
    <tag k="nrrl:group_page" v="https://nrrl.no/grupper/agder/arendalsgruppen/" />
    <tag k="qth" v="Tveitheia/Åmli" />
  </node>
  <way id="-349" visible="true">
    <nd ref="-347" />
    <nd ref="-348" />
    <tag k="callsign" v="LD4AA" />
    <tag k="max_disagreement_m" v="2110.5" />
    <tag k="note" v="disagreement 2110.5 m; disagreement; missing_osm; missing_repeaterbook" />
    <tag k="name" v="LD4AA" />
  </way>
  <node id="-350" visible="true" lat="58.395833" lon="8.541667">
    <tag k="callsign" v="LD4AI" />
    <tag k="communication:amateur_radio" v="yes" />
    <tag k="communication:amateur_radio:callsign" v="LD4AI" />
    <tag k="communication:amateur_radio:repeater" v="yes" />
    <tag k="communication:amateur_radio:repeater:frequency_out" v="144.8 MHz" />
    <tag k="communication:amateur_radio:repeater:modulation" v="20K0F2D" />
    <tag k="group" v="Arendal" />
    <tag k="name" v="LD4AI" />
    <tag k="note" v="NRRL locator JO48GJ; disagreement; missing_osm; missing_repeaterbook; outside_locator:aprsfi" />
    <tag k="nrrl:group_page" v="https://nrrl.no/grupper/agder/arendalsgruppen/" />
    <tag k="qth" v="Fjæreheia/Grimstad" />
  </node>
  <node id="-351" visible="true" lat="58.390000" lon="8.583667">
    <tag k="best_source" v="aprsfi" />
    <tag k="callsign" v="LD4AI" />
    <tag k="communication:amateur_radio" v="yes" />
    <tag k="communication:amateur_radio:callsign" v="LD4AI" />
    <tag k="communication:amateur_radio:repeater" v="yes" />
    <tag k="communication:amateur_radio:repeater:frequency_out" v="144.8 MHz" />
    <tag k="communication:amateur_radio:repeater:modulation" v="20K0F2D" />
    <tag k="group" v="Arendal" />
    <tag k="name" v="LD4AI" />
    <tag k="note" v="best position from aprsfi; disagreement; missing_osm; missing_repeaterbook; outside_locator:aprsfi" />
    <tag k="nrrl:group_page" v="https://nrrl.no/grupper/agder/arendalsgruppen/" />
    <tag k="qth" v="Fjæreheia/Grimstad" />
  </node>
  <way id="-352" visible="true">
    <nd ref="-350" />
    <nd ref="-351" />
    <tag k="callsign" v="LD4AI" />
    <tag k="max_disagreement_m" v="2532.1" />
    <tag k="note" v="disagreement 2532.1 m; disagreement; missing_osm; missing_repeaterbook; outside_locator:aprsfi" />
    <tag k="name" v="LD4AI" />
  </way>
  <node id="-353" visible="true" lat="58.562500" lon="8.958333">
    <tag k="callsign" v="LD4AK" />
    <tag k="communication:amateur_radio" v="yes" />
    <tag k="communication:amateur_radio:callsign" v="LD4AK" />
    <tag k="communication:amateur_radio:repeater" v="yes" />
    <tag k="communication:amateur_radio:repeater:frequency_out" v="144.8 MHz" />
    <tag k="communication:amateur_radio:repeater:modulation" v="20K0F2D" />
    <tag k="group" v="Arendal" />
    <tag k="name" v="LD4AK" />
    <tag k="note" v="NRRL locator JO48LN; disagreement; missing_osm; missing_repeaterbook; outside_locator:aprsfi" />
    <tag k="nrrl:group_page" v="https://nrrl.no/grupper/agder/arendalsgruppen/" />
    <tag k="qth" v="Kilsund" />
  </node>
  <node id="-354" visible="true" lat="58.475833" lon="8.765333">
    <tag k="best_source" v="aprsfi" />
    <tag k="callsign" v="LD4AK" />
    <tag k="communication:amateur_radio" v="yes" />
    <tag k="communication:amateur_radio:callsign" v="LD4AK" />
    <tag k="communication:amateur_radio:repeater" v="yes" />
    <tag k="communication:amateur_radio:repeater:frequency_out" v="144.8 MHz" />
    <tag k="communication:amateur_radio:repeater:modulation" v="20K0F2D" />
    <tag k="group" v="Arendal" />
    <tag k="name" v="LD4AK" />
    <tag k="note" v="best position from aprsfi; disagreement; missing_osm; missing_repeaterbook; outside_locator:aprsfi" />
    <tag k="nrrl:group_page" v="https://nrrl.no/grupper/agder/arendalsgruppen/" />
    <tag k="qth" v="Kilsund" />
  </node>
  <way id="-355" visible="true">
    <nd ref="-353" />
    <nd ref="-354" />
    <tag k="callsign" v="LD4AK" />
    <tag k="max_disagreement_m" v="14780.6" />
    <tag k="note" v="disagreement 14780.6 m; disagreement; missing_osm; missing_repeaterbook; outside_locator:aprsfi" />
    <tag k="name" v="LD4AK" />
  </way>
  <node id="-356" visible="true" lat="58.562500" lon="8.958333">
    <tag k="best_source" v="nrrl_locator" />
    <tag k="callsign" v="LD4AR" />
    <tag k="communication:amateur_radio" v="yes" />
    <tag k="communication:amateur_radio:callsign" v="LD4AR" />
    <tag k="communication:amateur_radio:repeater" v="yes" />
    <tag k="communication:amateur_radio:repeater:frequency_out" v="434.775 MHz" />
    <tag k="communication:amateur_radio:repeater:modulation" v="6K00F7W" />
    <tag k="communication:amateur_radio:repeater:shift" v="-2 MHz" />
    <tag k="group" v="Arendal" />
    <tag k="name" v="LD4AR" />
    <tag k="note" v="best position from nrrl_locator; missing_osm; missing_repeaterbook" />
    <tag k="nrrl:group_page" v="https://nrrl.no/grupper/agder/arendalsgruppen/" />
    <tag k="qth" v="Kilsund" />
  </node>
  <node id="-357" visible="true" lat="58.562500" lon="8.958333">
    <tag k="best_source" v="nrrl_locator" />
    <tag k="callsign" v="LD4AR" />
    <tag k="communication:amateur_radio" v="yes" />
    <tag k="communication:amateur_radio:callsign" v="LD4AR" />
    <tag k="communication:amateur_radio:repeater" v="yes" />
    <tag k="communication:amateur_radio:repeater:frequency_out" v="145.7375 MHz" />
    <tag k="communication:amateur_radio:repeater:modulation" v="6K00F7W" />
    <tag k="communication:amateur_radio:repeater:shift" v="-0.6 MHz" />
    <tag k="group" v="Arendal" />
    <tag k="name" v="LD4AR" />
    <tag k="note" v="best position from nrrl_locator; missing_osm; missing_repeaterbook" />
    <tag k="nrrl:group_page" v="https://nrrl.no/grupper/agder/arendalsgruppen/" />
    <tag k="qth" v="Kilsund" />
  </node>
  <node id="-358" visible="true" lat="58.437500" lon="8.791667">
    <tag k="callsign" v="LD4AT" />
    <tag k="communication:amateur_radio" v="yes" />
    <tag k="communication:amateur_radio:callsign" v="LD4AT" />
    <tag k="communication:amateur_radio:repeater" v="yes" />
    <tag k="communication:amateur_radio:repeater:frequency_out" v="144.8 MHz" />
    <tag k="communication:amateur_radio:repeater:modulation" v="20K0F2D" />
    <tag k="group" v="Arendal" />
    <tag k="name" v="LD4AT" />
    <tag k="note" v="NRRL locator JO48JK; disagreement; missing_osm; missing_repeaterbook" />
    <tag k="nrrl:group_page" v="https://nrrl.no/grupper/agder/arendalsgruppen/" />
    <tag k="qth" v="Vardåsen/Tromøya" />
  </node>
  <node id="-359" visible="true" lat="58.457500" lon="8.810500">
    <tag k="best_source" v="aprsfi" />
    <tag k="callsign" v="LD4AT" />
    <tag k="communication:amateur_radio" v="yes" />
    <tag k="communication:amateur_radio:callsign" v="LD4AT" />
    <tag k="communication:amateur_radio:repeater" v="yes" />
    <tag k="communication:amateur_radio:repeater:frequency_out" v="144.8 MHz" />
    <tag k="communication:amateur_radio:repeater:modulation" v="20K0F2D" />
    <tag k="group" v="Arendal" />
    <tag k="name" v="LD4AT" />
    <tag k="note" v="best position from aprsfi; disagreement; missing_osm; missing_repeaterbook" />
    <tag k="nrrl:group_page" v="https://nrrl.no/grupper/agder/arendalsgruppen/" />
    <tag k="qth" v="Vardåsen/Tromøya" />
  </node>
  <way id="-360" visible="true">
    <nd ref="-358" />
    <nd ref="-359" />
    <tag k="callsign" v="LD4AT" />
    <tag k="max_disagreement_m" v="2479.2" />
    <tag k="note" v="disagreement 2479.2 m; disagreement; missing_osm; missing_repeaterbook" />
    <tag k="name" v="LD4AT" />
  </way>
  <node id="-361" visible="true" lat="58.354167" lon="8.208333">
    <tag k="callsign" v="LD4BO" />
    <tag k="communication:amateur_radio" v="yes" />
    <tag k="communication:amateur_radio:callsign" v="LD4BO" />
    <tag k="communication:amateur_radio:repeater" v="yes" />
    <tag k="communication:amateur_radio:repeater:frequency_out" v="144.8 MHz" />
    <tag k="communication:amateur_radio:repeater:modulation" v="20K0F2D" />
    <tag k="group" v="Arendal" />
    <tag k="name" v="LD4BO" />
    <tag k="note" v="NRRL locator JO48CI; disagreement; missing_osm; missing_repeaterbook; outside_locator:aprsfi" />
    <tag k="nrrl:group_page" v="https://nrrl.no/grupper/agder/arendalsgruppen/" />
    <tag k="qth" v="Flakkheia/Birkeland" />
  </node>
  <node id="-362" visible="true" lat="58.215167" lon="8.347167">
    <tag k="best_source" v="aprsfi" />
    <tag k="callsign" v="LD4BO" />
    <tag k="communication:amateur_radio" v="yes" />
    <tag k="communication:amateur_radio:callsign" v="LD4BO" />
    <tag k="communication:amateur_radio:repeater" v="yes" />
    <tag k="communication:amateur_radio:repeater:frequency_out" v="144.8 MHz" />
    <tag k="communication:amateur_radio:repeater:modulation" v="20K0F2D" />
    <tag k="group" v="Arendal" />
    <tag k="name" v="LD4BO" />
    <tag k="note" v="best position from aprsfi; disagreement; missing_osm; missing_repeaterbook; outside_locator:aprsfi" />
    <tag k="nrrl:group_page" v="https://nrrl.no/grupper/agder/arendalsgruppen/" />
    <tag k="qth" v="Flakkheia/Birkeland" />
  </node>
  <way id="-363" visible="true">
    <nd ref="-361" />
    <nd ref="-362" />
    <tag k="callsign" v="LD4BO" />
    <tag k="max_disagreement_m" v="17457.2" />
    <tag k="note" v="disagreement 17457.2 m; disagreement; missing_osm; missing_repeaterbook; outside_locator:aprsfi" />
    <tag k="name" v="LD4BO" />
  </way>
  <node id="-364" visible="true" lat="58.620000" lon="6.293833">
    <tag k="best_source" v="aprsfi" />
    <tag k="callsign" v="LD4EG" />
    <tag k="communication:amateur_radio" v="yes" />
    <tag k="communication:amateur_radio:callsign" v="LD4EG" />
    <tag k="communication:amateur_radio:repeater" v="yes" />
    <tag k="communication:amateur_radio:repeater:frequency_out" v="144.8 MHz" />
    <tag k="communication:amateur_radio:repeater:modulation" v="20K0F2D" />
    <tag k="group" v="Jæren" />
    <tag k="name" v="LD4EG" />
    <tag k="note" v="best position from aprsfi; missing_osm; missing_repeaterbook" />
    <tag k="nrrl:group_page" v="https://nrrl.no/grupper/rogaland/jaergruppen/" />
    <tag k="qth" v="Egersund/Gaupelemfjell" />
    <tag k="website" v="https://www.la1j.no/" />
  </node>
  <node id="-365" visible="true" lat="58.604167" lon="6.291667">
    <tag k="best_source" v="nrrl_locator" />
    <tag k="callsign" v="LD4ER" />
    <tag k="communication:amateur_radio" v="yes" />
    <tag k="communication:amateur_radio:callsign" v="LD4ER" />
    <tag k="communication:amateur_radio:repeater" v="yes" />
    <tag k="communication:amateur_radio:repeater:frequency_out" v="434.625 MHz" />
    <tag k="communication:amateur_radio:repeater:modulation" v="7K60FXE" />
    <tag k="communication:amateur_radio:repeater:shift" v="-2 MHz" />
    <tag k="group" v="Jæren" />
    <tag k="name" v="LD4ER" />
    <tag k="note" v="best position from nrrl_locator; missing_osm; missing_radioid; missing_repeaterbook" />
    <tag k="nrrl:group_page" v="https://nrrl.no/grupper/rogaland/jaergruppen/" />
    <tag k="qth" v="Egersund/Gaupelemfjell" />
    <tag k="website" v="https://www.la1j.no/" />
  </node>
  <node id="-366" visible="true" lat="58.604167" lon="6.291667">
    <tag k="callsign" v="LD4GA" />
    <tag k="communication:amateur_radio" v="yes" />
    <tag k="communication:amateur_radio:callsign" v="LD4GA" />
    <tag k="communication:amateur_radio:repeater" v="yes" />
    <tag k="communication:amateur_radio:repeater:frequency_out" v="145.5875 MHz" />
    <tag k="communication:amateur_radio:repeater:modulation" v="7K60FXE" />
    <tag k="communication:amateur_radio:repeater:shift" v="-0.6 MHz" />
    <tag k="dmr_id" v="242390" />
    <tag k="group" v="Jæren" />
    <tag k="name" v="LD4GA" />
    <tag k="note" v="NRRL locator JO38DO; disagreement; missing_osm; outside_locator:repeaterbook" />
    <tag k="nrrl:group_page" v="https://nrrl.no/grupper/rogaland/jaergruppen/" />
    <tag k="qth" v="Egersund/Gaupelemfjell" />
    <tag k="website" v="https://www.la1j.no/" />
  </node>
  <node id="-367" visible="true" lat="58.620079" lon="6.293778">
    <tag k="callsign" v="LD4GA" />
    <tag k="communication:amateur_radio" v="yes" />
    <tag k="communication:amateur_radio:callsign" v="LD4GA" />
    <tag k="communication:amateur_radio:repeater" v="yes" />
    <tag k="communication:amateur_radio:repeater:frequency_out" v="145.5875 MHz" />
    <tag k="communication:amateur_radio:repeater:modulation" v="7K60FXE" />
    <tag k="communication:amateur_radio:repeater:shift" v="-0.6 MHz" />
    <tag k="dmr_id" v="242390" />
    <tag k="group" v="Jæren" />
    <tag k="name" v="LD4GA" />
    <tag k="note" v="position from radioid; disagreement; missing_osm; outside_locator:repeaterbook" />
    <tag k="nrrl:group_page" v="https://nrrl.no/grupper/rogaland/jaergruppen/" />
    <tag k="qth" v="Egersund/Gaupelemfjell" />
    <tag k="website" v="https://www.la1j.no/" />
  </node>
  <node id="-368" visible="true" lat="58.633333" lon="6.083036">
    <tag k="callsign" v="LD4GA" />
    <tag k="communication:amateur_radio" v="yes" />
    <tag k="communication:amateur_radio:callsign" v="LD4GA" />
    <tag k="communication:amateur_radio:repeater" v="yes" />
    <tag k="communication:amateur_radio:repeater:frequency_out" v="145.5875 MHz" />
    <tag k="communication:amateur_radio:repeater:modulation" v="7K60FXE" />
    <tag k="communication:amateur_radio:repeater:shift" v="-0.6 MHz" />
    <tag k="dmr_id" v="242390" />
    <tag k="group" v="Jæren" />
    <tag k="name" v="LD4GA" />
    <tag k="note" v="position from repeaterbook; disagreement; missing_osm; outside_locator:repeaterbook" />
    <tag k="nrrl:group_page" v="https://nrrl.no/grupper/rogaland/jaergruppen/" />
    <tag k="qth" v="Egersund/Gaupelemfjell" />
    <tag k="website" v="https://www.la1j.no/" />
  </node>
  <way id="-369" visible="true">
    <nd ref="-366" />
    <nd ref="-367" />
    <nd ref="-368" />
    <nd ref="-366" />
    <tag k="callsign" v="LD4GA" />
    <tag k="max_disagreement_m" v="12508.0" />
    <tag k="note" v="disagreement 12508.0 m; disagreement; missing_osm; outside_locator:repeaterbook" />
    <tag k="name" v="LD4GA" />
  </way>
  <node id="-370" visible="true" lat="58.395833" lon="8.541667">
    <tag k="callsign" v="LD4GF" />
    <tag k="communication:amateur_radio" v="yes" />
    <tag k="communication:amateur_radio:callsign" v="LD4GF" />
    <tag k="communication:amateur_radio:repeater" v="yes" />
    <tag k="communication:amateur_radio:repeater:frequency_out" v="144.8 MHz" />
    <tag k="communication:amateur_radio:repeater:modulation" v="20K0F2D" />
    <tag k="group" v="Arendal" />
    <tag k="name" v="LD4GF" />
    <tag k="note" v="NRRL locator JO48GJ; disagreement; missing_osm; missing_repeaterbook" />
    <tag k="nrrl:group_page" v="https://nrrl.no/grupper/agder/arendalsgruppen/" />
    <tag k="qth" v="Fjæreheia/Grimstad" />
  </node>
  <node id="-371" visible="true" lat="58.382833" lon="8.567667">
    <tag k="best_source" v="aprsfi" />
    <tag k="callsign" v="LD4GF" />
    <tag k="communication:amateur_radio" v="yes" />
    <tag k="communication:amateur_radio:callsign" v="LD4GF" />
    <tag k="communication:amateur_radio:repeater" v="yes" />
    <tag k="communication:amateur_radio:repeater:frequency_out" v="144.8 MHz" />
    <tag k="communication:amateur_radio:repeater:modulation" v="20K0F2D" />
    <tag k="group" v="Arendal" />
    <tag k="name" v="LD4GF" />
    <tag k="note" v="best position from aprsfi; disagreement; missing_osm; missing_repeaterbook" />
    <tag k="nrrl:group_page" v="https://nrrl.no/grupper/agder/arendalsgruppen/" />
    <tag k="qth" v="Fjæreheia/Grimstad" />
  </node>
  <way id="-372" visible="true">
    <nd ref="-370" />
    <nd ref="-371" />
    <tag k="callsign" v="LD4GF" />
    <tag k="max_disagreement_m" v="2094.2" />
    <tag k="note" v="disagreement 2094.2 m; disagreement; missing_osm; missing_repeaterbook" />
    <tag k="name" v="LD4GF" />
  </way>
  <node id="-373" visible="true" lat="58.776819" lon="5.858822">
    <tag k="best_source" v="osm" />
    <tag k="callsign" v="LD4GJ" />
    <tag k="communication:amateur_radio" v="yes" />
    <tag k="communication:amateur_radio:callsign" v="LD4GJ" />
    <tag k="communication:amateur_radio:repeater" v="yes" />
    <tag k="communication:amateur_radio:repeater:frequency_out" v="434.95 MHz" />
    <tag k="communication:amateur_radio:repeater:modulation" v="6K00F7W" />
    <tag k="communication:amateur_radio:repeater:shift" v="-2 MHz" />
    <tag k="dmr_id" v="242333" />
    <tag k="group" v="Jæren" />
    <tag k="name" v="LD4GJ" />
    <tag k="note" v="best position from osm; missing_repeaterbook" />
    <tag k="nrrl:group_page" v="https://nrrl.no/grupper/rogaland/jaergruppen/" />
    <tag k="qth" v="Ålgård" />
    <tag k="website" v="https://www.la1j.no/" />
  </node>
  <node id="-374" visible="true" lat="58.776819" lon="5.858822">
    <tag k="best_source" v="osm" />
    <tag k="callsign" v="LD4GJ" />
    <tag k="communication:amateur_radio" v="yes" />
    <tag k="communication:amateur_radio:callsign" v="LD4GJ" />
    <tag k="communication:amateur_radio:repeater" v="yes" />
    <tag k="communication:amateur_radio:repeater:frequency_out" v="145.7875 MHz" />
    <tag k="communication:amateur_radio:repeater:modulation" v="6K00F7W" />
    <tag k="communication:amateur_radio:repeater:shift" v="-0.6 MHz" />
    <tag k="dmr_id" v="242333" />
    <tag k="group" v="Jæren" />
    <tag k="name" v="LD4GJ" />
    <tag k="note" v="best position from osm; missing_repeaterbook" />
    <tag k="nrrl:group_page" v="https://nrrl.no/grupper/rogaland/jaergruppen/" />
    <tag k="qth" v="Ålgård" />
    <tag k="website" v="https://www.la1j.no/" />
  </node>
  <node id="-375" visible="true" lat="58.604167" lon="6.291667">
    <tag k="best_source" v="nrrl_locator" />
    <tag k="callsign" v="LD4GL" />
    <tag k="communication:amateur_radio" v="yes" />
    <tag k="communication:amateur_radio:callsign" v="LD4GL" />
    <tag k="communication:amateur_radio:repeater" v="yes" />
    <tag k="communication:amateur_radio:repeater:frequency_out" v="433.725 MHz" />
    <tag k="communication:amateur_radio:repeater:modulation" v="20K0F2D" />
    <tag k="group" v="Jæren" />
    <tag k="name" v="LD4GL" />
    <tag k="note" v="best position from nrrl_locator; missing_osm; missing_repeaterbook" />
    <tag k="nrrl:group_page" v="https://nrrl.no/grupper/rogaland/jaergruppen/" />
    <tag k="qth" v="Egersund/Gaupelemfjell" />
    <tag k="website" v="https://www.la1j.no/" />
  </node>
  <node id="-376" visible="true" lat="58.453941" lon="8.460413">
    <tag k="best_source" v="osm" />
    <tag k="callsign" v="LD4GS" />
    <tag k="communication:amateur_radio" v="yes" />
    <tag k="communication:amateur_radio:callsign" v="LD4GS" />
    <tag k="communication:amateur_radio:repeater" v="yes" />
    <tag k="communication:amateur_radio:repeater:frequency_out" v="144.8 MHz" />
    <tag k="communication:amateur_radio:repeater:modulation" v="20K0F2D" />
    <tag k="group" v="Arendal" />
    <tag k="name" v="LD4GS" />
    <tag k="note" v="best position from osm; missing_repeaterbook" />
    <tag k="nrrl:group_page" v="https://nrrl.no/grupper/agder/arendalsgruppen/" />
    <tag k="qth" v="Stormyrheia" />
  </node>
  <node id="-377" visible="true" lat="59.187500" lon="5.208333">
    <tag k="best_source" v="nrrl_locator" />
    <tag k="callsign" v="LD4HS" />
    <tag k="communication:amateur_radio" v="yes" />
    <tag k="communication:amateur_radio:callsign" v="LD4HS" />
    <tag k="communication:amateur_radio:repeater" v="yes" />
    <tag k="communication:amateur_radio:repeater:frequency_out" v="144.925 MHz" />
    <tag k="communication:amateur_radio:repeater:modulation" v="20K0F2D" />
    <tag k="group" v="Haugaland" />
    <tag k="name" v="LD4HS" />
    <tag k="note" v="best position from nrrl_locator; missing_osm; missing_repeaterbook" />
    <tag k="nrrl:group_page" v="https://nrrl.no/grupper/rogaland/haugalandgruppen/" />
    <tag k="qth" v="Karmøy/Sandve" />
  </node>
  <node id="-378" visible="true" lat="58.145833" lon="7.958333">
    <tag k="callsign" v="LD4KA" />
    <tag k="communication:amateur_radio" v="yes" />
    <tag k="communication:amateur_radio:callsign" v="LD4KA" />
    <tag k="communication:amateur_radio:repeater" v="yes" />
    <tag k="communication:amateur_radio:repeater:frequency_out" v="144.8 MHz" />
    <tag k="communication:amateur_radio:repeater:modulation" v="20K0F2D" />
    <tag k="group" v="Kristiansand" />
    <tag k="name" v="LD4KA" />
    <tag k="note" v="NRRL locator JO38XD; disagreement; missing_osm; missing_repeaterbook; outside_locator:aprsfi" />
    <tag k="nrrl:group_page" v="https://nrrl.no/grupper/agder/kristiansandsgruppen/" />
    <tag k="qth" v="Kristiansand/Slettheia" />
    <tag k="website" v="https://www.la9k.net/" />
  </node>
  <node id="-379" visible="true" lat="58.180667" lon="7.976167">
    <tag k="best_source" v="aprsfi" />
    <tag k="callsign" v="LD4KA" />
    <tag k="communication:amateur_radio" v="yes" />
    <tag k="communication:amateur_radio:callsign" v="LD4KA" />
    <tag k="communication:amateur_radio:repeater" v="yes" />
    <tag k="communication:amateur_radio:repeater:frequency_out" v="144.8 MHz" />
    <tag k="communication:amateur_radio:repeater:modulation" v="20K0F2D" />
    <tag k="group" v="Kristiansand" />
    <tag k="name" v="LD4KA" />
    <tag k="note" v="best position from aprsfi; disagreement; missing_osm; missing_repeaterbook; outside_locator:aprsfi" />
    <tag k="nrrl:group_page" v="https://nrrl.no/grupper/agder/kristiansandsgruppen/" />
    <tag k="qth" v="Kristiansand/Slettheia" />
    <tag k="website" v="https://www.la9k.net/" />
  </node>
  <way id="-380" visible="true">
    <nd ref="-378" />
    <nd ref="-379" />
    <tag k="callsign" v="LD4KA" />
    <tag k="max_disagreement_m" v="4012.0" />
    <tag k="note" v="disagreement 4012.0 m; disagreement; missing_osm; missing_repeaterbook; outside_locator:aprsfi" />
    <tag k="name" v="LD4KA" />
  </way>
  <node id="-381" visible="true" lat="58.305801" lon="7.103300">
    <tag k="best_source" v="radioid" />
    <tag k="callsign" v="LD4KH" />
    <tag k="communication:amateur_radio" v="yes" />
    <tag k="communication:amateur_radio:callsign" v="LD4KH" />
    <tag k="communication:amateur_radio:repeater" v="yes" />
    <tag k="communication:amateur_radio:repeater:frequency_out" v="145.7625 MHz" />
    <tag k="communication:amateur_radio:repeater:modulation" v="7K60FXE" />
    <tag k="communication:amateur_radio:repeater:shift" v="-0.6 MHz" />
    <tag k="dmr_id" v="242710" />
    <tag k="group" v="Sandnes" />
    <tag k="name" v="LD4KH" />
    <tag k="note" v="best position from radioid; missing_osm" />
    <tag k="nrrl:group_page" v="https://nrrl.no/grupper/rogaland/sandnesgruppen/" />
    <tag k="qth" v="Kvinesheia/Haugeheia" />
    <tag k="website" v="https://la9s.no/" />
  </node>
  <node id="-382" visible="true" lat="58.524800" lon="6.546700">
    <tag k="best_source" v="local" />
    <tag k="callsign" v="LD4LA" />
    <tag k="communication:amateur_radio" v="yes" />
    <tag k="communication:amateur_radio:callsign" v="LD4LA" />
    <tag k="communication:amateur_radio:repeater" v="yes" />
    <tag k="communication:amateur_radio:repeater:frequency_out" v="434.8625 MHz" />
    <tag k="communication:amateur_radio:repeater:modulation" v="7K60FXE;6K00F7W" />
    <tag k="communication:amateur_radio:repeater:shift" v="-2 MHz" />
    <tag k="dmr_id" v="242703" />
    <tag k="fixme" v="operator_override" />
    <tag k="group" v="Sandnes" />
    <tag k="name" v="LD4LA" />
    <tag k="note" v="Operator position 58.52480, 6.54670.; operator override position" />
    <tag k="nrrl:group_page" v="https://nrrl.no/grupper/rogaland/sandnesgruppen/" />
    <tag k="qth" v="Voreknuten" />
    <tag k="website" v="https://la9s.no/" />
  </node>
  <node id="-383" visible="true" lat="58.187500" lon="8.375000">
    <tag k="callsign" v="LD4LF" />
    <tag k="communication:amateur_radio" v="yes" />
    <tag k="communication:amateur_radio:callsign" v="LD4LF" />
    <tag k="communication:amateur_radio:repeater" v="yes" />
    <tag k="communication:amateur_radio:repeater:frequency_out" v="144.8 MHz" />
    <tag k="communication:amateur_radio:repeater:modulation" v="20K0F2D" />
    <tag k="group" v="Arendal" />
    <tag k="name" v="LD4LF" />
    <tag k="note" v="NRRL locator JO48EE; disagreement; missing_repeaterbook" />
    <tag k="nrrl:group_page" v="https://nrrl.no/grupper/agder/arendalsgruppen/" />
    <tag k="qth" v="Bonjeåsen/Justøy" />
  </node>
  <node id="-384" visible="true" lat="58.937500" lon="5.791667">
    <tag k="callsign" v="LD4LI" />
    <tag k="communication:amateur_radio" v="yes" />
    <tag k="communication:amateur_radio:callsign" v="LD4LI" />
    <tag k="communication:amateur_radio:repeater" v="yes" />
    <tag k="communication:amateur_radio:repeater:frequency_out" v="434.975 MHz" />
    <tag k="communication:amateur_radio:repeater:modulation" v="7K60FXE" />
    <tag k="communication:amateur_radio:repeater:shift" v="-2 MHz" />
    <tag k="dmr_id" v="242310" />
    <tag k="group" v="Sandnes" />
    <tag k="name" v="LD4LI" />
    <tag k="note" v="NRRL locator JO28VW; disagreement; missing_osm; outside_locator:repeaterbook" />
    <tag k="nrrl:group_page" v="https://nrrl.no/grupper/rogaland/sandnesgruppen/" />
    <tag k="qth" v="Stavanger/Lifjell" />
    <tag k="website" v="https://la9s.no/" />
  </node>
  <node id="-385" visible="true" lat="58.920141" lon="5.789153">
    <tag k="callsign" v="LD4LI" />
    <tag k="communication:amateur_radio" v="yes" />
    <tag k="communication:amateur_radio:callsign" v="LD4LI" />
    <tag k="communication:amateur_radio:repeater" v="yes" />
    <tag k="communication:amateur_radio:repeater:frequency_out" v="434.975 MHz" />
    <tag k="communication:amateur_radio:repeater:modulation" v="7K60FXE" />
    <tag k="communication:amateur_radio:repeater:shift" v="-2 MHz" />
    <tag k="dmr_id" v="242310" />
    <tag k="group" v="Sandnes" />
    <tag k="name" v="LD4LI" />
    <tag k="note" v="position from radioid; disagreement; missing_osm; outside_locator:repeaterbook" />
    <tag k="nrrl:group_page" v="https://nrrl.no/grupper/rogaland/sandnesgruppen/" />
    <tag k="qth" v="Stavanger/Lifjell" />
    <tag k="website" v="https://la9s.no/" />
  </node>
  <node id="-386" visible="true" lat="58.969976" lon="5.733107">
    <tag k="callsign" v="LD4LI" />
    <tag k="communication:amateur_radio" v="yes" />
    <tag k="communication:amateur_radio:callsign" v="LD4LI" />
    <tag k="communication:amateur_radio:repeater" v="yes" />
    <tag k="communication:amateur_radio:repeater:frequency_out" v="434.975 MHz" />
    <tag k="communication:amateur_radio:repeater:modulation" v="7K60FXE" />
    <tag k="communication:amateur_radio:repeater:shift" v="-2 MHz" />
    <tag k="dmr_id" v="242310" />
    <tag k="group" v="Sandnes" />
    <tag k="name" v="LD4LI" />
    <tag k="note" v="position from repeaterbook; disagreement; missing_osm; outside_locator:repeaterbook" />
    <tag k="nrrl:group_page" v="https://nrrl.no/grupper/rogaland/sandnesgruppen/" />
    <tag k="qth" v="Stavanger/Lifjell" />
    <tag k="website" v="https://la9s.no/" />
  </node>
  <way id="-387" visible="true">
    <nd ref="-384" />
    <nd ref="-385" />
    <nd ref="-386" />
    <nd ref="-384" />
    <tag k="callsign" v="LD4LI" />
    <tag k="max_disagreement_m" v="6406.4" />
    <tag k="note" v="disagreement 6406.4 m; disagreement; missing_osm; outside_locator:repeaterbook" />
    <tag k="name" v="LD4LI" />
  </way>
  <node id="-388" visible="true" lat="58.312500" lon="7.125000">
    <tag k="callsign" v="LD4LK" />
    <tag k="communication:amateur_radio" v="yes" />
    <tag k="communication:amateur_radio:callsign" v="LD4LK" />
    <tag k="communication:amateur_radio:repeater" v="yes" />
    <tag k="communication:amateur_radio:repeater:frequency_out" v="145.6875 MHz" />
    <tag k="communication:amateur_radio:repeater:modulation" v="6K00F7W" />
    <tag k="communication:amateur_radio:repeater:shift" v="-0.6 MHz" />
    <tag k="group" v="Sandnes" />
    <tag k="name" v="LD4LK" />
    <tag k="note" v="NRRL locator JO38NH; disagreement; missing_osm" />
    <tag k="nrrl:group_page" v="https://nrrl.no/grupper/rogaland/sandnesgruppen/" />
    <tag k="qth" v="Liknes/Kvinesheia" />
    <tag k="website" v="https://la9s.no/" />
  </node>
  <node id="-389" visible="true" lat="58.303501" lon="7.095300">
    <tag k="callsign" v="LD4LK" />
    <tag k="communication:amateur_radio" v="yes" />
    <tag k="communication:amateur_radio:callsign" v="LD4LK" />
    <tag k="communication:amateur_radio:repeater" v="yes" />
    <tag k="communication:amateur_radio:repeater:frequency_out" v="145.6875 MHz" />
    <tag k="communication:amateur_radio:repeater:modulation" v="6K00F7W" />
    <tag k="communication:amateur_radio:repeater:shift" v="-0.6 MHz" />
    <tag k="group" v="Sandnes" />
    <tag k="name" v="LD4LK" />
    <tag k="note" v="position from repeaterbook; disagreement; missing_osm" />
    <tag k="nrrl:group_page" v="https://nrrl.no/grupper/rogaland/sandnesgruppen/" />
    <tag k="qth" v="Liknes/Kvinesheia" />
    <tag k="website" v="https://la9s.no/" />
  </node>
  <way id="-390" visible="true">
    <nd ref="-388" />
    <nd ref="-389" />
    <tag k="callsign" v="LD4LK" />
    <tag k="max_disagreement_m" v="2002.8" />
    <tag k="note" v="disagreement 2002.8 m; disagreement; missing_osm" />
    <tag k="name" v="LD4LK" />
  </way>
  <node id="-391" visible="true" lat="58.663500" lon="5.714167">
    <tag k="best_source" v="aprsfi" />
    <tag k="callsign" v="LD4NB" />
    <tag k="communication:amateur_radio" v="yes" />
    <tag k="communication:amateur_radio:callsign" v="LD4NB" />
    <tag k="communication:amateur_radio:repeater" v="yes" />
    <tag k="communication:amateur_radio:repeater:frequency_out" v="144.8 MHz" />
    <tag k="communication:amateur_radio:repeater:modulation" v="20K0F2D" />
    <tag k="group" v="Jæren" />
    <tag k="name" v="LD4NB" />
    <tag k="note" v="best position from aprsfi; missing_osm; missing_repeaterbook" />
    <tag k="nrrl:group_page" v="https://nrrl.no/grupper/rogaland/jaergruppen/" />
    <tag k="qth" v="Nærbø/Våland" />
    <tag k="website" v="https://www.la1j.no/" />
  </node>
  <node id="-392" visible="true" lat="58.770833" lon="9.125000">
    <tag k="callsign" v="LD4RH" />
    <tag k="communication:amateur_radio" v="yes" />
    <tag k="communication:amateur_radio:callsign" v="LD4RH" />
    <tag k="communication:amateur_radio:repeater" v="yes" />
    <tag k="communication:amateur_radio:repeater:frequency_out" v="434.5375 MHz" />
    <tag k="communication:amateur_radio:repeater:modulation" v="6K00F7W" />
    <tag k="communication:amateur_radio:repeater:shift" v="-2 MHz" />
    <tag k="group" v="Arendal" />
    <tag k="name" v="LD4RH" />
    <tag k="note" v="NRRL locator JO48NS; disagreement; outside_locator:repeaterbook" />
    <tag k="nrrl:group_page" v="https://nrrl.no/grupper/agder/arendalsgruppen/" />
    <tag k="qth" v="Heiberg/Søndeled" />
  </node>
  <node id="-393" visible="true" lat="58.767592" lon="9.105796">
    <tag k="callsign" v="LD4RH" />
    <tag k="communication:amateur_radio" v="yes" />
    <tag k="communication:amateur_radio:callsign" v="LD4RH" />
    <tag k="communication:amateur_radio:repeater" v="yes" />
    <tag k="communication:amateur_radio:repeater:frequency_out" v="434.5375 MHz" />
    <tag k="communication:amateur_radio:repeater:modulation" v="6K00F7W" />
    <tag k="communication:amateur_radio:repeater:shift" v="-2 MHz" />
    <tag k="group" v="Arendal" />
    <tag k="name" v="LD4RH" />
    <tag k="note" v="position from osm; disagreement; outside_locator:repeaterbook" />
    <tag k="nrrl:group_page" v="https://nrrl.no/grupper/agder/arendalsgruppen/" />
    <tag k="qth" v="Heiberg/Søndeled" />
  </node>
  <node id="-394" visible="true" lat="58.719398" lon="9.223170">
    <tag k="callsign" v="LD4RH" />
    <tag k="communication:amateur_radio" v="yes" />
    <tag k="communication:amateur_radio:callsign" v="LD4RH" />
    <tag k="communication:amateur_radio:repeater" v="yes" />
    <tag k="communication:amateur_radio:repeater:frequency_out" v="434.5375 MHz" />
    <tag k="communication:amateur_radio:repeater:modulation" v="6K00F7W" />
    <tag k="communication:amateur_radio:repeater:shift" v="-2 MHz" />
    <tag k="group" v="Arendal" />
    <tag k="name" v="LD4RH" />
    <tag k="note" v="position from repeaterbook; disagreement; outside_locator:repeaterbook" />
    <tag k="nrrl:group_page" v="https://nrrl.no/grupper/agder/arendalsgruppen/" />
    <tag k="qth" v="Heiberg/Søndeled" />
  </node>
  <way id="-395" visible="true">
    <nd ref="-392" />
    <nd ref="-393" />
    <nd ref="-394" />
    <nd ref="-392" />
    <tag k="callsign" v="LD4RH" />
    <tag k="max_disagreement_m" v="8635.8" />
    <tag k="note" v="disagreement 8635.8 m; disagreement; outside_locator:repeaterbook" />
    <tag k="name" v="LD4RH" />
  </way>
  <node id="-396" visible="true" lat="58.770833" lon="9.125000">
    <tag k="callsign" v="LD4SH" />
    <tag k="communication:amateur_radio" v="yes" />
    <tag k="communication:amateur_radio:callsign" v="LD4SH" />
    <tag k="communication:amateur_radio:repeater" v="yes" />
    <tag k="communication:amateur_radio:repeater:frequency_out" v="144.8 MHz" />
    <tag k="communication:amateur_radio:repeater:modulation" v="20K0F2D" />
    <tag k="group" v="Arendal" />
    <tag k="name" v="LD4SH" />
    <tag k="note" v="NRRL locator JO48NS; disagreement; missing_osm; missing_repeaterbook; outside_locator:aprsfi" />
    <tag k="nrrl:group_page" v="https://nrrl.no/grupper/agder/arendalsgruppen/" />
    <tag k="qth" v="Søndeled/Heiberget" />
  </node>
  <node id="-397" visible="true" lat="58.717500" lon="9.219500">
    <tag k="best_source" v="aprsfi" />
    <tag k="callsign" v="LD4SH" />
    <tag k="communication:amateur_radio" v="yes" />
    <tag k="communication:amateur_radio:callsign" v="LD4SH" />
    <tag k="communication:amateur_radio:repeater" v="yes" />
    <tag k="communication:amateur_radio:repeater:frequency_out" v="144.8 MHz" />
    <tag k="communication:amateur_radio:repeater:modulation" v="20K0F2D" />
    <tag k="group" v="Arendal" />
    <tag k="name" v="LD4SH" />
    <tag k="note" v="best position from aprsfi; disagreement; missing_osm; missing_repeaterbook; outside_locator:aprsfi" />
    <tag k="nrrl:group_page" v="https://nrrl.no/grupper/agder/arendalsgruppen/" />
    <tag k="qth" v="Søndeled/Heiberget" />
  </node>
  <way id="-398" visible="true">
    <nd ref="-396" />
    <nd ref="-397" />
    <tag k="callsign" v="LD4SH" />
    <tag k="max_disagreement_m" v="8055.8" />
    <tag k="note" v="disagreement 8055.8 m; disagreement; missing_osm; missing_repeaterbook; outside_locator:aprsfi" />
    <tag k="name" v="LD4SH" />
  </way>
  <node id="-399" visible="true" lat="58.842500" lon="5.714167">
    <tag k="best_source" v="aprsfi" />
    <tag k="callsign" v="LD4SJ" />
    <tag k="communication:amateur_radio" v="yes" />
    <tag k="communication:amateur_radio:callsign" v="LD4SJ" />
    <tag k="communication:amateur_radio:repeater" v="yes" />
    <tag k="communication:amateur_radio:repeater:frequency_out" v="144.8 MHz" />
    <tag k="communication:amateur_radio:repeater:modulation" v="20K0F2D" />
    <tag k="group" v="Jæren" />
    <tag k="name" v="LD4SJ" />
    <tag k="note" v="best position from aprsfi; missing_osm; missing_repeaterbook" />
    <tag k="nrrl:group_page" v="https://nrrl.no/grupper/rogaland/jaergruppen/" />
    <tag k="qth" v="Jæren/Sandved" />
    <tag k="website" v="https://www.la1j.no/" />
  </node>
  <node id="-400" visible="true" lat="59.062500" lon="5.958333">
    <tag k="callsign" v="LD4ST" />
    <tag k="communication:amateur_radio" v="yes" />
    <tag k="communication:amateur_radio:callsign" v="LD4ST" />
    <tag k="communication:amateur_radio:repeater" v="yes" />
    <tag k="communication:amateur_radio:repeater:frequency_out" v="144.8 MHz" />
    <tag k="communication:amateur_radio:repeater:modulation" v="20K0F2D" />
    <tag k="group" v="Jæren" />
    <tag k="name" v="LD4ST" />
    <tag k="note" v="NRRL locator JO29XB; disagreement; missing_osm; missing_repeaterbook" />
    <tag k="nrrl:group_page" v="https://nrrl.no/grupper/rogaland/jaergruppen/" />
    <tag k="qth" v="Jørpeland" />
    <tag k="website" v="https://www.la1j.no/" />
  </node>
  <node id="-401" visible="true" lat="59.045167" lon="5.984500">
    <tag k="best_source" v="aprsfi" />
    <tag k="callsign" v="LD4ST" />
    <tag k="communication:amateur_radio" v="yes" />
    <tag k="communication:amateur_radio:callsign" v="LD4ST" />
    <tag k="communication:amateur_radio:repeater" v="yes" />
    <tag k="communication:amateur_radio:repeater:frequency_out" v="144.8 MHz" />
    <tag k="communication:amateur_radio:repeater:modulation" v="20K0F2D" />
    <tag k="group" v="Jæren" />
    <tag k="name" v="LD4ST" />
    <tag k="note" v="best position from aprsfi; disagreement; missing_osm; missing_repeaterbook" />
    <tag k="nrrl:group_page" v="https://nrrl.no/grupper/rogaland/jaergruppen/" />
    <tag k="qth" v="Jørpeland" />
    <tag k="website" v="https://www.la1j.no/" />
  </node>
  <way id="-402" visible="true">
    <nd ref="-400" />
    <nd ref="-401" />
    <tag k="callsign" v="LD4ST" />
    <tag k="max_disagreement_m" v="2440.0" />
    <tag k="note" v="disagreement 2440.0 m; disagreement; missing_osm; missing_repeaterbook" />
    <tag k="name" v="LD4ST" />
  </way>
  <node id="-403" visible="true" lat="58.923302" lon="5.793000">
    <tag k="best_source" v="repeaterbook" />
    <tag k="callsign" v="LD4VF" />
    <tag k="communication:amateur_radio" v="yes" />
    <tag k="communication:amateur_radio:callsign" v="LD4VF" />
    <tag k="communication:amateur_radio:repeater" v="yes" />
    <tag k="communication:amateur_radio:repeater:frequency_out" v="434.55 MHz" />
    <tag k="communication:amateur_radio:repeater:modulation" v="6K00F7W" />
    <tag k="communication:amateur_radio:repeater:shift" v="-2 MHz" />
    <tag k="group" v="Sandnes" />
    <tag k="name" v="LD4VF" />
    <tag k="note" v="best position from repeaterbook; missing_osm" />
    <tag k="nrrl:group_page" v="https://nrrl.no/grupper/rogaland/sandnesgruppen/" />
    <tag k="qth" v="Stavanger/Lifjell" />
    <tag k="website" v="https://la9s.no/" />
  </node>
  <node id="-404" visible="true" lat="58.354167" lon="6.291667">
    <tag k="callsign" v="LD4VK" />
    <tag k="communication:amateur_radio" v="yes" />
    <tag k="communication:amateur_radio:callsign" v="LD4VK" />
    <tag k="communication:amateur_radio:repeater" v="yes" />
    <tag k="communication:amateur_radio:repeater:frequency_out" v="144.8 MHz" />
    <tag k="communication:amateur_radio:repeater:modulation" v="20K0F2D" />
    <tag k="group" v="Sandnes" />
    <tag k="name" v="LD4VK" />
    <tag k="note" v="NRRL locator JO38DI; disagreement; missing_osm; missing_repeaterbook; outside_locator:aprsfi" />
    <tag k="nrrl:group_page" v="https://nrrl.no/grupper/rogaland/sandnesgruppen/" />
    <tag k="qth" v="Voreknuten" />
    <tag k="website" v="https://la9s.no/" />
  </node>
  <node id="-405" visible="true" lat="58.356667" lon="6.503333">
    <tag k="best_source" v="aprsfi" />
    <tag k="callsign" v="LD4VK" />
    <tag k="communication:amateur_radio" v="yes" />
    <tag k="communication:amateur_radio:callsign" v="LD4VK" />
    <tag k="communication:amateur_radio:repeater" v="yes" />
    <tag k="communication:amateur_radio:repeater:frequency_out" v="144.8 MHz" />
    <tag k="communication:amateur_radio:repeater:modulation" v="20K0F2D" />
    <tag k="group" v="Sandnes" />
    <tag k="name" v="LD4VK" />
    <tag k="note" v="best position from aprsfi; disagreement; missing_osm; missing_repeaterbook; outside_locator:aprsfi" />
    <tag k="nrrl:group_page" v="https://nrrl.no/grupper/rogaland/sandnesgruppen/" />
    <tag k="qth" v="Voreknuten" />
    <tag k="website" v="https://la9s.no/" />
  </node>
  <way id="-406" visible="true">
    <nd ref="-404" />
    <nd ref="-405" />
    <tag k="callsign" v="LD4VK" />
    <tag k="max_disagreement_m" v="12351.4" />
    <tag k="note" v="disagreement 12351.4 m; disagreement; missing_osm; missing_repeaterbook; outside_locator:aprsfi" />
    <tag k="name" v="LD4VK" />
  </way>
  <node id="-407" visible="true" lat="58.674500" lon="8.784500">
    <tag k="best_source" v="aprsfi" />
    <tag k="callsign" v="LD4VS" />
    <tag k="communication:amateur_radio" v="yes" />
    <tag k="communication:amateur_radio:callsign" v="LD4VS" />
    <tag k="communication:amateur_radio:repeater" v="yes" />
    <tag k="communication:amateur_radio:repeater:frequency_out" v="144.8 MHz" />
    <tag k="communication:amateur_radio:repeater:modulation" v="20K0F2D" />
    <tag k="group" v="Arendal" />
    <tag k="name" v="LD4VS" />
    <tag k="note" v="best position from aprsfi; missing_osm; missing_repeaterbook" />
    <tag k="nrrl:group_page" v="https://nrrl.no/grupper/agder/arendalsgruppen/" />
    <tag k="qth" v="Vegårshei/Slettåsheia" />
  </node>
  <node id="-408" visible="true" lat="60.473333" lon="5.293333">
    <tag k="best_source" v="aprsfi" />
    <tag k="callsign" v="LD5AG" />
    <tag k="communication:amateur_radio" v="yes" />
    <tag k="communication:amateur_radio:callsign" v="LD5AG" />
    <tag k="communication:amateur_radio:repeater" v="yes" />
    <tag k="communication:amateur_radio:repeater:frequency_out" v="144.8 MHz" />
    <tag k="communication:amateur_radio:repeater:modulation" v="20K0F2D" />
    <tag k="group" v="Bergen" />
    <tag k="name" v="LD5AG" />
    <tag k="note" v="best position from aprsfi; missing_osm; missing_repeaterbook" />
    <tag k="nrrl:group_page" v="https://nrrl.no/grupper/vestland/bergensgruppen/" />
    <tag k="qth" v="Åsane/Geitanuken" />
    <tag k="website" v="https://www.la1b.no/" />
  </node>
  <node id="-409" visible="true" lat="59.437500" lon="5.291667">
    <tag k="callsign" v="LD5AV" />
    <tag k="communication:amateur_radio" v="yes" />
    <tag k="communication:amateur_radio:callsign" v="LD5AV" />
    <tag k="communication:amateur_radio:repeater" v="yes" />
    <tag k="communication:amateur_radio:repeater:frequency_out" v="144.8 MHz" />
    <tag k="communication:amateur_radio:repeater:modulation" v="20K0F2D" />
    <tag k="group" v="Haugaland" />
    <tag k="name" v="LD5AV" />
    <tag k="note" v="NRRL locator JO29PK; disagreement; missing_osm; missing_repeaterbook" />
    <tag k="nrrl:group_page" v="https://nrrl.no/grupper/rogaland/haugalandgruppen/" />
    <tag k="qth" v="Karmøy/Steinsfjellet" />
  </node>
  <node id="-410" visible="true" lat="59.422833" lon="5.329000">
    <tag k="best_source" v="aprsfi" />
    <tag k="callsign" v="LD5AV" />
    <tag k="communication:amateur_radio" v="yes" />
    <tag k="communication:amateur_radio:callsign" v="LD5AV" />
    <tag k="communication:amateur_radio:repeater" v="yes" />
    <tag k="communication:amateur_radio:repeater:frequency_out" v="144.8 MHz" />
    <tag k="communication:amateur_radio:repeater:modulation" v="20K0F2D" />
    <tag k="group" v="Haugaland" />
    <tag k="name" v="LD5AV" />
    <tag k="note" v="best position from aprsfi; disagreement; missing_osm; missing_repeaterbook" />
    <tag k="nrrl:group_page" v="https://nrrl.no/grupper/rogaland/haugalandgruppen/" />
    <tag k="qth" v="Karmøy/Steinsfjellet" />
  </node>
  <way id="-411" visible="true">
    <nd ref="-409" />
    <nd ref="-410" />
    <tag k="callsign" v="LD5AV" />
    <tag k="max_disagreement_m" v="2667.8" />
    <tag k="note" v="disagreement 2667.8 m; disagreement; missing_osm; missing_repeaterbook" />
    <tag k="name" v="LD5AV" />
  </way>
  <node id="-412" visible="true" lat="60.354167" lon="5.125000">
    <tag k="callsign" v="LD5BE" />
    <tag k="communication:amateur_radio" v="yes" />
    <tag k="communication:amateur_radio:callsign" v="LD5BE" />
    <tag k="communication:amateur_radio:repeater" v="yes" />
    <tag k="communication:amateur_radio:repeater:frequency_out" v="144.8 MHz" />
    <tag k="communication:amateur_radio:repeater:modulation" v="20K0F2D" />
    <tag k="group" v="Bergen" />
    <tag k="name" v="LD5BE" />
    <tag k="note" v="NRRL locator JP20NI; disagreement; missing_osm; missing_repeaterbook" />
    <tag k="nrrl:group_page" v="https://nrrl.no/grupper/vestland/bergensgruppen/" />
    <tag k="qth" v="Bergen/Bildefjellet" />
    <tag k="website" v="https://www.la1b.no/" />
  </node>
  <node id="-413" visible="true" lat="60.340167" lon="5.094667">
    <tag k="best_source" v="aprsfi" />
    <tag k="callsign" v="LD5BE" />
    <tag k="communication:amateur_radio" v="yes" />
    <tag k="communication:amateur_radio:callsign" v="LD5BE" />
    <tag k="communication:amateur_radio:repeater" v="yes" />
    <tag k="communication:amateur_radio:repeater:frequency_out" v="144.8 MHz" />
    <tag k="communication:amateur_radio:repeater:modulation" v="20K0F2D" />
    <tag k="group" v="Bergen" />
    <tag k="name" v="LD5BE" />
    <tag k="note" v="best position from aprsfi; disagreement; missing_osm; missing_repeaterbook" />
    <tag k="nrrl:group_page" v="https://nrrl.no/grupper/vestland/bergensgruppen/" />
    <tag k="qth" v="Bergen/Bildefjellet" />
    <tag k="website" v="https://www.la1b.no/" />
  </node>
  <way id="-414" visible="true">
    <nd ref="-412" />
    <nd ref="-413" />
    <tag k="callsign" v="LD5BE" />
    <tag k="max_disagreement_m" v="2282.1" />
    <tag k="note" v="disagreement 2282.1 m; disagreement; missing_osm; missing_repeaterbook" />
    <tag k="name" v="LD5BE" />
  </way>
  <node id="-415" visible="true" lat="60.604167" lon="7.541667">
    <tag k="callsign" v="LD5BF" />
    <tag k="communication:amateur_radio" v="yes" />
    <tag k="communication:amateur_radio:callsign" v="LD5BF" />
    <tag k="communication:amateur_radio:repeater" v="yes" />
    <tag k="communication:amateur_radio:repeater:frequency_out" v="144.8001 MHz" />
    <tag k="communication:amateur_radio:repeater:modulation" v="20K0F2D" />
    <tag k="group" v="Bergen" />
    <tag k="name" v="LD5BF" />
    <tag k="note" v="NRRL locator JP30SO; disagreement; missing_osm; missing_repeaterbook" />
    <tag k="nrrl:group_page" v="https://nrrl.no/grupper/vestland/bergensgruppen/" />
    <tag k="qth" v="Finsehytta" />
    <tag k="website" v="https://www.la1b.no/" />
  </node>
  <node id="-416" visible="true" lat="60.598000" lon="7.506667">
    <tag k="best_source" v="aprsfi" />
    <tag k="callsign" v="LD5BF" />
    <tag k="communication:amateur_radio" v="yes" />
    <tag k="communication:amateur_radio:callsign" v="LD5BF" />
    <tag k="communication:amateur_radio:repeater" v="yes" />
    <tag k="communication:amateur_radio:repeater:frequency_out" v="144.8001 MHz" />
    <tag k="communication:amateur_radio:repeater:modulation" v="20K0F2D" />
    <tag k="group" v="Bergen" />
    <tag k="name" v="LD5BF" />
    <tag k="note" v="best position from aprsfi; disagreement; missing_osm; missing_repeaterbook" />
    <tag k="nrrl:group_page" v="https://nrrl.no/grupper/vestland/bergensgruppen/" />
    <tag k="qth" v="Finsehytta" />
    <tag k="website" v="https://www.la1b.no/" />
  </node>
  <way id="-417" visible="true">
    <nd ref="-415" />
    <nd ref="-416" />
    <tag k="callsign" v="LD5BF" />
    <tag k="max_disagreement_m" v="2029.8" />
    <tag k="note" v="disagreement 2029.8 m; disagreement; missing_osm; missing_repeaterbook" />
    <tag k="name" v="LD5BF" />
  </way>
  <node id="-418" visible="true" lat="60.354167" lon="5.125000">
    <tag k="callsign" v="LD5BG" />
    <tag k="communication:amateur_radio" v="yes" />
    <tag k="communication:amateur_radio:callsign" v="LD5BG" />
    <tag k="communication:amateur_radio:repeater" v="yes" />
    <tag k="communication:amateur_radio:repeater:frequency_out" v="434.55 MHz" />
    <tag k="communication:amateur_radio:repeater:modulation" v="6K00F7W" />
    <tag k="communication:amateur_radio:repeater:shift" v="-2 MHz" />
    <tag k="dmr_id" v="242201" />
    <tag k="group" v="Bergen" />
    <tag k="name" v="LD5BG" />
    <tag k="note" v="NRRL locator JP20NI; disagreement; missing_osm" />
    <tag k="nrrl:group_page" v="https://nrrl.no/grupper/vestland/bergensgruppen/" />
    <tag k="qth" v="Bergen/Bildefjellet" />
    <tag k="website" v="https://www.la1b.no/" />
  </node>
  <node id="-419" visible="true" lat="60.340199" lon="5.094800">
    <tag k="callsign" v="LD5BG" />
    <tag k="communication:amateur_radio" v="yes" />
    <tag k="communication:amateur_radio:callsign" v="LD5BG" />
    <tag k="communication:amateur_radio:repeater" v="yes" />
    <tag k="communication:amateur_radio:repeater:frequency_out" v="434.55 MHz" />
    <tag k="communication:amateur_radio:repeater:modulation" v="6K00F7W" />
    <tag k="communication:amateur_radio:repeater:shift" v="-2 MHz" />
    <tag k="dmr_id" v="242201" />
    <tag k="group" v="Bergen" />
    <tag k="name" v="LD5BG" />
    <tag k="note" v="position from repeaterbook; disagreement; missing_osm" />
    <tag k="nrrl:group_page" v="https://nrrl.no/grupper/vestland/bergensgruppen/" />
    <tag k="qth" v="Bergen/Bildefjellet" />
    <tag k="website" v="https://www.la1b.no/" />
  </node>
  <way id="-420" visible="true">
    <nd ref="-418" />
    <nd ref="-419" />
    <tag k="callsign" v="LD5BG" />
    <tag k="max_disagreement_m" v="2274.3" />
    <tag k="note" v="disagreement 2274.3 m; disagreement; missing_osm" />
    <tag k="name" v="LD5BG" />
  </way>
  <node id="-421" visible="true" lat="60.549123" lon="7.452408">
    <tag k="best_source" v="osm" />
    <tag k="callsign" v="LD5BH" />
    <tag k="communication:amateur_radio" v="yes" />
    <tag k="communication:amateur_radio:callsign" v="LD5BH" />
    <tag k="communication:amateur_radio:repeater" v="yes" />
    <tag k="communication:amateur_radio:repeater:frequency_out" v="144.8 MHz" />
    <tag k="communication:amateur_radio:repeater:modulation" v="20K0F2D" />
    <tag k="group" v="Bergen" />
    <tag k="name" v="LD5BH" />
    <tag k="note" v="best position from osm; missing_repeaterbook" />
    <tag k="nrrl:group_page" v="https://nrrl.no/grupper/vestland/bergensgruppen/" />
    <tag k="qth" v="Hardangerjøkullen" />
    <tag k="website" v="https://www.la1b.no/" />
  </node>
  <node id="-422" visible="true" lat="60.410900" lon="5.361190">
    <tag k="best_source" v="radioid" />
    <tag k="callsign" v="LD5BR" />
    <tag k="communication:amateur_radio" v="yes" />
    <tag k="communication:amateur_radio:callsign" v="LD5BR" />
    <tag k="communication:amateur_radio:repeater" v="yes" />
    <tag k="communication:amateur_radio:repeater:frequency_out" v="434.825 MHz" />
    <tag k="communication:amateur_radio:repeater:modulation" v="7K60FXE" />
    <tag k="communication:amateur_radio:repeater:shift" v="-2 MHz" />
    <tag k="dmr_id" v="242210" />
    <tag k="group" v="Bergen" />
    <tag k="name" v="LD5BR" />
    <tag k="note" v="best position from radioid; missing_osm; missing_repeaterbook" />
    <tag k="nrrl:group_page" v="https://nrrl.no/grupper/vestland/bergensgruppen/" />
    <tag k="qth" v="Bergen/Rundemannen" />
    <tag k="website" v="https://www.la1b.no/" />
  </node>
  <node id="-423" visible="true" lat="61.020833" lon="5.125000">
    <tag k="callsign" v="LD5GU" />
    <tag k="communication:amateur_radio" v="yes" />
    <tag k="communication:amateur_radio:callsign" v="LD5GU" />
    <tag k="communication:amateur_radio:repeater" v="yes" />
    <tag k="communication:amateur_radio:repeater:frequency_out" v="144.8 MHz" />
    <tag k="communication:amateur_radio:repeater:modulation" v="20K0F2D" />
    <tag k="group" v="Bergen" />
    <tag k="name" v="LD5GU" />
    <tag k="note" v="NRRL locator JP21NA; disagreement; missing_osm; missing_repeaterbook" />
    <tag k="nrrl:group_page" v="https://nrrl.no/grupper/vestland/bergensgruppen/" />
    <tag k="qth" v="Gulen/Brosviksåta" />
    <tag k="website" v="https://www.la1b.no/" />
  </node>
  <node id="-424" visible="true" lat="61.040000" lon="5.158500">
    <tag k="best_source" v="aprsfi" />
    <tag k="callsign" v="LD5GU" />
    <tag k="communication:amateur_radio" v="yes" />
    <tag k="communication:amateur_radio:callsign" v="LD5GU" />
    <tag k="communication:amateur_radio:repeater" v="yes" />
    <tag k="communication:amateur_radio:repeater:frequency_out" v="144.8 MHz" />
    <tag k="communication:amateur_radio:repeater:modulation" v="20K0F2D" />
    <tag k="group" v="Bergen" />
    <tag k="name" v="LD5GU" />
    <tag k="note" v="best position from aprsfi; disagreement; missing_osm; missing_repeaterbook" />
    <tag k="nrrl:group_page" v="https://nrrl.no/grupper/vestland/bergensgruppen/" />
    <tag k="qth" v="Gulen/Brosviksåta" />
    <tag k="website" v="https://www.la1b.no/" />
  </node>
  <way id="-425" visible="true">
    <nd ref="-423" />
    <nd ref="-424" />
    <tag k="callsign" v="LD5GU" />
    <tag k="max_disagreement_m" v="2792.4" />
    <tag k="note" v="disagreement 2792.4 m; disagreement; missing_osm; missing_repeaterbook" />
    <tag k="name" v="LD5GU" />
  </way>
  <node id="-426" visible="true" lat="60.187500" lon="6.125000">
    <tag k="callsign" v="LD5KS" />
    <tag k="communication:amateur_radio" v="yes" />
    <tag k="communication:amateur_radio:callsign" v="LD5KS" />
    <tag k="communication:amateur_radio:repeater" v="yes" />
    <tag k="communication:amateur_radio:repeater:frequency_out" v="144.8 MHz" />
    <tag k="communication:amateur_radio:repeater:modulation" v="20K0F2D" />
    <tag k="group" v="Bergen" />
    <tag k="name" v="LD5KS" />
    <tag k="note" v="NRRL locator JP30BE; disagreement; missing_osm; missing_repeaterbook" />
    <tag k="nrrl:group_page" v="https://nrrl.no/grupper/vestland/bergensgruppen/" />
    <tag k="qth" v="Kysnesstranda/Hammaren" />
    <tag k="website" v="https://www.la1b.no/" />
  </node>
  <node id="-427" visible="true" lat="60.189833" lon="6.088833">
    <tag k="best_source" v="aprsfi" />
    <tag k="callsign" v="LD5KS" />
    <tag k="communication:amateur_radio" v="yes" />
    <tag k="communication:amateur_radio:callsign" v="LD5KS" />
    <tag k="communication:amateur_radio:repeater" v="yes" />
    <tag k="communication:amateur_radio:repeater:frequency_out" v="144.8 MHz" />
    <tag k="communication:amateur_radio:repeater:modulation" v="20K0F2D" />
    <tag k="group" v="Bergen" />
    <tag k="name" v="LD5KS" />
    <tag k="note" v="best position from aprsfi; disagreement; missing_osm; missing_repeaterbook" />
    <tag k="nrrl:group_page" v="https://nrrl.no/grupper/vestland/bergensgruppen/" />
    <tag k="qth" v="Kysnesstranda/Hammaren" />
    <tag k="website" v="https://www.la1b.no/" />
  </node>
  <way id="-428" visible="true">
    <nd ref="-426" />
    <nd ref="-427" />
    <tag k="callsign" v="LD5KS" />
    <tag k="max_disagreement_m" v="2016.1" />
    <tag k="note" v="disagreement 2016.1 m; disagreement; missing_osm; missing_repeaterbook" />
    <tag k="name" v="LD5KS" />
  </way>
  <node id="-429" visible="true" lat="60.395833" lon="6.208333">
    <tag k="callsign" v="LD5MT" />
    <tag k="communication:amateur_radio" v="yes" />
    <tag k="communication:amateur_radio:callsign" v="LD5MT" />
    <tag k="communication:amateur_radio:repeater" v="yes" />
    <tag k="communication:amateur_radio:repeater:frequency_out" v="144.8 MHz" />
    <tag k="communication:amateur_radio:repeater:modulation" v="20K0F2D" />
    <tag k="group" v="Bergen" />
    <tag k="name" v="LD5MT" />
    <tag k="note" v="NRRL locator JP30CJ; disagreement; missing_osm; missing_repeaterbook" />
    <tag k="nrrl:group_page" v="https://nrrl.no/grupper/vestland/bergensgruppen/" />
    <tag k="qth" v="Melstveit" />
    <tag k="website" v="https://www.la1b.no/" />
  </node>
  <node id="-430" visible="true" lat="60.389167" lon="6.247333">
    <tag k="best_source" v="aprsfi" />
    <tag k="callsign" v="LD5MT" />
    <tag k="communication:amateur_radio" v="yes" />
    <tag k="communication:amateur_radio:callsign" v="LD5MT" />
    <tag k="communication:amateur_radio:repeater" v="yes" />
    <tag k="communication:amateur_radio:repeater:frequency_out" v="144.8 MHz" />
    <tag k="communication:amateur_radio:repeater:modulation" v="20K0F2D" />
    <tag k="group" v="Bergen" />
    <tag k="name" v="LD5MT" />
    <tag k="note" v="best position from aprsfi; disagreement; missing_osm; missing_repeaterbook" />
    <tag k="nrrl:group_page" v="https://nrrl.no/grupper/vestland/bergensgruppen/" />
    <tag k="qth" v="Melstveit" />
    <tag k="website" v="https://www.la1b.no/" />
  </node>
  <way id="-431" visible="true">
    <nd ref="-429" />
    <nd ref="-430" />
    <tag k="callsign" v="LD5MT" />
    <tag k="max_disagreement_m" v="2267.1" />
    <tag k="note" v="disagreement 2267.1 m; disagreement; missing_osm; missing_repeaterbook" />
    <tag k="name" v="LD5MT" />
  </way>
  <node id="-432" visible="true" lat="59.854167" lon="5.458333">
    <tag k="callsign" v="LD5SK" />
    <tag k="communication:amateur_radio" v="yes" />
    <tag k="communication:amateur_radio:callsign" v="LD5SK" />
    <tag k="communication:amateur_radio:repeater" v="yes" />
    <tag k="communication:amateur_radio:repeater:frequency_out" v="144.8 MHz" />
    <tag k="communication:amateur_radio:repeater:modulation" v="20K0F2D" />
    <tag k="group" v="Bergen" />
    <tag k="name" v="LD5SK" />
    <tag k="note" v="NRRL locator JO29RU; disagreement; missing_osm; missing_repeaterbook" />
    <tag k="nrrl:group_page" v="https://nrrl.no/grupper/vestland/bergensgruppen/" />
    <tag k="qth" v="Stord/Kattnakken" />
    <tag k="website" v="https://www.la1b.no/" />
  </node>
  <node id="-433" visible="true" lat="59.875000" lon="5.492500">
    <tag k="best_source" v="aprsfi" />
    <tag k="callsign" v="LD5SK" />
    <tag k="communication:amateur_radio" v="yes" />
    <tag k="communication:amateur_radio:callsign" v="LD5SK" />
    <tag k="communication:amateur_radio:repeater" v="yes" />
    <tag k="communication:amateur_radio:repeater:frequency_out" v="144.8 MHz" />
    <tag k="communication:amateur_radio:repeater:modulation" v="20K0F2D" />
    <tag k="group" v="Bergen" />
    <tag k="name" v="LD5SK" />
    <tag k="note" v="best position from aprsfi; disagreement; missing_osm; missing_repeaterbook" />
    <tag k="nrrl:group_page" v="https://nrrl.no/grupper/vestland/bergensgruppen/" />
    <tag k="qth" v="Stord/Kattnakken" />
    <tag k="website" v="https://www.la1b.no/" />
  </node>
  <way id="-434" visible="true">
    <nd ref="-432" />
    <nd ref="-433" />
    <tag k="callsign" v="LD5SK" />
    <tag k="max_disagreement_m" v="3000.7" />
    <tag k="note" v="disagreement 3000.7 m; disagreement; missing_osm; missing_repeaterbook" />
    <tag k="name" v="LD5SK" />
  </way>
  <node id="-435" visible="true" lat="60.687500" lon="6.375000">
    <tag k="callsign" v="LD5VO" />
    <tag k="communication:amateur_radio" v="yes" />
    <tag k="communication:amateur_radio:callsign" v="LD5VO" />
    <tag k="communication:amateur_radio:repeater" v="yes" />
    <tag k="communication:amateur_radio:repeater:frequency_out" v="144.8 MHz" />
    <tag k="communication:amateur_radio:repeater:modulation" v="20K0F2D" />
    <tag k="group" v="Voss" />
    <tag k="name" v="LD5VO" />
    <tag k="note" v="NRRL locator JP30EQ; disagreement; missing_osm; missing_repeaterbook" />
    <tag k="qth" v="Voss/Lønahorgi" />
  </node>
  <node id="-436" visible="true" lat="60.694000" lon="6.412167">
    <tag k="best_source" v="aprsfi" />
    <tag k="callsign" v="LD5VO" />
    <tag k="communication:amateur_radio" v="yes" />
    <tag k="communication:amateur_radio:callsign" v="LD5VO" />
    <tag k="communication:amateur_radio:repeater" v="yes" />
    <tag k="communication:amateur_radio:repeater:frequency_out" v="144.8 MHz" />
    <tag k="communication:amateur_radio:repeater:modulation" v="20K0F2D" />
    <tag k="group" v="Voss" />
    <tag k="name" v="LD5VO" />
    <tag k="note" v="best position from aprsfi; disagreement; missing_osm; missing_repeaterbook" />
    <tag k="qth" v="Voss/Lønahorgi" />
  </node>
  <way id="-437" visible="true">
    <nd ref="-435" />
    <nd ref="-436" />
    <tag k="callsign" v="LD5VO" />
    <tag k="max_disagreement_m" v="2148.3" />
    <tag k="note" v="disagreement 2148.3 m; disagreement; missing_osm; missing_repeaterbook" />
    <tag k="name" v="LD5VO" />
  </way>
  <node id="-438" visible="true" lat="62.266500" lon="7.134167">
    <tag k="best_source" v="aprsfi" />
    <tag k="callsign" v="LD6BE" />
    <tag k="communication:amateur_radio" v="yes" />
    <tag k="communication:amateur_radio:callsign" v="LD6BE" />
    <tag k="communication:amateur_radio:repeater" v="yes" />
    <tag k="communication:amateur_radio:repeater:frequency_out" v="144.8 MHz" />
    <tag k="communication:amateur_radio:repeater:modulation" v="20K0F2D" />
    <tag k="group" v="Ålesund" />
    <tag k="name" v="LD6BE" />
    <tag k="note" v="best position from aprsfi; missing_osm; missing_repeaterbook" />
    <tag k="nrrl:group_page" v="https://nrrl.no/grupper/more-og-romsdal/alesundgruppen/" />
    <tag k="qth" v="Blåhornet, Norddal" />
    <tag k="website" v="https://www.la1z.no/" />
  </node>
  <node id="-439" visible="true" lat="61.854167" lon="5.041667">
    <tag k="callsign" v="LD6BS" />
    <tag k="communication:amateur_radio" v="yes" />
    <tag k="communication:amateur_radio:callsign" v="LD6BS" />
    <tag k="communication:amateur_radio:repeater" v="yes" />
    <tag k="communication:amateur_radio:repeater:frequency_out" v="144.8 MHz" />
    <tag k="communication:amateur_radio:repeater:modulation" v="20K0F2D" />
    <tag k="group" v="Måløy" />
    <tag k="name" v="LD6BS" />
    <tag k="note" v="NRRL locator JP21MU; disagreement; missing_osm; missing_repeaterbook; outside_locator:aprsfi" />
    <tag k="nrrl:group_page" v="https://nrrl.no/grupper/vestland/maloygruppen/" />
    <tag k="qth" v="Bremanger/Steinfjellet" />
  </node>
  <node id="-440" visible="true" lat="61.873333" lon="4.986667">
    <tag k="best_source" v="aprsfi" />
    <tag k="callsign" v="LD6BS" />
    <tag k="communication:amateur_radio" v="yes" />
    <tag k="communication:amateur_radio:callsign" v="LD6BS" />
    <tag k="communication:amateur_radio:repeater" v="yes" />
    <tag k="communication:amateur_radio:repeater:frequency_out" v="144.8 MHz" />
    <tag k="communication:amateur_radio:repeater:modulation" v="20K0F2D" />
    <tag k="group" v="Måløy" />
    <tag k="name" v="LD6BS" />
    <tag k="note" v="best position from aprsfi; disagreement; missing_osm; missing_repeaterbook; outside_locator:aprsfi" />
    <tag k="nrrl:group_page" v="https://nrrl.no/grupper/vestland/maloygruppen/" />
    <tag k="qth" v="Bremanger/Steinfjellet" />
  </node>
  <way id="-441" visible="true">
    <nd ref="-439" />
    <nd ref="-440" />
    <tag k="callsign" v="LD6BS" />
    <tag k="max_disagreement_m" v="3586.0" />
    <tag k="note" v="disagreement 3586.0 m; disagreement; missing_osm; missing_repeaterbook; outside_locator:aprsfi" />
    <tag k="name" v="LD6BS" />
  </way>
  <node id="-442" visible="true" lat="61.437000" lon="5.859167">
    <tag k="best_source" v="aprsfi" />
    <tag k="callsign" v="LD6FD" />
    <tag k="communication:amateur_radio" v="yes" />
    <tag k="communication:amateur_radio:callsign" v="LD6FD" />
    <tag k="communication:amateur_radio:repeater" v="yes" />
    <tag k="communication:amateur_radio:repeater:frequency_out" v="144.8 MHz" />
    <tag k="communication:amateur_radio:repeater:modulation" v="20K0F2D" />
    <tag k="group" v="Firda" />
    <tag k="name" v="LD6FD" />
    <tag k="note" v="best position from aprsfi; missing_osm; missing_repeaterbook" />
    <tag k="nrrl:group_page" v="https://nrrl.no/grupper/vestland/firdagruppen/" />
    <tag k="qth" v="Førde/Hafstadfjell" />
    <tag k="website" v="http://la6f.blogspot.com/" />
  </node>
  <node id="-443" visible="true" lat="61.592373" lon="5.026227">
    <tag k="best_source" v="local" />
    <tag k="callsign" v="LD6FF" />
    <tag k="communication:amateur_radio" v="yes" />
    <tag k="communication:amateur_radio:callsign" v="LD6FF" />
    <tag k="communication:amateur_radio:repeater" v="yes" />
    <tag k="communication:amateur_radio:repeater:ctcss" v="123" />
    <tag k="communication:amateur_radio:repeater:frequency_out" v="434.875 MHz" />
    <tag k="communication:amateur_radio:repeater:modulation" v="11K2F3E;7K60FXE" />
    <tag k="communication:amateur_radio:repeater:shift" v="-2 MHz" />
    <tag k="dmr_id" v="242013" />
    <tag k="fixme" v="operator_override" />
    <tag k="group" v="Firda" />
    <tag k="name" v="LD6FF" />
    <tag k="note" v="OSM tower node/3655921327 (Storåsen).; operator override position" />
    <tag k="nrrl:group_page" v="https://nrrl.no/grupper/vestland/firdagruppen/" />
    <tag k="qth" v="Storåsen" />
    <tag k="website" v="http://la6f.blogspot.com/" />
  </node>
  <node id="-444" visible="true" lat="61.594000" lon="5.020333">
    <tag k="best_source" v="aprsfi" />
    <tag k="callsign" v="LD6FL" />
    <tag k="communication:amateur_radio" v="yes" />
    <tag k="communication:amateur_radio:callsign" v="LD6FL" />
    <tag k="communication:amateur_radio:repeater" v="yes" />
    <tag k="communication:amateur_radio:repeater:frequency_out" v="144.8 MHz" />
    <tag k="communication:amateur_radio:repeater:modulation" v="20K0F2D" />
    <tag k="group" v="Florø" />
    <tag k="name" v="LD6FL" />
    <tag k="note" v="best position from aprsfi; missing_osm; missing_repeaterbook" />
    <tag k="qth" v="Florø" />
  </node>
  <node id="-445" visible="true" lat="61.938167" lon="6.512000">
    <tag k="best_source" v="aprsfi" />
    <tag k="callsign" v="LD6HO" />
    <tag k="communication:amateur_radio" v="yes" />
    <tag k="communication:amateur_radio:callsign" v="LD6HO" />
    <tag k="communication:amateur_radio:repeater" v="yes" />
    <tag k="communication:amateur_radio:repeater:frequency_out" v="144.8 MHz" />
    <tag k="communication:amateur_radio:repeater:modulation" v="20K0F2D" />
    <tag k="group" v="Bergen" />
    <tag k="name" v="LD6HO" />
    <tag k="note" v="best position from aprsfi; missing_osm; missing_repeaterbook" />
    <tag k="nrrl:group_page" v="https://nrrl.no/grupper/vestland/bergensgruppen/" />
    <tag k="qth" v="Hornindal" />
    <tag k="website" v="https://www.la1b.no/" />
  </node>
  <node id="-446" visible="true" lat="63.111667" lon="7.765833">
    <tag k="best_source" v="aprsfi" />
    <tag k="callsign" v="LD6KN" />
    <tag k="communication:amateur_radio" v="yes" />
    <tag k="communication:amateur_radio:callsign" v="LD6KN" />
    <tag k="communication:amateur_radio:repeater" v="yes" />
    <tag k="communication:amateur_radio:repeater:frequency_out" v="144.8 MHz" />
    <tag k="communication:amateur_radio:repeater:modulation" v="20K0F2D" />
    <tag k="group" v="Kristiansund" />
    <tag k="name" v="LD6KN" />
    <tag k="note" v="best position from aprsfi; missing_osm; missing_repeaterbook" />
    <tag k="nrrl:group_page" v="https://nrrl.no/grupper/more-og-romsdal/kristiansundgruppen/" />
    <tag k="qth" v="Kristiansund" />
  </node>
  <node id="-447" visible="true" lat="62.447167" lon="6.282167">
    <tag k="best_source" v="aprsfi" />
    <tag k="callsign" v="LD6LB" />
    <tag k="communication:amateur_radio" v="yes" />
    <tag k="communication:amateur_radio:callsign" v="LD6LB" />
    <tag k="communication:amateur_radio:repeater" v="yes" />
    <tag k="communication:amateur_radio:repeater:frequency_out" v="144.8 MHz" />
    <tag k="communication:amateur_radio:repeater:modulation" v="20K0F2D" />
    <tag k="group" v="Ålesund" />
    <tag k="name" v="LD6LB" />
    <tag k="note" v="best position from aprsfi; missing_osm; missing_repeaterbook" />
    <tag k="nrrl:group_page" v="https://nrrl.no/grupper/more-og-romsdal/alesundgruppen/" />
    <tag k="qth" v="Humla" />
    <tag k="website" v="https://www.la1z.no/" />
  </node>
  <node id="-448" visible="true" lat="62.516092" lon="6.872648">
    <tag k="best_source" v="osm" />
    <tag k="callsign" v="LD6LF" />
    <tag k="communication:amateur_radio" v="yes" />
    <tag k="communication:amateur_radio:callsign" v="LD6LF" />
    <tag k="communication:amateur_radio:repeater" v="yes" />
    <tag k="communication:amateur_radio:repeater:frequency_out" v="144.8 MHz" />
    <tag k="communication:amateur_radio:repeater:modulation" v="20K0F2D" />
    <tag k="group" v="Ålesund" />
    <tag k="name" v="LD6LF" />
    <tag k="note" v="best position from osm; missing_repeaterbook" />
    <tag k="nrrl:group_page" v="https://nrrl.no/grupper/more-og-romsdal/alesundgruppen/" />
    <tag k="qth" v="Ørskog/Lebergsfjellet" />
    <tag k="website" v="https://www.la1z.no/" />
  </node>
  <node id="-449" visible="true" lat="62.770833" lon="7.291667">
    <tag k="callsign" v="LD6MD" />
    <tag k="communication:amateur_radio" v="yes" />
    <tag k="communication:amateur_radio:callsign" v="LD6MD" />
    <tag k="communication:amateur_radio:repeater" v="yes" />
    <tag k="communication:amateur_radio:repeater:frequency_out" v="144.8 MHz" />
    <tag k="communication:amateur_radio:repeater:modulation" v="20K0F2D" />
    <tag k="group" v="Molde" />
    <tag k="name" v="LD6MD" />
    <tag k="note" v="NRRL locator JP32PS; disagreement; missing_osm; missing_repeaterbook; outside_locator:aprsfi" />
    <tag k="nrrl:group_page" v="https://nrrl.no/grupper/more-og-romsdal/moldegruppen/" />
    <tag k="qth" v="Molde/Tussen" />
    <tag k="website" v="https://qsl.net/la9m/" />
  </node>
  <node id="-450" visible="true" lat="62.779000" lon="7.249167">
    <tag k="best_source" v="aprsfi" />
    <tag k="callsign" v="LD6MD" />
    <tag k="communication:amateur_radio" v="yes" />
    <tag k="communication:amateur_radio:callsign" v="LD6MD" />
    <tag k="communication:amateur_radio:repeater" v="yes" />
    <tag k="communication:amateur_radio:repeater:frequency_out" v="144.8 MHz" />
    <tag k="communication:amateur_radio:repeater:modulation" v="20K0F2D" />
    <tag k="group" v="Molde" />
    <tag k="name" v="LD6MD" />
    <tag k="note" v="best position from aprsfi; disagreement; missing_osm; missing_repeaterbook; outside_locator:aprsfi" />
    <tag k="nrrl:group_page" v="https://nrrl.no/grupper/more-og-romsdal/moldegruppen/" />
    <tag k="qth" v="Molde/Tussen" />
    <tag k="website" v="https://qsl.net/la9m/" />
  </node>
  <way id="-451" visible="true">
    <nd ref="-449" />
    <nd ref="-450" />
    <tag k="callsign" v="LD6MD" />
    <tag k="max_disagreement_m" v="2345.0" />
    <tag k="note" v="disagreement 2345.0 m; disagreement; missing_osm; missing_repeaterbook; outside_locator:aprsfi" />
    <tag k="name" v="LD6MD" />
  </way>
  <node id="-452" visible="true" lat="62.354167" lon="5.625000">
    <tag k="callsign" v="LD6NT" />
    <tag k="communication:amateur_radio" v="yes" />
    <tag k="communication:amateur_radio:callsign" v="LD6NT" />
    <tag k="communication:amateur_radio:repeater" v="yes" />
    <tag k="communication:amateur_radio:repeater:frequency_out" v="144.8 MHz" />
    <tag k="communication:amateur_radio:repeater:modulation" v="20K0F2D" />
    <tag k="group" v="Søre Sunnmøre" />
    <tag k="name" v="LD6NT" />
    <tag k="note" v="NRRL locator JP22TI; disagreement; missing_repeaterbook" />
    <tag k="nrrl:group_page" v="https://nrrl.no/grupper/more-og-romsdal/sore-sunnmoregruppen/" />
    <tag k="qth" v="Nerlandsøy/Teigetua" />
  </node>
  <node id="-453" visible="true" lat="62.352719" lon="5.585796">
    <tag k="callsign" v="LD6NT" />
    <tag k="communication:amateur_radio" v="yes" />
    <tag k="communication:amateur_radio:callsign" v="LD6NT" />
    <tag k="communication:amateur_radio:repeater" v="yes" />
    <tag k="communication:amateur_radio:repeater:frequency_out" v="144.8 MHz" />
    <tag k="communication:amateur_radio:repeater:modulation" v="20K0F2D" />
    <tag k="group" v="Søre Sunnmøre" />
    <tag k="name" v="LD6NT" />
    <tag k="note" v="position from osm; disagreement; missing_repeaterbook" />
    <tag k="nrrl:group_page" v="https://nrrl.no/grupper/more-og-romsdal/sore-sunnmoregruppen/" />
    <tag k="qth" v="Nerlandsøy/Teigetua" />
  </node>
  <way id="-454" visible="true">
    <nd ref="-452" />
    <nd ref="-453" />
    <tag k="callsign" v="LD6NT" />
    <tag k="max_disagreement_m" v="2029.2" />
    <tag k="note" v="disagreement 2029.2 m; disagreement; missing_repeaterbook" />
    <tag k="name" v="LD6NT" />
  </way>
  <node id="-455" visible="true" lat="62.931077" lon="7.927292">
    <tag k="best_source" v="osm" />
    <tag k="callsign" v="LD6RF" />
    <tag k="communication:amateur_radio" v="yes" />
    <tag k="communication:amateur_radio:callsign" v="LD6RF" />
    <tag k="communication:amateur_radio:repeater" v="yes" />
    <tag k="communication:amateur_radio:repeater:frequency_out" v="144.8 MHz" />
    <tag k="communication:amateur_radio:repeater:modulation" v="20K0F2D" />
    <tag k="group" v="Kristiansund" />
    <tag k="name" v="LD6RF" />
    <tag k="note" v="best position from osm; missing_repeaterbook" />
    <tag k="nrrl:group_page" v="https://nrrl.no/grupper/more-og-romsdal/kristiansundgruppen/" />
    <tag k="qth" v="Reinsfjell" />
  </node>
  <node id="-456" visible="true" lat="61.890167" lon="6.110333">
    <tag k="best_source" v="aprsfi" />
    <tag k="callsign" v="LD6SA" />
    <tag k="communication:amateur_radio" v="yes" />
    <tag k="communication:amateur_radio:callsign" v="LD6SA" />
    <tag k="communication:amateur_radio:repeater" v="yes" />
    <tag k="communication:amateur_radio:repeater:frequency_out" v="144.8 MHz" />
    <tag k="communication:amateur_radio:repeater:modulation" v="20K0F2D" />
    <tag k="group" v="Firda" />
    <tag k="name" v="LD6SA" />
    <tag k="note" v="best position from aprsfi; missing_osm; missing_repeaterbook" />
    <tag k="nrrl:group_page" v="https://nrrl.no/grupper/vestland/firdagruppen/" />
    <tag k="qth" v="Sagtennene" />
    <tag k="website" v="http://la6f.blogspot.com/" />
  </node>
  <node id="-457" visible="true" lat="62.729167" lon="8.458333">
    <tag k="callsign" v="LD6SB" />
    <tag k="communication:amateur_radio" v="yes" />
    <tag k="communication:amateur_radio:callsign" v="LD6SB" />
    <tag k="communication:amateur_radio:repeater" v="yes" />
    <tag k="communication:amateur_radio:repeater:frequency_out" v="144.8 MHz" />
    <tag k="communication:amateur_radio:repeater:modulation" v="20K0F2D" />
    <tag k="group" v="Molde" />
    <tag k="name" v="LD6SB" />
    <tag k="note" v="NRRL locator JP42FR; disagreement; missing_osm; missing_repeaterbook" />
    <tag k="nrrl:group_page" v="https://nrrl.no/grupper/more-og-romsdal/moldegruppen/" />
    <tag k="qth" v="Svinberget" />
    <tag k="website" v="https://qsl.net/la9m/" />
  </node>
  <node id="-458" visible="true" lat="62.715667" lon="8.494833">
    <tag k="best_source" v="aprsfi" />
    <tag k="callsign" v="LD6SB" />
    <tag k="communication:amateur_radio" v="yes" />
    <tag k="communication:amateur_radio:callsign" v="LD6SB" />
    <tag k="communication:amateur_radio:repeater" v="yes" />
    <tag k="communication:amateur_radio:repeater:frequency_out" v="144.8 MHz" />
    <tag k="communication:amateur_radio:repeater:modulation" v="20K0F2D" />
    <tag k="group" v="Molde" />
    <tag k="name" v="LD6SB" />
    <tag k="note" v="best position from aprsfi; disagreement; missing_osm; missing_repeaterbook" />
    <tag k="nrrl:group_page" v="https://nrrl.no/grupper/more-og-romsdal/moldegruppen/" />
    <tag k="qth" v="Svinberget" />
    <tag k="website" v="https://qsl.net/la9m/" />
  </node>
  <way id="-459" visible="true">
    <nd ref="-457" />
    <nd ref="-458" />
    <tag k="callsign" v="LD6SB" />
    <tag k="max_disagreement_m" v="2390.2" />
    <tag k="note" v="disagreement 2390.2 m; disagreement; missing_osm; missing_repeaterbook" />
    <tag k="name" v="LD6SB" />
  </way>
  <node id="-460" visible="true" lat="62.596167" lon="8.905833">
    <tag k="best_source" v="aprsfi" />
    <tag k="callsign" v="LD6SG" />
    <tag k="communication:amateur_radio" v="yes" />
    <tag k="communication:amateur_radio:callsign" v="LD6SG" />
    <tag k="communication:amateur_radio:repeater" v="yes" />
    <tag k="communication:amateur_radio:repeater:frequency_out" v="144.8 MHz" />
    <tag k="communication:amateur_radio:repeater:modulation" v="20K0F2D" />
    <tag k="group" v="Molde" />
    <tag k="name" v="LD6SG" />
    <tag k="note" v="best position from aprsfi; missing_osm; missing_repeaterbook" />
    <tag k="nrrl:group_page" v="https://nrrl.no/grupper/more-og-romsdal/moldegruppen/" />
    <tag k="qth" v="Sunndalen/Grøvllægdin" />
    <tag k="website" v="https://qsl.net/la9m/" />
  </node>
  <node id="-461" visible="true" lat="61.187500" lon="7.125000">
    <tag k="callsign" v="LD6SO" />
    <tag k="communication:amateur_radio" v="yes" />
    <tag k="communication:amateur_radio:callsign" v="LD6SO" />
    <tag k="communication:amateur_radio:repeater" v="yes" />
    <tag k="communication:amateur_radio:repeater:frequency_out" v="144.8 MHz" />
    <tag k="communication:amateur_radio:repeater:modulation" v="20K0F2D" />
    <tag k="group" v="Firda" />
    <tag k="name" v="LD6SO" />
    <tag k="note" v="NRRL locator JP31NE; disagreement; missing_osm; missing_repeaterbook" />
    <tag k="nrrl:group_page" v="https://nrrl.no/grupper/vestland/firdagruppen/" />
    <tag k="qth" v="Sogndal/Storehogen" />
    <tag k="website" v="http://la6f.blogspot.com/" />
  </node>
  <node id="-462" visible="true" lat="61.167333" lon="7.120167">
    <tag k="best_source" v="aprsfi" />
    <tag k="callsign" v="LD6SO" />
    <tag k="communication:amateur_radio" v="yes" />
    <tag k="communication:amateur_radio:callsign" v="LD6SO" />
    <tag k="communication:amateur_radio:repeater" v="yes" />
    <tag k="communication:amateur_radio:repeater:frequency_out" v="144.8 MHz" />
    <tag k="communication:amateur_radio:repeater:modulation" v="20K0F2D" />
    <tag k="group" v="Firda" />
    <tag k="name" v="LD6SO" />
    <tag k="note" v="best position from aprsfi; disagreement; missing_osm; missing_repeaterbook" />
    <tag k="nrrl:group_page" v="https://nrrl.no/grupper/vestland/firdagruppen/" />
    <tag k="qth" v="Sogndal/Storehogen" />
    <tag k="website" v="http://la6f.blogspot.com/" />
  </node>
  <way id="-463" visible="true">
    <nd ref="-461" />
    <nd ref="-462" />
    <tag k="callsign" v="LD6SO" />
    <tag k="max_disagreement_m" v="2257.4" />
    <tag k="note" v="disagreement 2257.4 m; disagreement; missing_osm; missing_repeaterbook" />
    <tag k="name" v="LD6SO" />
  </way>
  <node id="-464" visible="true" lat="64.220333" lon="10.371000">
    <tag k="best_source" v="aprsfi" />
    <tag k="callsign" v="LD7FB" />
    <tag k="communication:amateur_radio" v="yes" />
    <tag k="communication:amateur_radio:callsign" v="LD7FB" />
    <tag k="communication:amateur_radio:repeater" v="yes" />
    <tag k="communication:amateur_radio:repeater:frequency_out" v="144.8 MHz" />
    <tag k="communication:amateur_radio:repeater:modulation" v="20K0F2D" />
    <tag k="group" v="Fosen" />
    <tag k="name" v="LD7FB" />
    <tag k="note" v="best position from aprsfi; missing_osm; missing_repeaterbook" />
    <tag k="nrrl:group_page" v="https://nrrl.no/grupper/trondelag/fosengruppen/" />
    <tag k="qth" v="Fosen/Bessakerfjorden" />
  </node>
  <node id="-465" visible="true" lat="63.520833" lon="10.875000">
    <tag k="callsign" v="LD7FF" />
    <tag k="communication:amateur_radio" v="yes" />
    <tag k="communication:amateur_radio:callsign" v="LD7FF" />
    <tag k="communication:amateur_radio:repeater" v="yes" />
    <tag k="communication:amateur_radio:repeater:frequency_out" v="434.675 MHz" />
    <tag k="communication:amateur_radio:repeater:modulation" v="7K60FXE;6K00F7W" />
    <tag k="communication:amateur_radio:repeater:shift" v="-2 MHz" />
    <tag k="dmr_id" v="242440" />
    <tag k="group" v="Stjørdal" />
    <tag k="name" v="LD7FF" />
    <tag k="note" v="NRRL locator JP53KM; disagreement; outside_locator:repeaterbook" />
    <tag k="nrrl:group_page" v="https://nrrl.no/grupper/trondelag/stjordalsgruppa/" />
    <tag k="qth" v="Forbordsfjell" />
  </node>
  <node id="-466" visible="true" lat="63.526921" lon="10.887306">
    <tag k="callsign" v="LD7FF" />
    <tag k="communication:amateur_radio" v="yes" />
    <tag k="communication:amateur_radio:callsign" v="LD7FF" />
    <tag k="communication:amateur_radio:repeater" v="yes" />
    <tag k="communication:amateur_radio:repeater:frequency_out" v="434.675 MHz" />
    <tag k="communication:amateur_radio:repeater:modulation" v="7K60FXE;6K00F7W" />
    <tag k="communication:amateur_radio:repeater:shift" v="-2 MHz" />
    <tag k="dmr_id" v="242440" />
    <tag k="group" v="Stjørdal" />
    <tag k="name" v="LD7FF" />
    <tag k="note" v="position from osm; disagreement; outside_locator:repeaterbook" />
    <tag k="nrrl:group_page" v="https://nrrl.no/grupper/trondelag/stjordalsgruppa/" />
    <tag k="qth" v="Forbordsfjell" />
  </node>
  <node id="-467" visible="true" lat="63.526001" lon="10.892100">
    <tag k="callsign" v="LD7FF" />
    <tag k="communication:amateur_radio" v="yes" />
    <tag k="communication:amateur_radio:callsign" v="LD7FF" />
    <tag k="communication:amateur_radio:repeater" v="yes" />
    <tag k="communication:amateur_radio:repeater:frequency_out" v="434.675 MHz" />
    <tag k="communication:amateur_radio:repeater:modulation" v="7K60FXE;6K00F7W" />
    <tag k="communication:amateur_radio:repeater:shift" v="-2 MHz" />
    <tag k="dmr_id" v="242440" />
    <tag k="group" v="Stjørdal" />
    <tag k="name" v="LD7FF" />
    <tag k="note" v="position from radioid; disagreement; outside_locator:repeaterbook" />
    <tag k="nrrl:group_page" v="https://nrrl.no/grupper/trondelag/stjordalsgruppa/" />
    <tag k="qth" v="Forbordsfjell" />
  </node>
  <node id="-468" visible="true" lat="63.466993" lon="10.911690">
    <tag k="callsign" v="LD7FF" />
    <tag k="communication:amateur_radio" v="yes" />
    <tag k="communication:amateur_radio:callsign" v="LD7FF" />
    <tag k="communication:amateur_radio:repeater" v="yes" />
    <tag k="communication:amateur_radio:repeater:frequency_out" v="434.675 MHz" />
    <tag k="communication:amateur_radio:repeater:modulation" v="7K60FXE;6K00F7W" />
    <tag k="communication:amateur_radio:repeater:shift" v="-2 MHz" />
    <tag k="dmr_id" v="242440" />
    <tag k="group" v="Stjørdal" />
    <tag k="name" v="LD7FF" />
    <tag k="note" v="position from repeaterbook; disagreement; outside_locator:repeaterbook" />
    <tag k="nrrl:group_page" v="https://nrrl.no/grupper/trondelag/stjordalsgruppa/" />
    <tag k="qth" v="Forbordsfjell" />
  </node>
  <way id="-469" visible="true">
    <nd ref="-465" />
    <nd ref="-466" />
    <nd ref="-467" />
    <nd ref="-468" />
    <nd ref="-465" />
    <tag k="callsign" v="LD7FF" />
    <tag k="max_disagreement_m" v="6772.7" />
    <tag k="note" v="disagreement 6772.7 m; disagreement; outside_locator:repeaterbook" />
    <tag k="name" v="LD7FF" />
  </way>
  <node id="-470" visible="true" lat="63.770833" lon="9.375000">
    <tag k="callsign" v="LD7FO" />
    <tag k="communication:amateur_radio" v="yes" />
    <tag k="communication:amateur_radio:callsign" v="LD7FO" />
    <tag k="communication:amateur_radio:repeater" v="yes" />
    <tag k="communication:amateur_radio:repeater:frequency_out" v="144.8 MHz" />
    <tag k="communication:amateur_radio:repeater:modulation" v="20K0F2D" />
    <tag k="group" v="Fosen" />
    <tag k="name" v="LD7FO" />
    <tag k="note" v="NRRL locator JP43QS; disagreement; missing_osm; missing_repeaterbook" />
    <tag k="nrrl:group_page" v="https://nrrl.no/grupper/trondelag/fosengruppen/" />
    <tag k="qth" v="Fosen/Tarva" />
  </node>
  <node id="-471" visible="true" lat="63.789333" lon="9.386500">
    <tag k="best_source" v="aprsfi" />
    <tag k="callsign" v="LD7FO" />
    <tag k="communication:amateur_radio" v="yes" />
    <tag k="communication:amateur_radio:callsign" v="LD7FO" />
    <tag k="communication:amateur_radio:repeater" v="yes" />
    <tag k="communication:amateur_radio:repeater:frequency_out" v="144.8 MHz" />
    <tag k="communication:amateur_radio:repeater:modulation" v="20K0F2D" />
    <tag k="group" v="Fosen" />
    <tag k="name" v="LD7FO" />
    <tag k="note" v="best position from aprsfi; disagreement; missing_osm; missing_repeaterbook" />
    <tag k="nrrl:group_page" v="https://nrrl.no/grupper/trondelag/fosengruppen/" />
    <tag k="qth" v="Fosen/Tarva" />
  </node>
  <way id="-472" visible="true">
    <nd ref="-470" />
    <nd ref="-471" />
    <tag k="callsign" v="LD7FO" />
    <tag k="max_disagreement_m" v="2133.3" />
    <tag k="note" v="disagreement 2133.3 m; disagreement; missing_osm; missing_repeaterbook" />
    <tag k="name" v="LD7FO" />
  </way>
  <node id="-473" visible="true" lat="63.533333" lon="9.950000">
    <tag k="best_source" v="aprsfi" />
    <tag k="callsign" v="LD7FS" />
    <tag k="communication:amateur_radio" v="yes" />
    <tag k="communication:amateur_radio:callsign" v="LD7FS" />
    <tag k="communication:amateur_radio:repeater" v="yes" />
    <tag k="communication:amateur_radio:repeater:frequency_out" v="144.8 MHz" />
    <tag k="communication:amateur_radio:repeater:modulation" v="20K0F2D" />
    <tag k="group" v="Fosen" />
    <tag k="name" v="LD7FS" />
    <tag k="note" v="best position from aprsfi; missing_osm; missing_repeaterbook" />
    <tag k="nrrl:group_page" v="https://nrrl.no/grupper/trondelag/fosengruppen/" />
    <tag k="qth" v="Fosen/Stadsbygd" />
  </node>
  <node id="-474" visible="true" lat="64.409167" lon="12.208667">
    <tag k="best_source" v="aprsfi" />
    <tag k="callsign" v="LD7GG" />
    <tag k="communication:amateur_radio" v="yes" />
    <tag k="communication:amateur_radio:callsign" v="LD7GG" />
    <tag k="communication:amateur_radio:repeater" v="yes" />
    <tag k="communication:amateur_radio:repeater:frequency_out" v="144.8 MHz" />
    <tag k="communication:amateur_radio:repeater:modulation" v="20K0F2D" />
    <tag k="group" v="Namdal" />
    <tag k="name" v="LD7GG" />
    <tag k="note" v="best position from aprsfi; missing_osm; missing_repeaterbook" />
    <tag k="nrrl:group_page" v="https://nrrl.no/grupper/trondelag/namdalsgruppen/" />
    <tag k="qth" v="Grong/Geitfjellet" />
    <tag k="website" v="http://la7n-namdal.blogspot.com/" />
  </node>
  <node id="-475" visible="true" lat="63.992000" lon="11.528500">
    <tag k="best_source" v="aprsfi" />
    <tag k="callsign" v="LD7ST" />
    <tag k="communication:amateur_radio" v="yes" />
    <tag k="communication:amateur_radio:callsign" v="LD7ST" />
    <tag k="communication:amateur_radio:repeater" v="yes" />
    <tag k="communication:amateur_radio:repeater:frequency_out" v="144.8 MHz" />
    <tag k="communication:amateur_radio:repeater:modulation" v="20K0F2D" />
    <tag k="group" v="Inntrøndelag" />
    <tag k="name" v="LD7ST" />
    <tag k="note" v="best position from aprsfi; missing_osm; missing_repeaterbook" />
    <tag k="nrrl:group_page" v="https://nrrl.no/grupper/trondelag/inntrondelagsgruppen/" />
    <tag k="qth" v="Steinkjer/Offenåsen" />
  </node>
  <node id="-476" visible="true" lat="63.064016" lon="11.146492">
    <tag k="best_source" v="osm" />
    <tag k="callsign" v="LD7TB" />
    <tag k="communication:amateur_radio" v="yes" />
    <tag k="communication:amateur_radio:callsign" v="LD7TB" />
    <tag k="communication:amateur_radio:repeater" v="yes" />
    <tag k="communication:amateur_radio:repeater:frequency_out" v="144.8 MHz" />
    <tag k="communication:amateur_radio:repeater:modulation" v="20K0F2D" />
    <tag k="group" v="Trondheim" />
    <tag k="name" v="LD7TB" />
    <tag k="note" v="best position from osm; missing_repeaterbook" />
    <tag k="nrrl:group_page" v="https://nrrl.no/grupper/trondelag/trondheimsgruppen/" />
    <tag k="qth" v="Bringen" />
    <tag k="website" v="http://www.la2t.no/" />
  </node>
  <node id="-477" visible="true" lat="63.437500" lon="10.458333">
    <tag k="callsign" v="LD7TH" />
    <tag k="communication:amateur_radio" v="yes" />
    <tag k="communication:amateur_radio:callsign" v="LD7TH" />
    <tag k="communication:amateur_radio:repeater" v="yes" />
    <tag k="communication:amateur_radio:repeater:frequency_out" v="144.8 MHz" />
    <tag k="communication:amateur_radio:repeater:modulation" v="20K0F2D" />
    <tag k="group" v="Trondheim" />
    <tag k="name" v="LD7TH" />
    <tag k="note" v="NRRL locator JP53FK; disagreement; missing_osm; missing_repeaterbook; outside_locator:aprsfi" />
    <tag k="nrrl:group_page" v="https://nrrl.no/grupper/trondelag/trondheimsgruppen/" />
    <tag k="qth" v="Litjvola/Tydal" />
    <tag k="website" v="http://www.la2t.no/" />
  </node>
  <node id="-478" visible="true" lat="62.901667" lon="11.798000">
    <tag k="best_source" v="aprsfi" />
    <tag k="callsign" v="LD7TH" />
    <tag k="communication:amateur_radio" v="yes" />
    <tag k="communication:amateur_radio:callsign" v="LD7TH" />
    <tag k="communication:amateur_radio:repeater" v="yes" />
    <tag k="communication:amateur_radio:repeater:frequency_out" v="144.8 MHz" />
    <tag k="communication:amateur_radio:repeater:modulation" v="20K0F2D" />
    <tag k="group" v="Trondheim" />
    <tag k="name" v="LD7TH" />
    <tag k="note" v="best position from aprsfi; disagreement; missing_osm; missing_repeaterbook; outside_locator:aprsfi" />
    <tag k="nrrl:group_page" v="https://nrrl.no/grupper/trondelag/trondheimsgruppen/" />
    <tag k="qth" v="Litjvola/Tydal" />
    <tag k="website" v="http://www.la2t.no/" />
  </node>
  <way id="-479" visible="true">
    <nd ref="-477" />
    <nd ref="-478" />
    <tag k="callsign" v="LD7TH" />
    <tag k="max_disagreement_m" v="89833.1" />
    <tag k="note" v="disagreement 89833.1 m; disagreement; missing_osm; missing_repeaterbook; outside_locator:aprsfi" />
    <tag k="name" v="LD7TH" />
  </way>
  <node id="-480" visible="true" lat="63.437500" lon="10.291667">
    <tag k="callsign" v="LD7TL" />
    <tag k="communication:amateur_radio" v="yes" />
    <tag k="communication:amateur_radio:callsign" v="LD7TL" />
    <tag k="communication:amateur_radio:repeater" v="yes" />
    <tag k="communication:amateur_radio:repeater:frequency_out" v="433.725 MHz" />
    <tag k="communication:amateur_radio:repeater:modulation" v="20K0F2D" />
    <tag k="group" v="Trondheim" />
    <tag k="name" v="LD7TL" />
    <tag k="note" v="NRRL locator JP53DK; disagreement; missing_repeaterbook" />
    <tag k="nrrl:group_page" v="https://nrrl.no/grupper/trondelag/trondheimsgruppen/" />
    <tag k="qth" v="Gråkallen" />
    <tag k="website" v="http://www.la2t.no/" />
  </node>
  <node id="-481" visible="true" lat="63.421108" lon="10.260369">
    <tag k="callsign" v="LD7TL" />
    <tag k="communication:amateur_radio" v="yes" />
    <tag k="communication:amateur_radio:callsign" v="LD7TL" />
    <tag k="communication:amateur_radio:repeater" v="yes" />
    <tag k="communication:amateur_radio:repeater:frequency_out" v="433.725 MHz" />
    <tag k="communication:amateur_radio:repeater:modulation" v="20K0F2D" />
    <tag k="group" v="Trondheim" />
    <tag k="name" v="LD7TL" />
    <tag k="note" v="position from osm; disagreement; missing_repeaterbook" />
    <tag k="nrrl:group_page" v="https://nrrl.no/grupper/trondelag/trondheimsgruppen/" />
    <tag k="qth" v="Gråkallen" />
    <tag k="website" v="http://www.la2t.no/" />
  </node>
  <way id="-482" visible="true">
    <nd ref="-480" />
    <nd ref="-481" />
    <tag k="callsign" v="LD7TL" />
    <tag k="max_disagreement_m" v="2396.9" />
    <tag k="note" v="disagreement 2396.9 m; disagreement; missing_repeaterbook" />
    <tag k="name" v="LD7TL" />
  </way>
  <node id="-483" visible="true" lat="62.571500" lon="9.716667">
    <tag k="best_source" v="aprsfi" />
    <tag k="callsign" v="LD7TO" />
    <tag k="communication:amateur_radio" v="yes" />
    <tag k="communication:amateur_radio:callsign" v="LD7TO" />
    <tag k="communication:amateur_radio:repeater" v="yes" />
    <tag k="communication:amateur_radio:repeater:frequency_out" v="144.8 MHz" />
    <tag k="communication:amateur_radio:repeater:modulation" v="20K0F2D" />
    <tag k="group" v="Trondheim" />
    <tag k="name" v="LD7TO" />
    <tag k="note" v="best position from aprsfi; missing_osm; missing_repeaterbook" />
    <tag k="nrrl:group_page" v="https://nrrl.no/grupper/trondelag/trondheimsgruppen/" />
    <tag k="qth" v="Oppdal" />
    <tag k="website" v="http://www.la2t.no/" />
  </node>
  <node id="-484" visible="true" lat="63.173157" lon="9.143630">
    <tag k="best_source" v="osm" />
    <tag k="callsign" v="LD7TR" />
    <tag k="communication:amateur_radio" v="yes" />
    <tag k="communication:amateur_radio:callsign" v="LD7TR" />
    <tag k="communication:amateur_radio:repeater" v="yes" />
    <tag k="communication:amateur_radio:repeater:frequency_out" v="144.8 MHz" />
    <tag k="communication:amateur_radio:repeater:modulation" v="20K0F2D" />
    <tag k="group" v="Trondheim" />
    <tag k="name" v="LD7TR" />
    <tag k="note" v="best position from osm; missing_repeaterbook" />
    <tag k="nrrl:group_page" v="https://nrrl.no/grupper/trondelag/trondheimsgruppen/" />
    <tag k="qth" v="Ruten" />
    <tag k="website" v="http://www.la2t.no/" />
  </node>
  <node id="-485" visible="true" lat="63.020833" lon="10.291667">
    <tag k="callsign" v="LD7TS" />
    <tag k="communication:amateur_radio" v="yes" />
    <tag k="communication:amateur_radio:callsign" v="LD7TS" />
    <tag k="communication:amateur_radio:repeater" v="yes" />
    <tag k="communication:amateur_radio:repeater:frequency_out" v="144.8 MHz" />
    <tag k="communication:amateur_radio:repeater:modulation" v="20K0F2D" />
    <tag k="group" v="Trondheim" />
    <tag k="name" v="LD7TS" />
    <tag k="note" v="NRRL locator JP53DA; disagreement; missing_osm; missing_repeaterbook" />
    <tag k="nrrl:group_page" v="https://nrrl.no/grupper/trondelag/trondheimsgruppen/" />
    <tag k="qth" v="Støren" />
    <tag k="website" v="http://www.la2t.no/" />
  </node>
  <node id="-486" visible="true" lat="63.041000" lon="10.302667">
    <tag k="best_source" v="aprsfi" />
    <tag k="callsign" v="LD7TS" />
    <tag k="communication:amateur_radio" v="yes" />
    <tag k="communication:amateur_radio:callsign" v="LD7TS" />
    <tag k="communication:amateur_radio:repeater" v="yes" />
    <tag k="communication:amateur_radio:repeater:frequency_out" v="144.8 MHz" />
    <tag k="communication:amateur_radio:repeater:modulation" v="20K0F2D" />
    <tag k="group" v="Trondheim" />
    <tag k="name" v="LD7TS" />
    <tag k="note" v="best position from aprsfi; disagreement; missing_osm; missing_repeaterbook" />
    <tag k="nrrl:group_page" v="https://nrrl.no/grupper/trondelag/trondheimsgruppen/" />
    <tag k="qth" v="Støren" />
    <tag k="website" v="http://www.la2t.no/" />
  </node>
  <way id="-487" visible="true">
    <nd ref="-485" />
    <nd ref="-486" />
    <tag k="callsign" v="LD7TS" />
    <tag k="max_disagreement_m" v="2310.0" />
    <tag k="note" v="disagreement 2310.0 m; disagreement; missing_osm; missing_repeaterbook" />
    <tag k="name" v="LD7TS" />
  </way>
  <node id="-488" visible="true" lat="63.437500" lon="10.458333">
    <tag k="callsign" v="LD7TT" />
    <tag k="communication:amateur_radio" v="yes" />
    <tag k="communication:amateur_radio:callsign" v="LD7TT" />
    <tag k="communication:amateur_radio:repeater" v="yes" />
    <tag k="communication:amateur_radio:repeater:frequency_out" v="144.8 MHz" />
    <tag k="communication:amateur_radio:repeater:modulation" v="20K0F2D" />
    <tag k="group" v="Trondheim" />
    <tag k="name" v="LD7TT" />
    <tag k="note" v="NRRL locator JP53FK; disagreement; missing_repeaterbook" />
    <tag k="nrrl:group_page" v="https://nrrl.no/grupper/trondelag/trondheimsgruppen/" />
    <tag k="qth" v="Tyholt" />
    <tag k="website" v="http://www.la2t.no/" />
  </node>
  <node id="-489" visible="true" lat="63.422356" lon="10.431941">
    <tag k="callsign" v="LD7TT" />
    <tag k="communication:amateur_radio" v="yes" />
    <tag k="communication:amateur_radio:callsign" v="LD7TT" />
    <tag k="communication:amateur_radio:repeater" v="yes" />
    <tag k="communication:amateur_radio:repeater:frequency_out" v="144.8 MHz" />
    <tag k="communication:amateur_radio:repeater:modulation" v="20K0F2D" />
    <tag k="group" v="Trondheim" />
    <tag k="name" v="LD7TT" />
    <tag k="note" v="position from osm; disagreement; missing_repeaterbook" />
    <tag k="nrrl:group_page" v="https://nrrl.no/grupper/trondelag/trondheimsgruppen/" />
    <tag k="qth" v="Tyholt" />
    <tag k="website" v="http://www.la2t.no/" />
  </node>
  <way id="-490" visible="true">
    <nd ref="-488" />
    <nd ref="-489" />
    <tag k="callsign" v="LD7TT" />
    <tag k="max_disagreement_m" v="2135.3" />
    <tag k="note" v="disagreement 2135.3 m; disagreement; missing_repeaterbook" />
    <tag k="name" v="LD7TT" />
  </way>
  <node id="-491" visible="true" lat="63.262107" lon="10.356234">
    <tag k="best_source" v="osm" />
    <tag k="callsign" v="LD7TV" />
    <tag k="communication:amateur_radio" v="yes" />
    <tag k="communication:amateur_radio:callsign" v="LD7TV" />
    <tag k="communication:amateur_radio:repeater" v="yes" />
    <tag k="communication:amateur_radio:repeater:frequency_out" v="144.95 MHz" />
    <tag k="communication:amateur_radio:repeater:modulation" v="20K0F2D" />
    <tag k="group" v="Trondheim" />
    <tag k="name" v="LD7TV" />
    <tag k="note" v="best position from osm; missing_repeaterbook" />
    <tag k="nrrl:group_page" v="https://nrrl.no/grupper/trondelag/trondheimsgruppen/" />
    <tag k="qth" v="Vassfjellet" />
    <tag k="website" v="http://www.la2t.no/" />
  </node>
  <node id="-492" visible="true" lat="63.860333" lon="11.524500">
    <tag k="best_source" v="aprsfi" />
    <tag k="callsign" v="LD7VD" />
    <tag k="communication:amateur_radio" v="yes" />
    <tag k="communication:amateur_radio:callsign" v="LD7VD" />
    <tag k="communication:amateur_radio:repeater" v="yes" />
    <tag k="communication:amateur_radio:repeater:frequency_out" v="144.8 MHz" />
    <tag k="communication:amateur_radio:repeater:modulation" v="20K0F2D" />
    <tag k="group" v="Inntrøndelag" />
    <tag k="name" v="LD7VD" />
    <tag k="note" v="best position from aprsfi; missing_osm; missing_repeaterbook" />
    <tag k="nrrl:group_page" v="https://nrrl.no/grupper/trondelag/inntrondelagsgruppen/" />
    <tag k="qth" v="Verdal" />
  </node>
  <node id="-493" visible="true" lat="63.860939" lon="11.524469">
    <tag k="best_source" v="radioid" />
    <tag k="callsign" v="LD7VM" />
    <tag k="communication:amateur_radio" v="yes" />
    <tag k="communication:amateur_radio:callsign" v="LD7VM" />
    <tag k="communication:amateur_radio:repeater" v="yes" />
    <tag k="communication:amateur_radio:repeater:frequency_out" v="434.6 MHz" />
    <tag k="communication:amateur_radio:repeater:modulation" v="7K60FXE" />
    <tag k="communication:amateur_radio:repeater:shift" v="-2 MHz" />
    <tag k="dmr_id" v="242444" />
    <tag k="group" v="Inntrøndelag" />
    <tag k="name" v="LD7VM" />
    <tag k="note" v="best position from radioid; missing_osm; missing_repeaterbook" />
    <tag k="nrrl:group_page" v="https://nrrl.no/grupper/trondelag/inntrondelagsgruppen/" />
    <tag k="qth" v="Verdal/Marsteinsvola" />
  </node>
  <node id="-494" visible="true" lat="67.174167" lon="15.027167">
    <tag k="best_source" v="aprsfi" />
    <tag k="callsign" v="LD8BK" />
    <tag k="communication:amateur_radio" v="yes" />
    <tag k="communication:amateur_radio:callsign" v="LD8BK" />
    <tag k="communication:amateur_radio:repeater" v="yes" />
    <tag k="communication:amateur_radio:repeater:frequency_out" v="144.8 MHz" />
    <tag k="communication:amateur_radio:repeater:modulation" v="20K0F2D" />
    <tag k="group" v="Bodø" />
    <tag k="name" v="LD8BK" />
    <tag k="note" v="best position from aprsfi; missing_osm; missing_repeaterbook" />
    <tag k="nrrl:group_page" v="https://nrrl.no/grupper/nordland/bodogruppen/" />
    <tag k="qth" v="Fauske/Klettkoven" />
  </node>
  <node id="-495" visible="true" lat="65.479167" lon="12.208333">
    <tag k="callsign" v="LD8BS" />
    <tag k="communication:amateur_radio" v="yes" />
    <tag k="communication:amateur_radio:callsign" v="LD8BS" />
    <tag k="communication:amateur_radio:repeater" v="yes" />
    <tag k="communication:amateur_radio:repeater:frequency_out" v="434.975 MHz" />
    <tag k="communication:amateur_radio:repeater:modulation" v="7K60FXE;6K00F7W" />
    <tag k="communication:amateur_radio:repeater:shift" v="-2 MHz" />
    <tag k="dmr_id" v="242906" />
    <tag k="group" v="Sandnessjøen" />
    <tag k="name" v="LD8BS" />
    <tag k="note" v="NRRL locator JP65CL; disagreement; missing_osm" />
    <tag k="nrrl:group_page" v="https://nrrl.no/grupper/nordland/sandnessjogruppen/" />
    <tag k="qth" v="Mosheim/Brønnøysund" />
  </node>
  <node id="-496" visible="true" lat="65.496941" lon="12.245410">
    <tag k="callsign" v="LD8BS" />
    <tag k="communication:amateur_radio" v="yes" />
    <tag k="communication:amateur_radio:callsign" v="LD8BS" />
    <tag k="communication:amateur_radio:repeater" v="yes" />
    <tag k="communication:amateur_radio:repeater:frequency_out" v="434.975 MHz" />
    <tag k="communication:amateur_radio:repeater:modulation" v="7K60FXE;6K00F7W" />
    <tag k="communication:amateur_radio:repeater:shift" v="-2 MHz" />
    <tag k="dmr_id" v="242906" />
    <tag k="group" v="Sandnessjøen" />
    <tag k="name" v="LD8BS" />
    <tag k="note" v="position from radioid; disagreement; missing_osm" />
    <tag k="nrrl:group_page" v="https://nrrl.no/grupper/nordland/sandnessjogruppen/" />
    <tag k="qth" v="Mosheim/Brønnøysund" />
  </node>
  <node id="-497" visible="true" lat="65.497803" lon="12.245800">
    <tag k="callsign" v="LD8BS" />
    <tag k="communication:amateur_radio" v="yes" />
    <tag k="communication:amateur_radio:callsign" v="LD8BS" />
    <tag k="communication:amateur_radio:repeater" v="yes" />
    <tag k="communication:amateur_radio:repeater:frequency_out" v="434.975 MHz" />
    <tag k="communication:amateur_radio:repeater:modulation" v="7K60FXE;6K00F7W" />
    <tag k="communication:amateur_radio:repeater:shift" v="-2 MHz" />
    <tag k="dmr_id" v="242906" />
    <tag k="group" v="Sandnessjøen" />
    <tag k="name" v="LD8BS" />
    <tag k="note" v="position from repeaterbook; disagreement; missing_osm" />
    <tag k="nrrl:group_page" v="https://nrrl.no/grupper/nordland/sandnessjogruppen/" />
    <tag k="qth" v="Mosheim/Brønnøysund" />
  </node>
  <way id="-498" visible="true">
    <nd ref="-495" />
    <nd ref="-496" />
    <nd ref="-497" />
    <nd ref="-495" />
    <tag k="callsign" v="LD8BS" />
    <tag k="max_disagreement_m" v="2698.4" />
    <tag k="note" v="disagreement 2698.4 m; disagreement; missing_osm" />
    <tag k="name" v="LD8BS" />
  </way>
  <node id="-499" visible="true" lat="67.433500" lon="15.454500">
    <tag k="best_source" v="aprsfi" />
    <tag k="callsign" v="LD8FS" />
    <tag k="communication:amateur_radio" v="yes" />
    <tag k="communication:amateur_radio:callsign" v="LD8FS" />
    <tag k="communication:amateur_radio:repeater" v="yes" />
    <tag k="communication:amateur_radio:repeater:frequency_out" v="144.8 MHz" />
    <tag k="communication:amateur_radio:repeater:modulation" v="20K0F2D" />
    <tag k="group" v="Fauske" />
    <tag k="name" v="LD8FS" />
    <tag k="note" v="best position from aprsfi; missing_osm; missing_repeaterbook" />
    <tag k="nrrl:group_page" v="https://nrrl.no/grupper/nordland/fauskegruppen/" />
    <tag k="qth" v="Fornesfjell" />
  </node>
  <node id="-500" visible="true" lat="67.264333" lon="15.383000">
    <tag k="best_source" v="local" />
    <tag k="callsign" v="LD8FT" />
    <tag k="communication:amateur_radio" v="yes" />
    <tag k="communication:amateur_radio:callsign" v="LD8FT" />
    <tag k="communication:amateur_radio:repeater" v="yes" />
    <tag k="communication:amateur_radio:repeater:frequency_out" v="144.8 MHz" />
    <tag k="communication:amateur_radio:repeater:modulation" v="20K0F2D" />
    <tag k="dmr_id" v="242917" />
    <tag k="fixme" v="operator_override" />
    <tag k="group" v="Fauske" />
    <tag k="name" v="LD8FT" />
    <tag k="note" v="APRS digi. Position 67°15.86'N 15°22.98'E. NRRL still lists this callsign as DMR UHF.; operator override position; missing_osm; missing_repeaterbook" />
    <tag k="nrrl:group_page" v="https://nrrl.no/grupper/nordland/fauskegruppen/" />
    <tag k="qth" v="Bjørnmoveien" />
  </node>
  <node id="-501" visible="true" lat="66.187500" lon="13.708333">
    <tag k="callsign" v="LD8HV" />
    <tag k="communication:amateur_radio" v="yes" />
    <tag k="communication:amateur_radio:callsign" v="LD8HV" />
    <tag k="communication:amateur_radio:repeater" v="yes" />
    <tag k="communication:amateur_radio:repeater:frequency_out" v="144.8 MHz" />
    <tag k="communication:amateur_radio:repeater:modulation" v="20K0F2D" />
    <tag k="group" v="Mo i Rana" />
    <tag k="name" v="LD8HV" />
    <tag k="note" v="NRRL locator JP66UE; disagreement; missing_osm; missing_repeaterbook" />
    <tag k="nrrl:group_page" v="https://nrrl.no/grupper/nordland/mogruppen/" />
    <tag k="qth" v="Hemnes/Vettahaugen" />
    <tag k="website" v="http://la3m.no/" />
  </node>
  <node id="-502" visible="true" lat="66.206667" lon="13.740333">
    <tag k="best_source" v="aprsfi" />
    <tag k="callsign" v="LD8HV" />
    <tag k="communication:amateur_radio" v="yes" />
    <tag k="communication:amateur_radio:callsign" v="LD8HV" />
    <tag k="communication:amateur_radio:repeater" v="yes" />
    <tag k="communication:amateur_radio:repeater:frequency_out" v="144.8 MHz" />
    <tag k="communication:amateur_radio:repeater:modulation" v="20K0F2D" />
    <tag k="group" v="Mo i Rana" />
    <tag k="name" v="LD8HV" />
    <tag k="note" v="best position from aprsfi; disagreement; missing_osm; missing_repeaterbook" />
    <tag k="nrrl:group_page" v="https://nrrl.no/grupper/nordland/mogruppen/" />
    <tag k="qth" v="Hemnes/Vettahaugen" />
    <tag k="website" v="http://la3m.no/" />
  </node>
  <way id="-503" visible="true">
    <nd ref="-501" />
    <nd ref="-502" />
    <tag k="callsign" v="LD8HV" />
    <tag k="max_disagreement_m" v="2569.9" />
    <tag k="note" v="disagreement 2569.9 m; disagreement; missing_osm; missing_repeaterbook" />
    <tag k="name" v="LD8HV" />
  </way>
  <node id="-504" visible="true" lat="67.229167" lon="15.291667">
    <tag k="best_source" v="nrrl_locator" />
    <tag k="callsign" v="LD8LF" />
    <tag k="communication:amateur_radio" v="yes" />
    <tag k="communication:amateur_radio:callsign" v="LD8LF" />
    <tag k="communication:amateur_radio:repeater" v="yes" />
    <tag k="communication:amateur_radio:repeater:frequency_out" v="144.925 MHz" />
    <tag k="communication:amateur_radio:repeater:modulation" v="20K0F2D" />
    <tag k="group" v="Fauske" />
    <tag k="name" v="LD8LF" />
    <tag k="note" v="best position from nrrl_locator; missing_osm; missing_repeaterbook" />
    <tag k="nrrl:group_page" v="https://nrrl.no/grupper/nordland/fauskegruppen/" />
    <tag k="qth" v="Telegrafveien" />
  </node>
  <node id="-505" visible="true" lat="68.145543" lon="13.628170">
    <tag k="best_source" v="radioid" />
    <tag k="callsign" v="LD8LK" />
    <tag k="communication:amateur_radio" v="yes" />
    <tag k="communication:amateur_radio:callsign" v="LD8LK" />
    <tag k="communication:amateur_radio:repeater" v="yes" />
    <tag k="communication:amateur_radio:repeater:frequency_out" v="433.6375 MHz" />
    <tag k="communication:amateur_radio:repeater:modulation" v="6K00F7W" />
    <tag k="dmr_id" v="242908" />
    <tag k="group" v="Vesterålen" />
    <tag k="name" v="LD8LK" />
    <tag k="note" v="best position from radioid; missing_osm" />
    <tag k="nrrl:group_page" v="https://nrrl.no/grupper/nordland/vesteralsgruppen/" />
    <tag k="qth" v="Leknes" />
  </node>
  <node id="-506" visible="true" lat="68.395833" lon="15.958333">
    <tag k="callsign" v="LD8LR" />
    <tag k="communication:amateur_radio" v="yes" />
    <tag k="communication:amateur_radio:callsign" v="LD8LR" />
    <tag k="communication:amateur_radio:repeater" v="yes" />
    <tag k="communication:amateur_radio:repeater:frequency_out" v="434.625 MHz" />
    <tag k="communication:amateur_radio:repeater:modulation" v="7K60FXE" />
    <tag k="communication:amateur_radio:repeater:shift" v="-2 MHz" />
    <tag k="dmr_id" v="242911" />
    <tag k="group" v="Harstad" />
    <tag k="name" v="LD8LR" />
    <tag k="note" v="NRRL locator JP78XJ; disagreement; missing_osm; missing_repeaterbook" />
    <tag k="nrrl:group_page" v="https://nrrl.no/grupper/troms/harstadgruppen/" />
    <tag k="qth" v="Lødingen" />
  </node>
  <node id="-507" visible="true" lat="68.411870" lon="15.984600">
    <tag k="callsign" v="LD8LR" />
    <tag k="communication:amateur_radio" v="yes" />
    <tag k="communication:amateur_radio:callsign" v="LD8LR" />
    <tag k="communication:amateur_radio:repeater" v="yes" />
    <tag k="communication:amateur_radio:repeater:frequency_out" v="434.625 MHz" />
    <tag k="communication:amateur_radio:repeater:modulation" v="7K60FXE" />
    <tag k="communication:amateur_radio:repeater:shift" v="-2 MHz" />
    <tag k="dmr_id" v="242911" />
    <tag k="group" v="Harstad" />
    <tag k="name" v="LD8LR" />
    <tag k="note" v="position from radioid; disagreement; missing_osm; missing_repeaterbook" />
    <tag k="nrrl:group_page" v="https://nrrl.no/grupper/troms/harstadgruppen/" />
    <tag k="qth" v="Lødingen" />
  </node>
  <way id="-508" visible="true">
    <nd ref="-506" />
    <nd ref="-507" />
    <tag k="callsign" v="LD8LR" />
    <tag k="max_disagreement_m" v="2082.2" />
    <tag k="note" v="disagreement 2082.2 m; disagreement; missing_osm; missing_repeaterbook" />
    <tag k="name" v="LD8LR" />
  </way>
  <node id="-509" visible="true" lat="65.766833" lon="13.316167">
    <tag k="best_source" v="aprsfi" />
    <tag k="callsign" v="LD8MB" />
    <tag k="communication:amateur_radio" v="yes" />
    <tag k="communication:amateur_radio:callsign" v="LD8MB" />
    <tag k="communication:amateur_radio:repeater" v="yes" />
    <tag k="communication:amateur_radio:repeater:frequency_out" v="144.8 MHz" />
    <tag k="communication:amateur_radio:repeater:modulation" v="20K0F2D" />
    <tag k="group" v="Mosjøen" />
    <tag k="name" v="LD8MB" />
    <tag k="note" v="best position from aprsfi; missing_osm; missing_repeaterbook" />
    <tag k="nrrl:group_page" v="https://nrrl.no/grupper/nordland/mosjoengruppen/" />
    <tag k="qth" v="Mosjøen/Bjørnålia" />
    <tag k="website" v="http://www.la2w.no/" />
  </node>
  <node id="-510" visible="true" lat="65.312500" lon="13.458333">
    <tag k="callsign" v="LD8MK" />
    <tag k="communication:amateur_radio" v="yes" />
    <tag k="communication:amateur_radio:callsign" v="LD8MK" />
    <tag k="communication:amateur_radio:repeater" v="yes" />
    <tag k="communication:amateur_radio:repeater:frequency_out" v="145.65 MHz" />
    <tag k="communication:amateur_radio:repeater:modulation" v="7K60FXE" />
    <tag k="communication:amateur_radio:repeater:shift" v="-0.6 MHz" />
    <tag k="dmr_id" v="242008" />
    <tag k="group" v="Mosjøen" />
    <tag k="name" v="LD8MK" />
    <tag k="note" v="NRRL locator JP65RH; disagreement; missing_osm; outside_locator:repeaterbook" />
    <tag k="nrrl:group_page" v="https://nrrl.no/grupper/nordland/mosjoengruppen/" />
    <tag k="qth" v="Mosjøen/Kappfjell" />
    <tag k="website" v="http://www.la2w.no/" />
  </node>
  <node id="-511" visible="true" lat="65.314089" lon="13.449027">
    <tag k="callsign" v="LD8MK" />
    <tag k="communication:amateur_radio" v="yes" />
    <tag k="communication:amateur_radio:callsign" v="LD8MK" />
    <tag k="communication:amateur_radio:repeater" v="yes" />
    <tag k="communication:amateur_radio:repeater:frequency_out" v="145.65 MHz" />
    <tag k="communication:amateur_radio:repeater:modulation" v="7K60FXE" />
    <tag k="communication:amateur_radio:repeater:shift" v="-0.6 MHz" />
    <tag k="dmr_id" v="242008" />
    <tag k="group" v="Mosjøen" />
    <tag k="name" v="LD8MK" />
    <tag k="note" v="position from radioid; disagreement; missing_osm; outside_locator:repeaterbook" />
    <tag k="nrrl:group_page" v="https://nrrl.no/grupper/nordland/mosjoengruppen/" />
    <tag k="qth" v="Mosjøen/Kappfjell" />
    <tag k="website" v="http://www.la2w.no/" />
  </node>
  <node id="-512" visible="true" lat="65.871803" lon="13.193200">
    <tag k="callsign" v="LD8MK" />
    <tag k="communication:amateur_radio" v="yes" />
    <tag k="communication:amateur_radio:callsign" v="LD8MK" />
    <tag k="communication:amateur_radio:repeater" v="yes" />
    <tag k="communication:amateur_radio:repeater:frequency_out" v="145.65 MHz" />
    <tag k="communication:amateur_radio:repeater:modulation" v="7K60FXE" />
    <tag k="communication:amateur_radio:repeater:shift" v="-0.6 MHz" />
    <tag k="dmr_id" v="242008" />
    <tag k="group" v="Mosjøen" />
    <tag k="name" v="LD8MK" />
    <tag k="note" v="position from repeaterbook; disagreement; missing_osm; outside_locator:repeaterbook" />
    <tag k="nrrl:group_page" v="https://nrrl.no/grupper/nordland/mosjoengruppen/" />
    <tag k="qth" v="Mosjøen/Kappfjell" />
    <tag k="website" v="http://www.la2w.no/" />
  </node>
  <way id="-513" visible="true">
    <nd ref="-510" />
    <nd ref="-511" />
    <nd ref="-512" />
    <nd ref="-510" />
    <tag k="callsign" v="LD8MK" />
    <tag k="max_disagreement_m" v="63373.5" />
    <tag k="note" v="disagreement 63373.5 m; disagreement; missing_osm; outside_locator:repeaterbook" />
    <tag k="name" v="LD8MK" />
  </way>
  <node id="-514" visible="true" lat="66.895833" lon="13.708333">
    <tag k="callsign" v="LD8MM" />
    <tag k="communication:amateur_radio" v="yes" />
    <tag k="communication:amateur_radio:callsign" v="LD8MM" />
    <tag k="communication:amateur_radio:repeater" v="yes" />
    <tag k="communication:amateur_radio:repeater:ctcss" v="123" />
    <tag k="communication:amateur_radio:repeater:frequency_in" v="0 MHz" />
    <tag k="communication:amateur_radio:repeater:frequency_out" v="433.6875 MHz" />
    <tag k="communication:amateur_radio:repeater:modulation" v="6K00F7W" />
    <tag k="group" v="Bodø" />
    <tag k="name" v="LD8MM" />
    <tag k="note" v="NRRL locator JP66UV; disagreement; missing_osm" />
    <tag k="nrrl:group_page" v="https://nrrl.no/grupper/nordland/bodogruppen/" />
    <tag k="qth" v="Meløy/Ørnes" />
  </node>
  <node id="-515" visible="true" lat="66.877800" lon="13.715800">
    <tag k="callsign" v="LD8MM" />
    <tag k="communication:amateur_radio" v="yes" />
    <tag k="communication:amateur_radio:callsign" v="LD8MM" />
    <tag k="communication:amateur_radio:repeater" v="yes" />
    <tag k="communication:amateur_radio:repeater:ctcss" v="123" />
    <tag k="communication:amateur_radio:repeater:frequency_in" v="0 MHz" />
    <tag k="communication:amateur_radio:repeater:frequency_out" v="433.6875 MHz" />
    <tag k="communication:amateur_radio:repeater:modulation" v="6K00F7W" />
    <tag k="group" v="Bodø" />
    <tag k="name" v="LD8MM" />
    <tag k="note" v="position from repeaterbook; disagreement; missing_osm" />
    <tag k="nrrl:group_page" v="https://nrrl.no/grupper/nordland/bodogruppen/" />
    <tag k="qth" v="Meløy/Ørnes" />
  </node>
  <way id="-516" visible="true">
    <nd ref="-514" />
    <nd ref="-515" />
    <tag k="callsign" v="LD8MM" />
    <tag k="max_disagreement_m" v="2031.5" />
    <tag k="note" v="disagreement 2031.5 m; disagreement; missing_osm" />
    <tag k="name" v="LD8MM" />
  </way>
  <node id="-517" visible="true" lat="66.316101" lon="14.147500">
    <tag k="best_source" v="radioid" />
    <tag k="callsign" v="LD8MR" />
    <tag k="communication:amateur_radio" v="yes" />
    <tag k="communication:amateur_radio:callsign" v="LD8MR" />
    <tag k="communication:amateur_radio:repeater" v="yes" />
    <tag k="communication:amateur_radio:repeater:frequency_out" v="434.85 MHz" />
    <tag k="communication:amateur_radio:repeater:modulation" v="7K60FXE;6K00F7W;9K36F7W" />
    <tag k="communication:amateur_radio:repeater:shift" v="-2 MHz" />
    <tag k="dmr_id" v="242904" />
    <tag k="group" v="Mo i Rana" />
    <tag k="name" v="LD8MR" />
    <tag k="note" v="best position from radioid; missing_osm" />
    <tag k="nrrl:group_page" v="https://nrrl.no/grupper/nordland/mogruppen/" />
    <tag k="qth" v="Mo i Rana/Toraneset" />
    <tag k="website" v="http://la3m.no/" />
  </node>
  <node id="-518" visible="true" lat="68.437500" lon="17.458333">
    <tag k="callsign" v="LD8NA" />
    <tag k="communication:amateur_radio" v="yes" />
    <tag k="communication:amateur_radio:callsign" v="LD8NA" />
    <tag k="communication:amateur_radio:repeater" v="yes" />
    <tag k="communication:amateur_radio:repeater:frequency_out" v="434.775 MHz" />
    <tag k="communication:amateur_radio:repeater:modulation" v="6K00F7W" />
    <tag k="communication:amateur_radio:repeater:shift" v="-2 MHz" />
    <tag k="group" v="Narvik" />
    <tag k="name" v="LD8NA" />
    <tag k="note" v="NRRL locator JP88RK; disagreement" />
    <tag k="nrrl:group_page" v="https://nrrl.no/grupper/nordland/narvikgruppen/" />
    <tag k="qth" v="Narvik/Fjellheisen" />
    <tag k="website" v="http://la1n.no/" />
  </node>
  <node id="-519" visible="true" lat="68.450127" lon="17.459959">
    <tag k="callsign" v="LD8NA" />
    <tag k="communication:amateur_radio" v="yes" />
    <tag k="communication:amateur_radio:callsign" v="LD8NA" />
    <tag k="communication:amateur_radio:repeater" v="yes" />
    <tag k="communication:amateur_radio:repeater:frequency_out" v="434.775 MHz" />
    <tag k="communication:amateur_radio:repeater:modulation" v="6K00F7W" />
    <tag k="communication:amateur_radio:repeater:shift" v="-2 MHz" />
    <tag k="group" v="Narvik" />
    <tag k="name" v="LD8NA" />
    <tag k="note" v="position from osm; disagreement" />
    <tag k="nrrl:group_page" v="https://nrrl.no/grupper/nordland/narvikgruppen/" />
    <tag k="qth" v="Narvik/Fjellheisen" />
    <tag k="website" v="http://la1n.no/" />
  </node>
  <node id="-520" visible="true" lat="68.422600" lon="17.457300">
    <tag k="callsign" v="LD8NA" />
    <tag k="communication:amateur_radio" v="yes" />
    <tag k="communication:amateur_radio:callsign" v="LD8NA" />
    <tag k="communication:amateur_radio:repeater" v="yes" />
    <tag k="communication:amateur_radio:repeater:frequency_out" v="434.775 MHz" />
    <tag k="communication:amateur_radio:repeater:modulation" v="6K00F7W" />
    <tag k="communication:amateur_radio:repeater:shift" v="-2 MHz" />
    <tag k="group" v="Narvik" />
    <tag k="name" v="LD8NA" />
    <tag k="note" v="position from repeaterbook; disagreement" />
    <tag k="nrrl:group_page" v="https://nrrl.no/grupper/nordland/narvikgruppen/" />
    <tag k="qth" v="Narvik/Fjellheisen" />
    <tag k="website" v="http://la1n.no/" />
  </node>
  <way id="-521" visible="true">
    <nd ref="-518" />
    <nd ref="-519" />
    <nd ref="-520" />
    <nd ref="-518" />
    <tag k="callsign" v="LD8NA" />
    <tag k="max_disagreement_m" v="3062.8" />
    <tag k="note" v="disagreement 3062.8 m; disagreement" />
    <tag k="name" v="LD8NA" />
  </way>
  <node id="-522" visible="true" lat="68.432500" lon="18.071333">
    <tag k="best_source" v="aprsfi" />
    <tag k="callsign" v="LD8NB" />
    <tag k="communication:amateur_radio" v="yes" />
    <tag k="communication:amateur_radio:callsign" v="LD8NB" />
    <tag k="communication:amateur_radio:repeater" v="yes" />
    <tag k="communication:amateur_radio:repeater:frequency_out" v="144.8 MHz" />
    <tag k="communication:amateur_radio:repeater:modulation" v="20K0F2D" />
    <tag k="group" v="Narvik" />
    <tag k="name" v="LD8NB" />
    <tag k="note" v="best position from aprsfi; missing_osm; missing_repeaterbook" />
    <tag k="nrrl:group_page" v="https://nrrl.no/grupper/nordland/narvikgruppen/" />
    <tag k="qth" v="Narvik/Bjørnfjell" />
    <tag k="website" v="http://la1n.no/" />
  </node>
  <node id="-523" visible="true" lat="66.212667" lon="13.053667">
    <tag k="best_source" v="aprsfi" />
    <tag k="callsign" v="LD8NK" />
    <tag k="communication:amateur_radio" v="yes" />
    <tag k="communication:amateur_radio:callsign" v="LD8NK" />
    <tag k="communication:amateur_radio:repeater" v="yes" />
    <tag k="communication:amateur_radio:repeater:frequency_out" v="144.8 MHz" />
    <tag k="communication:amateur_radio:repeater:modulation" v="20K0F2D" />
    <tag k="group" v="Mo i Rana" />
    <tag k="name" v="LD8NK" />
    <tag k="note" v="best position from aprsfi; missing_osm; missing_repeaterbook" />
    <tag k="nrrl:group_page" v="https://nrrl.no/grupper/nordland/mogruppen/" />
    <tag k="qth" v="Nesna/Kvassnes" />
    <tag k="website" v="http://la3m.no/" />
  </node>
  <node id="-524" visible="true" lat="66.212502" lon="13.053500">
    <tag k="best_source" v="radioid" />
    <tag k="callsign" v="LD8NN" />
    <tag k="communication:amateur_radio" v="yes" />
    <tag k="communication:amateur_radio:callsign" v="LD8NN" />
    <tag k="communication:amateur_radio:repeater" v="yes" />
    <tag k="communication:amateur_radio:repeater:frequency_out" v="433.275 MHz" />
    <tag k="communication:amateur_radio:repeater:modulation" v="7K60FXE;6K00F7W;9K36F7W" />
    <tag k="dmr_id" v="242905" />
    <tag k="group" v="Mo i Rana" />
    <tag k="name" v="LD8NN" />
    <tag k="note" v="best position from radioid; missing_osm; missing_repeaterbook" />
    <tag k="nrrl:group_page" v="https://nrrl.no/grupper/nordland/mogruppen/" />
    <tag k="qth" v="Nesna/Kvassnes" />
    <tag k="website" v="http://la3m.no/" />
  </node>
  <node id="-525" visible="true" lat="68.465833" lon="17.240833">
    <tag k="best_source" v="aprsfi" />
    <tag k="callsign" v="LD8NO" />
    <tag k="communication:amateur_radio" v="yes" />
    <tag k="communication:amateur_radio:callsign" v="LD8NO" />
    <tag k="communication:amateur_radio:repeater" v="yes" />
    <tag k="communication:amateur_radio:repeater:frequency_out" v="144.8 MHz" />
    <tag k="communication:amateur_radio:repeater:modulation" v="20K0F2D" />
    <tag k="group" v="Narvik" />
    <tag k="name" v="LD8NO" />
    <tag k="note" v="best position from aprsfi; missing_osm; missing_repeaterbook" />
    <tag k="nrrl:group_page" v="https://nrrl.no/grupper/nordland/narvikgruppen/" />
    <tag k="website" v="http://la1n.no/" />
  </node>
  <node id="-526" visible="true" lat="68.479167" lon="17.458333">
    <tag k="callsign" v="LD8NV" />
    <tag k="communication:amateur_radio" v="yes" />
    <tag k="communication:amateur_radio:callsign" v="LD8NV" />
    <tag k="communication:amateur_radio:repeater" v="yes" />
    <tag k="communication:amateur_radio:repeater:frequency_out" v="144.8 MHz" />
    <tag k="communication:amateur_radio:repeater:modulation" v="20K0F2D" />
    <tag k="group" v="Narvik" />
    <tag k="name" v="LD8NV" />
    <tag k="note" v="NRRL locator JP88RL; disagreement; missing_osm; missing_repeaterbook; outside_locator:aprsfi" />
    <tag k="nrrl:group_page" v="https://nrrl.no/grupper/nordland/narvikgruppen/" />
    <tag k="qth" v="Narvik" />
    <tag k="website" v="http://la1n.no/" />
  </node>
  <node id="-527" visible="true" lat="68.450167" lon="17.460000">
    <tag k="best_source" v="aprsfi" />
    <tag k="callsign" v="LD8NV" />
    <tag k="communication:amateur_radio" v="yes" />
    <tag k="communication:amateur_radio:callsign" v="LD8NV" />
    <tag k="communication:amateur_radio:repeater" v="yes" />
    <tag k="communication:amateur_radio:repeater:frequency_out" v="144.8 MHz" />
    <tag k="communication:amateur_radio:repeater:modulation" v="20K0F2D" />
    <tag k="group" v="Narvik" />
    <tag k="name" v="LD8NV" />
    <tag k="note" v="best position from aprsfi; disagreement; missing_osm; missing_repeaterbook; outside_locator:aprsfi" />
    <tag k="nrrl:group_page" v="https://nrrl.no/grupper/nordland/narvikgruppen/" />
    <tag k="qth" v="Narvik" />
    <tag k="website" v="http://la1n.no/" />
  </node>
  <way id="-528" visible="true">
    <nd ref="-526" />
    <nd ref="-527" />
    <tag k="callsign" v="LD8NV" />
    <tag k="max_disagreement_m" v="3225.4" />
    <tag k="note" v="disagreement 3225.4 m; disagreement; missing_osm; missing_repeaterbook; outside_locator:aprsfi" />
    <tag k="name" v="LD8NV" />
  </way>
  <node id="-529" visible="true" lat="66.425891" lon="15.216682">
    <tag k="best_source" v="osm" />
    <tag k="callsign" v="LD8RA" />
    <tag k="communication:amateur_radio" v="yes" />
    <tag k="communication:amateur_radio:callsign" v="LD8RA" />
    <tag k="communication:amateur_radio:repeater" v="yes" />
    <tag k="communication:amateur_radio:repeater:frequency_out" v="144.8 MHz" />
    <tag k="communication:amateur_radio:repeater:modulation" v="20K0F2D" />
    <tag k="group" v="Mo i Rana" />
    <tag k="name" v="LD8RA" />
    <tag k="note" v="best position from osm; missing_repeaterbook" />
    <tag k="nrrl:group_page" v="https://nrrl.no/grupper/nordland/mogruppen/" />
    <tag k="qth" v="Andfjell" />
    <tag k="website" v="http://la3m.no/" />
  </node>
  <node id="-530" visible="true" lat="67.229167" lon="15.458333">
    <tag k="callsign" v="LD8RS" />
    <tag k="communication:amateur_radio" v="yes" />
    <tag k="communication:amateur_radio:callsign" v="LD8RS" />
    <tag k="communication:amateur_radio:repeater" v="yes" />
    <tag k="communication:amateur_radio:repeater:frequency_out" v="144.8 MHz" />
    <tag k="communication:amateur_radio:repeater:modulation" v="20K0F2D" />
    <tag k="group" v="Fauske" />
    <tag k="name" v="LD8RS" />
    <tag k="note" v="NRRL locator JP77RF; disagreement; missing_osm; missing_repeaterbook; outside_locator:aprsfi" />
    <tag k="nrrl:group_page" v="https://nrrl.no/grupper/nordland/fauskegruppen/" />
    <tag k="qth" v="Raudtind" />
  </node>
  <node id="-531" visible="true" lat="67.179167" lon="15.979000">
    <tag k="best_source" v="aprsfi" />
    <tag k="callsign" v="LD8RS" />
    <tag k="communication:amateur_radio" v="yes" />
    <tag k="communication:amateur_radio:callsign" v="LD8RS" />
    <tag k="communication:amateur_radio:repeater" v="yes" />
    <tag k="communication:amateur_radio:repeater:frequency_out" v="144.8 MHz" />
    <tag k="communication:amateur_radio:repeater:modulation" v="20K0F2D" />
    <tag k="group" v="Fauske" />
    <tag k="name" v="LD8RS" />
    <tag k="note" v="best position from aprsfi; disagreement; missing_osm; missing_repeaterbook; outside_locator:aprsfi" />
    <tag k="nrrl:group_page" v="https://nrrl.no/grupper/nordland/fauskegruppen/" />
    <tag k="qth" v="Raudtind" />
  </node>
  <way id="-532" visible="true">
    <nd ref="-530" />
    <nd ref="-531" />
    <tag k="callsign" v="LD8RS" />
    <tag k="max_disagreement_m" v="23110.2" />
    <tag k="note" v="disagreement 23110.2 m; disagreement; missing_osm; missing_repeaterbook; outside_locator:aprsfi" />
    <tag k="name" v="LD8RS" />
  </way>
  <node id="-533" visible="true" lat="66.006241" lon="12.618011">
    <tag k="best_source" v="radioid" />
    <tag k="callsign" v="LD8SA" />
    <tag k="communication:amateur_radio" v="yes" />
    <tag k="communication:amateur_radio:callsign" v="LD8SA" />
    <tag k="communication:amateur_radio:repeater" v="yes" />
    <tag k="communication:amateur_radio:repeater:frequency_out" v="434.8 MHz" />
    <tag k="communication:amateur_radio:repeater:modulation" v="7K60FXE" />
    <tag k="communication:amateur_radio:repeater:shift" v="-2 MHz" />
    <tag k="dmr_id" v="242903" />
    <tag k="group" v="Sandnessjøen" />
    <tag k="name" v="LD8SA" />
    <tag k="note" v="best position from radioid; missing_osm" />
    <tag k="nrrl:group_page" v="https://nrrl.no/grupper/nordland/sandnessjogruppen/" />
    <tag k="qth" v="Høgåsen/Sandnessjøen" />
  </node>
  <node id="-534" visible="true" lat="67.140000" lon="16.136667">
    <tag k="best_source" v="aprsfi" />
    <tag k="callsign" v="LD8SH" />
    <tag k="communication:amateur_radio" v="yes" />
    <tag k="communication:amateur_radio:callsign" v="LD8SH" />
    <tag k="communication:amateur_radio:repeater" v="yes" />
    <tag k="communication:amateur_radio:repeater:frequency_out" v="144.8 MHz" />
    <tag k="communication:amateur_radio:repeater:modulation" v="20K0F2D" />
    <tag k="group" v="Bodø" />
    <tag k="name" v="LD8SH" />
    <tag k="note" v="best position from aprsfi; missing_osm; missing_repeaterbook" />
    <tag k="nrrl:group_page" v="https://nrrl.no/grupper/nordland/bodogruppen/" />
    <tag k="qth" v="Sulitjelma/Hanken" />
  </node>
  <node id="-535" visible="true" lat="66.006333" lon="12.618000">
    <tag k="best_source" v="aprsfi" />
    <tag k="callsign" v="LD8SS" />
    <tag k="communication:amateur_radio" v="yes" />
    <tag k="communication:amateur_radio:callsign" v="LD8SS" />
    <tag k="communication:amateur_radio:repeater" v="yes" />
    <tag k="communication:amateur_radio:repeater:frequency_out" v="144.8 MHz" />
    <tag k="communication:amateur_radio:repeater:modulation" v="20K0F2D" />
    <tag k="group" v="Sandnessjøen" />
    <tag k="name" v="LD8SS" />
    <tag k="note" v="best position from aprsfi; missing_osm; missing_repeaterbook" />
    <tag k="nrrl:group_page" v="https://nrrl.no/grupper/nordland/sandnessjogruppen/" />
    <tag k="qth" v="Høgåsen/Sandnessjøen" />
  </node>
  <node id="-536" visible="true" lat="68.687500" lon="15.375000">
    <tag k="best_source" v="nrrl_locator" />
    <tag k="callsign" v="LD8VR" />
    <tag k="communication:amateur_radio" v="yes" />
    <tag k="communication:amateur_radio:callsign" v="LD8VR" />
    <tag k="communication:amateur_radio:repeater" v="yes" />
    <tag k="communication:amateur_radio:repeater:frequency_out" v="434.675 MHz" />
    <tag k="communication:amateur_radio:repeater:modulation" v="7K60FXE" />
    <tag k="communication:amateur_radio:repeater:shift" v="-2 MHz" />
    <tag k="dmr_id" v="242020" />
    <tag k="group" v="Vesterålen" />
    <tag k="name" v="LD8VR" />
    <tag k="note" v="best position from nrrl_locator; missing_osm; missing_repeaterbook" />
    <tag k="nrrl:group_page" v="https://nrrl.no/grupper/nordland/vesteralsgruppen/" />
    <tag k="qth" v="Sortland" />
  </node>
  <node id="-537" visible="true" lat="69.127806" lon="18.517556">
    <tag k="best_source" v="local" />
    <tag k="callsign" v="LD9AB" />
    <tag k="communication:amateur_radio" v="yes" />
    <tag k="communication:amateur_radio:callsign" v="LD9AB" />
    <tag k="communication:amateur_radio:repeater" v="yes" />
    <tag k="communication:amateur_radio:repeater:frequency_out" v="144.925 MHz" />
    <tag k="communication:amateur_radio:repeater:modulation" v="20K0F2D" />
    <tag k="fixme" v="operator_override" />
    <tag k="group" v="Midt-Troms" />
    <tag k="name" v="LD9AB" />
    <tag k="note" v="Winlink node on Andsfjell. Source: https://www.la6m.no/andsfjell/; operator override position; missing_repeaterbook" />
    <tag k="nrrl:group_page" v="https://nrrl.no/grupper/troms/midt-tromsgruppen/" />
    <tag k="qth" v="Andsfjellet" />
    <tag k="website" v="http://www.la6m.no/" />
  </node>
  <node id="-538" visible="true" lat="69.127806" lon="18.517556">
    <tag k="best_source" v="local" />
    <tag k="callsign" v="LD9AF" />
    <tag k="communication:amateur_radio" v="yes" />
    <tag k="communication:amateur_radio:callsign" v="LD9AF" />
    <tag k="communication:amateur_radio:repeater" v="yes" />
    <tag k="communication:amateur_radio:repeater:frequency_out" v="144.8 MHz" />
    <tag k="communication:amateur_radio:repeater:modulation" v="20K0F2D" />
    <tag k="fixme" v="operator_override" />
    <tag k="group" v="Midt-Troms" />
    <tag k="name" v="LD9AF" />
    <tag k="note" v="APRS digi on Andsfjell. OSM tower https://www.openstreetmap.org/node/5588496689. Source: https://www.la6m.no/andsfjell/; operator override position; missing_repeaterbook" />
    <tag k="nrrl:group_page" v="https://nrrl.no/grupper/troms/midt-tromsgruppen/" />
    <tag k="qth" v="Andsfjellet" />
    <tag k="website" v="http://www.la6m.no/" />
  </node>
  <node id="-539" visible="true" lat="70.020833" lon="23.125000">
    <tag k="callsign" v="LD9AT" />
    <tag k="communication:amateur_radio" v="yes" />
    <tag k="communication:amateur_radio:callsign" v="LD9AT" />
    <tag k="communication:amateur_radio:repeater" v="yes" />
    <tag k="communication:amateur_radio:repeater:frequency_out" v="144.8 MHz" />
    <tag k="communication:amateur_radio:repeater:modulation" v="20K0F2D" />
    <tag k="group" v="Alta" />
    <tag k="name" v="LD9AT" />
    <tag k="note" v="NRRL locator KQ10NA; disagreement; missing_osm; missing_repeaterbook; outside_locator:aprsfi" />
    <tag k="nrrl:group_page" v="https://nrrl.no/grupper/finnmark/altagruppen/" />
    <tag k="qth" v="Kråknes" />
    <tag k="website" v="http://la5a.no/" />
  </node>
  <node id="-540" visible="true" lat="70.113167" lon="22.933500">
    <tag k="best_source" v="aprsfi" />
    <tag k="callsign" v="LD9AT" />
    <tag k="communication:amateur_radio" v="yes" />
    <tag k="communication:amateur_radio:callsign" v="LD9AT" />
    <tag k="communication:amateur_radio:repeater" v="yes" />
    <tag k="communication:amateur_radio:repeater:frequency_out" v="144.8 MHz" />
    <tag k="communication:amateur_radio:repeater:modulation" v="20K0F2D" />
    <tag k="group" v="Alta" />
    <tag k="name" v="LD9AT" />
    <tag k="note" v="best position from aprsfi; disagreement; missing_osm; missing_repeaterbook; outside_locator:aprsfi" />
    <tag k="nrrl:group_page" v="https://nrrl.no/grupper/finnmark/altagruppen/" />
    <tag k="qth" v="Kråknes" />
    <tag k="website" v="http://la5a.no/" />
  </node>
  <way id="-541" visible="true">
    <nd ref="-539" />
    <nd ref="-540" />
    <tag k="callsign" v="LD9AT" />
    <tag k="max_disagreement_m" v="12574.2" />
    <tag k="note" v="disagreement 12574.2 m; disagreement; missing_osm; missing_repeaterbook; outside_locator:aprsfi" />
    <tag k="name" v="LD9AT" />
  </way>
  <node id="-542" visible="true" lat="68.581333" lon="19.362500">
    <tag k="best_source" v="local" />
    <tag k="callsign" v="LD9AV" />
    <tag k="communication:amateur_radio" v="yes" />
    <tag k="communication:amateur_radio:callsign" v="LD9AV" />
    <tag k="communication:amateur_radio:repeater" v="yes" />
    <tag k="communication:amateur_radio:repeater:frequency_out" v="144.8 MHz" />
    <tag k="communication:amateur_radio:repeater:modulation" v="20K0F2D" />
    <tag k="fixme" v="operator_override" />
    <tag k="group" v="Midt-Troms" />
    <tag k="name" v="LD9AV" />
    <tag k="note" v="Position 68°34.88'N 19°21.75'E.; operator override position; locator_mismatch; missing_osm; missing_repeaterbook" />
    <tag k="nrrl:group_page" v="https://nrrl.no/grupper/troms/midt-tromsgruppen/" />
    <tag k="qth" v="Altevann/Slåttmoberget" />
    <tag k="website" v="http://www.la6m.no/" />
  </node>
  <node id="-543" visible="true" lat="69.216333" lon="19.379500">
    <tag k="best_source" v="aprsfi" />
    <tag k="callsign" v="LD9BA" />
    <tag k="communication:amateur_radio" v="yes" />
    <tag k="communication:amateur_radio:callsign" v="LD9BA" />
    <tag k="communication:amateur_radio:repeater" v="yes" />
    <tag k="communication:amateur_radio:repeater:frequency_out" v="144.8 MHz" />
    <tag k="communication:amateur_radio:repeater:modulation" v="20K0F2D" />
    <tag k="group" v="Midt-Troms" />
    <tag k="name" v="LD9BA" />
    <tag k="note" v="best position from aprsfi; missing_osm; missing_repeaterbook" />
    <tag k="nrrl:group_page" v="https://nrrl.no/grupper/troms/midt-tromsgruppen/" />
    <tag k="qth" v="Varhaugen/Balsfjord" />
    <tag k="website" v="http://www.la6m.no/" />
  </node>
  <node id="-544" visible="true" lat="69.054167" lon="16.525000">
    <tag k="best_source" v="aprsfi" />
    <tag k="callsign" v="LD9BK" />
    <tag k="communication:amateur_radio" v="yes" />
    <tag k="communication:amateur_radio:callsign" v="LD9BK" />
    <tag k="communication:amateur_radio:repeater" v="yes" />
    <tag k="communication:amateur_radio:repeater:frequency_out" v="144.8 MHz" />
    <tag k="communication:amateur_radio:repeater:modulation" v="20K0F2D" />
    <tag k="group" v="Harstad" />
    <tag k="name" v="LD9BK" />
    <tag k="note" v="best position from aprsfi; missing_osm; missing_repeaterbook" />
    <tag k="nrrl:group_page" v="https://nrrl.no/grupper/troms/harstadgruppen/" />
    <tag k="qth" v="Bjarkøy/Krøttøykollen" />
  </node>
  <node id="-545" visible="true" lat="68.770833" lon="16.541667">
    <tag k="best_source" v="nrrl_locator" />
    <tag k="callsign" v="LD9HB" />
    <tag k="communication:amateur_radio" v="yes" />
    <tag k="communication:amateur_radio:callsign" v="LD9HB" />
    <tag k="communication:amateur_radio:repeater" v="yes" />
    <tag k="communication:amateur_radio:repeater:frequency_out" v="70.3125 MHz" />
    <tag k="communication:amateur_radio:repeater:modulation" v="20K0F2D" />
    <tag k="group" v="Harstad" />
    <tag k="name" v="LD9HB" />
    <tag k="note" v="best position from nrrl_locator; missing_osm; missing_repeaterbook" />
    <tag k="nrrl:group_page" v="https://nrrl.no/grupper/troms/harstadgruppen/" />
    <tag k="qth" v="Maistua" />
  </node>
  <node id="-546" visible="true" lat="68.770833" lon="16.541667">
    <tag k="callsign" v="LD9HH" />
    <tag k="communication:amateur_radio" v="yes" />
    <tag k="communication:amateur_radio:callsign" v="LD9HH" />
    <tag k="communication:amateur_radio:repeater" v="yes" />
    <tag k="communication:amateur_radio:repeater:frequency_out" v="144.8 MHz" />
    <tag k="communication:amateur_radio:repeater:modulation" v="20K0F2D" />
    <tag k="group" v="Harstad" />
    <tag k="name" v="LD9HH" />
    <tag k="note" v="NRRL locator JP88GS; disagreement; missing_osm; missing_repeaterbook; outside_locator:aprsfi" />
    <tag k="nrrl:group_page" v="https://nrrl.no/grupper/troms/harstadgruppen/" />
    <tag k="qth" v="Heggenkollen" />
  </node>
  <node id="-547" visible="true" lat="68.750333" lon="16.168500">
    <tag k="best_source" v="aprsfi" />
    <tag k="callsign" v="LD9HH" />
    <tag k="communication:amateur_radio" v="yes" />
    <tag k="communication:amateur_radio:callsign" v="LD9HH" />
    <tag k="communication:amateur_radio:repeater" v="yes" />
    <tag k="communication:amateur_radio:repeater:frequency_out" v="144.8 MHz" />
    <tag k="communication:amateur_radio:repeater:modulation" v="20K0F2D" />
    <tag k="group" v="Harstad" />
    <tag k="name" v="LD9HH" />
    <tag k="note" v="best position from aprsfi; disagreement; missing_osm; missing_repeaterbook; outside_locator:aprsfi" />
    <tag k="nrrl:group_page" v="https://nrrl.no/grupper/troms/harstadgruppen/" />
    <tag k="qth" v="Heggenkollen" />
  </node>
  <way id="-548" visible="true">
    <nd ref="-546" />
    <nd ref="-547" />
    <tag k="callsign" v="LD9HH" />
    <tag k="max_disagreement_m" v="15203.8" />
    <tag k="note" v="disagreement 15203.8 m; disagreement; missing_osm; missing_repeaterbook; outside_locator:aprsfi" />
    <tag k="name" v="LD9HH" />
  </way>
  <node id="-549" visible="true" lat="68.781000" lon="16.205833">
    <tag k="best_source" v="aprsfi" />
    <tag k="callsign" v="LD9HK" />
    <tag k="communication:amateur_radio" v="yes" />
    <tag k="communication:amateur_radio:callsign" v="LD9HK" />
    <tag k="communication:amateur_radio:repeater" v="yes" />
    <tag k="communication:amateur_radio:repeater:frequency_out" v="144.8 MHz" />
    <tag k="communication:amateur_radio:repeater:modulation" v="20K0F2D" />
    <tag k="group" v="Harstad" />
    <tag k="name" v="LD9HK" />
    <tag k="note" v="best position from aprsfi; missing_osm; missing_repeaterbook" />
    <tag k="nrrl:group_page" v="https://nrrl.no/grupper/troms/harstadgruppen/" />
    <tag k="qth" v="Kvæfjord" />
  </node>
  <node id="-550" visible="true" lat="68.761410" lon="16.519510">
    <tag k="best_source" v="radioid" />
    <tag k="callsign" v="LD9HM" />
    <tag k="communication:amateur_radio" v="yes" />
    <tag k="communication:amateur_radio:callsign" v="LD9HM" />
    <tag k="communication:amateur_radio:repeater" v="yes" />
    <tag k="communication:amateur_radio:repeater:frequency_out" v="434.8 MHz" />
    <tag k="communication:amateur_radio:repeater:modulation" v="7K60FXE" />
    <tag k="communication:amateur_radio:repeater:shift" v="-2 MHz" />
    <tag k="group" v="Harstad" />
    <tag k="name" v="LD9HM" />
    <tag k="note" v="best position from radioid; missing_osm; missing_repeaterbook" />
    <tag k="nrrl:group_page" v="https://nrrl.no/grupper/troms/harstadgruppen/" />
    <tag k="qth" v="Maistua" />
  </node>
  <node id="-551" visible="true" lat="70.680122" lon="23.675731">
    <tag k="best_source" v="osm" />
    <tag k="callsign" v="LD9HN" />
    <tag k="communication:amateur_radio" v="yes" />
    <tag k="communication:amateur_radio:callsign" v="LD9HN" />
    <tag k="communication:amateur_radio:repeater" v="yes" />
    <tag k="communication:amateur_radio:repeater:frequency_out" v="144.8 MHz" />
    <tag k="communication:amateur_radio:repeater:modulation" v="20K0F2D" />
    <tag k="group" v="Nordkapp" />
    <tag k="name" v="LD9HN" />
    <tag k="note" v="best position from osm; missing_repeaterbook" />
    <tag k="nrrl:group_page" v="https://nrrl.no/grupper/finnmark/nordkappgruppen/" />
    <tag k="qth" v="Hammerfest" />
  </node>
  <node id="-552" visible="true" lat="68.803576" lon="16.369273">
    <tag k="best_source" v="osm" />
    <tag k="callsign" v="LD9HO" />
    <tag k="communication:amateur_radio" v="yes" />
    <tag k="communication:amateur_radio:callsign" v="LD9HO" />
    <tag k="communication:amateur_radio:repeater" v="yes" />
    <tag k="communication:amateur_radio:repeater:frequency_out" v="144.8 MHz" />
    <tag k="communication:amateur_radio:repeater:modulation" v="20K0F2D" />
    <tag k="group" v="Harstad" />
    <tag k="name" v="LD9HO" />
    <tag k="note" v="best position from osm; missing_repeaterbook" />
    <tag k="nrrl:group_page" v="https://nrrl.no/grupper/troms/harstadgruppen/" />
    <tag k="qth" v="Sollifjell" />
  </node>
  <node id="-553" visible="true" lat="68.809536" lon="16.525714">
    <tag k="best_source" v="osm" />
    <tag k="callsign" v="LD9HR" />
    <tag k="communication:amateur_radio" v="yes" />
    <tag k="communication:amateur_radio:callsign" v="LD9HR" />
    <tag k="communication:amateur_radio:repeater" v="yes" />
    <tag k="communication:amateur_radio:repeater:frequency_out" v="434.675 MHz" />
    <tag k="communication:amateur_radio:repeater:modulation" v="7K60FXE" />
    <tag k="communication:amateur_radio:repeater:shift" v="-2 MHz" />
    <tag k="dmr_id" v="242910" />
    <tag k="group" v="Harstad" />
    <tag k="name" v="LD9HR" />
    <tag k="note" v="best position from osm; missing_repeaterbook" />
    <tag k="nrrl:group_page" v="https://nrrl.no/grupper/troms/harstadgruppen/" />
    <tag k="qth" v="Samaåsen" />
  </node>
  <node id="-554" visible="true" lat="70.473833" lon="22.159000">
    <tag k="best_source" v="aprsfi" />
    <tag k="callsign" v="LD9HS" />
    <tag k="communication:amateur_radio" v="yes" />
    <tag k="communication:amateur_radio:callsign" v="LD9HS" />
    <tag k="communication:amateur_radio:repeater" v="yes" />
    <tag k="communication:amateur_radio:repeater:frequency_out" v="144.8 MHz" />
    <tag k="communication:amateur_radio:repeater:modulation" v="20K0F2D" />
    <tag k="group" v="Alta" />
    <tag k="name" v="LD9HS" />
    <tag k="note" v="best position from aprsfi; missing_osm; missing_repeaterbook" />
    <tag k="nrrl:group_page" v="https://nrrl.no/grupper/finnmark/altagruppen/" />
    <tag k="qth" v="Hasvik/Sørøya" />
    <tag k="website" v="http://la5a.no/" />
  </node>
  <node id="-555" visible="true" lat="69.312500" lon="17.708333">
    <tag k="best_source" v="nrrl_locator" />
    <tag k="callsign" v="LD9HT" />
    <tag k="communication:amateur_radio" v="yes" />
    <tag k="communication:amateur_radio:callsign" v="LD9HT" />
    <tag k="communication:amateur_radio:repeater" v="yes" />
    <tag k="communication:amateur_radio:repeater:frequency_out" v="70.3125 MHz" />
    <tag k="communication:amateur_radio:repeater:modulation" v="20K0F2D" />
    <tag k="group" v="Harstad" />
    <tag k="name" v="LD9HT" />
    <tag k="note" v="best position from nrrl_locator; missing_osm; missing_repeaterbook" />
    <tag k="nrrl:group_page" v="https://nrrl.no/grupper/troms/harstadgruppen/" />
    <tag k="qth" v="Nattmålstind/Senja" />
  </node>
  <node id="-556" visible="true" lat="68.770833" lon="16.125000">
    <tag k="best_source" v="nrrl_locator" />
    <tag k="callsign" v="LD9KB" />
    <tag k="communication:amateur_radio" v="yes" />
    <tag k="communication:amateur_radio:callsign" v="LD9KB" />
    <tag k="communication:amateur_radio:repeater" v="yes" />
    <tag k="communication:amateur_radio:repeater:frequency_out" v="434.975 MHz" />
    <tag k="communication:amateur_radio:repeater:modulation" v="7K60FXE" />
    <tag k="communication:amateur_radio:repeater:shift" v="-2 MHz" />
    <tag k="dmr_id" v="242913" />
    <tag k="group" v="Harstad" />
    <tag k="name" v="LD9KB" />
    <tag k="note" v="best position from nrrl_locator; missing_osm; missing_repeaterbook" />
    <tag k="nrrl:group_page" v="https://nrrl.no/grupper/troms/harstadgruppen/" />
    <tag k="qth" v="Kvæfjord" />
  </node>
  <node id="-557" visible="true" lat="68.770833" lon="16.125000">
    <tag k="callsign" v="LD9KK" />
    <tag k="communication:amateur_radio" v="yes" />
    <tag k="communication:amateur_radio:callsign" v="LD9KK" />
    <tag k="communication:amateur_radio:repeater" v="yes" />
    <tag k="communication:amateur_radio:repeater:frequency_out" v="144.8 MHz" />
    <tag k="communication:amateur_radio:repeater:modulation" v="20K0F2D" />
    <tag k="group" v="Harstad" />
    <tag k="name" v="LD9KK" />
    <tag k="note" v="NRRL locator JP88BS; disagreement; missing_osm; missing_repeaterbook; outside_locator:aprsfi" />
    <tag k="nrrl:group_page" v="https://nrrl.no/grupper/troms/harstadgruppen/" />
    <tag k="qth" v="Kvæfjord/Kveøy" />
  </node>
  <node id="-558" visible="true" lat="68.750333" lon="16.168500">
    <tag k="best_source" v="aprsfi" />
    <tag k="callsign" v="LD9KK" />
    <tag k="communication:amateur_radio" v="yes" />
    <tag k="communication:amateur_radio:callsign" v="LD9KK" />
    <tag k="communication:amateur_radio:repeater" v="yes" />
    <tag k="communication:amateur_radio:repeater:frequency_out" v="144.8 MHz" />
    <tag k="communication:amateur_radio:repeater:modulation" v="20K0F2D" />
    <tag k="group" v="Harstad" />
    <tag k="name" v="LD9KK" />
    <tag k="note" v="best position from aprsfi; disagreement; missing_osm; missing_repeaterbook; outside_locator:aprsfi" />
    <tag k="nrrl:group_page" v="https://nrrl.no/grupper/troms/harstadgruppen/" />
    <tag k="qth" v="Kvæfjord/Kveøy" />
  </node>
  <way id="-559" visible="true">
    <nd ref="-557" />
    <nd ref="-558" />
    <tag k="callsign" v="LD9KK" />
    <tag k="max_disagreement_m" v="2875.2" />
    <tag k="note" v="disagreement 2875.2 m; disagreement; missing_osm; missing_repeaterbook; outside_locator:aprsfi" />
    <tag k="name" v="LD9KK" />
  </way>
  <node id="-560" visible="true" lat="69.644833" lon="20.326833">
    <tag k="best_source" v="aprsfi" />
    <tag k="callsign" v="LD9LY" />
    <tag k="communication:amateur_radio" v="yes" />
    <tag k="communication:amateur_radio:callsign" v="LD9LY" />
    <tag k="communication:amateur_radio:repeater" v="yes" />
    <tag k="communication:amateur_radio:repeater:frequency_out" v="144.8 MHz" />
    <tag k="communication:amateur_radio:repeater:modulation" v="20K0F2D" />
    <tag k="group" v="Tromsø" />
    <tag k="name" v="LD9LY" />
    <tag k="note" v="best position from aprsfi; missing_osm; missing_repeaterbook" />
    <tag k="nrrl:group_page" v="https://nrrl.no/grupper/troms/tromsogruppen/" />
    <tag k="qth" v="Årøybukt/Lyngen" />
    <tag k="website" v="https://www.la3t.no/" />
  </node>
  <node id="-561" visible="true" lat="69.145833" lon="18.541667">
    <tag k="callsign" v="LD9MB" />
    <tag k="communication:amateur_radio" v="yes" />
    <tag k="communication:amateur_radio:callsign" v="LD9MB" />
    <tag k="communication:amateur_radio:repeater" v="yes" />
    <tag k="communication:amateur_radio:repeater:frequency_out" v="70.3125 MHz" />
    <tag k="communication:amateur_radio:repeater:modulation" v="20K0F2D" />
    <tag k="group" v="Harstad" />
    <tag k="name" v="LD9MB" />
    <tag k="note" v="NRRL locator JP99GD; disagreement; missing_repeaterbook" />
    <tag k="nrrl:group_page" v="https://nrrl.no/grupper/troms/harstadgruppen/" />
    <tag k="qth" v="Andsfjell" />
  </node>
  <node id="-562" visible="true" lat="69.127806" lon="18.517556">
    <tag k="callsign" v="LD9MB" />
    <tag k="communication:amateur_radio" v="yes" />
    <tag k="communication:amateur_radio:callsign" v="LD9MB" />
    <tag k="communication:amateur_radio:repeater" v="yes" />
    <tag k="communication:amateur_radio:repeater:frequency_out" v="70.3125 MHz" />
    <tag k="communication:amateur_radio:repeater:modulation" v="20K0F2D" />
    <tag k="group" v="Harstad" />
    <tag k="name" v="LD9MB" />
    <tag k="note" v="position from osm; disagreement; missing_repeaterbook" />
    <tag k="nrrl:group_page" v="https://nrrl.no/grupper/troms/harstadgruppen/" />
    <tag k="qth" v="Andsfjell" />
  </node>
  <way id="-563" visible="true">
    <nd ref="-561" />
    <nd ref="-562" />
    <tag k="callsign" v="LD9MB" />
    <tag k="max_disagreement_m" v="2220.4" />
    <tag k="note" v="disagreement 2220.4 m; disagreement; missing_repeaterbook" />
    <tag k="name" v="LD9MB" />
  </way>
  <node id="-564" visible="true" lat="68.650500" lon="17.762667">
    <tag k="best_source" v="aprsfi" />
    <tag k="callsign" v="LD9NG" />
    <tag k="communication:amateur_radio" v="yes" />
    <tag k="communication:amateur_radio:callsign" v="LD9NG" />
    <tag k="communication:amateur_radio:repeater" v="yes" />
    <tag k="communication:amateur_radio:repeater:frequency_out" v="144.8 MHz" />
    <tag k="communication:amateur_radio:repeater:modulation" v="20K0F2D" />
    <tag k="group" v="Narvik" />
    <tag k="name" v="LD9NG" />
    <tag k="note" v="best position from aprsfi; missing_osm; missing_repeaterbook" />
    <tag k="nrrl:group_page" v="https://nrrl.no/grupper/nordland/narvikgruppen/" />
    <tag k="qth" v="Gratangen" />
    <tag k="website" v="http://la1n.no/" />
  </node>
  <node id="-565" visible="true" lat="70.984564" lon="25.899981">
    <tag k="best_source" v="osm" />
    <tag k="callsign" v="LD9NK" />
    <tag k="communication:amateur_radio" v="yes" />
    <tag k="communication:amateur_radio:callsign" v="LD9NK" />
    <tag k="communication:amateur_radio:repeater" v="yes" />
    <tag k="communication:amateur_radio:repeater:frequency_out" v="144.8 MHz" />
    <tag k="communication:amateur_radio:repeater:modulation" v="20K0F2D" />
    <tag k="group" v="Nordkapp" />
    <tag k="name" v="LD9NK" />
    <tag k="note" v="best position from osm; missing_repeaterbook" />
    <tag k="nrrl:group_page" v="https://nrrl.no/grupper/finnmark/nordkappgruppen/" />
    <tag k="qth" v="Honningsvågfjell" />
  </node>
  <node id="-566" visible="true" lat="68.520833" lon="15.208333">
    <tag k="callsign" v="LD9SH" />
    <tag k="communication:amateur_radio" v="yes" />
    <tag k="communication:amateur_radio:callsign" v="LD9SH" />
    <tag k="communication:amateur_radio:repeater" v="yes" />
    <tag k="communication:amateur_radio:repeater:frequency_out" v="144.8 MHz" />
    <tag k="communication:amateur_radio:repeater:modulation" v="20K0F2D" />
    <tag k="group" v="Vesterålen" />
    <tag k="name" v="LD9SH" />
    <tag k="note" v="NRRL locator JP78OM; disagreement; missing_osm; missing_repeaterbook; outside_locator:aprsfi" />
    <tag k="nrrl:group_page" v="https://nrrl.no/grupper/nordland/vesteralsgruppen/" />
    <tag k="qth" v="Storeheia/Hadsel" />
  </node>
  <node id="-567" visible="true" lat="68.544333" lon="14.871667">
    <tag k="best_source" v="aprsfi" />
    <tag k="callsign" v="LD9SH" />
    <tag k="communication:amateur_radio" v="yes" />
    <tag k="communication:amateur_radio:callsign" v="LD9SH" />
    <tag k="communication:amateur_radio:repeater" v="yes" />
    <tag k="communication:amateur_radio:repeater:frequency_out" v="144.8 MHz" />
    <tag k="communication:amateur_radio:repeater:modulation" v="20K0F2D" />
    <tag k="group" v="Vesterålen" />
    <tag k="name" v="LD9SH" />
    <tag k="note" v="best position from aprsfi; disagreement; missing_osm; missing_repeaterbook; outside_locator:aprsfi" />
    <tag k="nrrl:group_page" v="https://nrrl.no/grupper/nordland/vesteralsgruppen/" />
    <tag k="qth" v="Storeheia/Hadsel" />
  </node>
  <way id="-568" visible="true">
    <nd ref="-566" />
    <nd ref="-567" />
    <tag k="callsign" v="LD9SH" />
    <tag k="max_disagreement_m" v="13947.3" />
    <tag k="note" v="disagreement 13947.3 m; disagreement; missing_osm; missing_repeaterbook; outside_locator:aprsfi" />
    <tag k="name" v="LD9SH" />
  </way>
  <node id="-569" visible="true" lat="69.322000" lon="17.724000">
    <tag k="best_source" v="aprsfi" />
    <tag k="callsign" v="LD9SJ" />
    <tag k="communication:amateur_radio" v="yes" />
    <tag k="communication:amateur_radio:callsign" v="LD9SJ" />
    <tag k="communication:amateur_radio:repeater" v="yes" />
    <tag k="communication:amateur_radio:repeater:frequency_out" v="144.8 MHz" />
    <tag k="communication:amateur_radio:repeater:modulation" v="20K0F2D" />
    <tag k="group" v="Midt-Troms" />
    <tag k="name" v="LD9SJ" />
    <tag k="note" v="best position from aprsfi; missing_osm; missing_repeaterbook" />
    <tag k="nrrl:group_page" v="https://nrrl.no/grupper/troms/midt-tromsgruppen/" />
    <tag k="qth" v="Nattmålstind/Senja" />
    <tag k="website" v="http://www.la6m.no/" />
  </node>
  <node id="-570" visible="true" lat="68.187500" lon="14.625000">
    <tag k="callsign" v="LD9SV" />
    <tag k="communication:amateur_radio" v="yes" />
    <tag k="communication:amateur_radio:callsign" v="LD9SV" />
    <tag k="communication:amateur_radio:repeater" v="yes" />
    <tag k="communication:amateur_radio:repeater:frequency_out" v="144.8 MHz" />
    <tag k="communication:amateur_radio:repeater:modulation" v="20K0F2D" />
    <tag k="group" v="Harstad" />
    <tag k="name" v="LD9SV" />
    <tag k="note" v="NRRL locator JP78HE; disagreement; missing_osm; missing_repeaterbook" />
    <tag k="nrrl:group_page" v="https://nrrl.no/grupper/troms/harstadgruppen/" />
    <tag k="qth" v="Skrova" />
  </node>
  <node id="-571" visible="true" lat="68.168833" lon="14.660333">
    <tag k="best_source" v="aprsfi" />
    <tag k="callsign" v="LD9SV" />
    <tag k="communication:amateur_radio" v="yes" />
    <tag k="communication:amateur_radio:callsign" v="LD9SV" />
    <tag k="communication:amateur_radio:repeater" v="yes" />
    <tag k="communication:amateur_radio:repeater:frequency_out" v="144.8 MHz" />
    <tag k="communication:amateur_radio:repeater:modulation" v="20K0F2D" />
    <tag k="group" v="Harstad" />
    <tag k="name" v="LD9SV" />
    <tag k="note" v="best position from aprsfi; disagreement; missing_osm; missing_repeaterbook" />
    <tag k="nrrl:group_page" v="https://nrrl.no/grupper/troms/harstadgruppen/" />
    <tag k="qth" v="Skrova" />
  </node>
  <way id="-572" visible="true">
    <nd ref="-570" />
    <nd ref="-571" />
    <tag k="callsign" v="LD9SV" />
    <tag k="max_disagreement_m" v="2538.0" />
    <tag k="note" v="disagreement 2538.0 m; disagreement; missing_osm; missing_repeaterbook" />
    <tag k="name" v="LD9SV" />
  </way>
  <node id="-573" visible="true" lat="69.656930" lon="18.926890">
    <tag k="best_source" v="osm" />
    <tag k="callsign" v="LD9TB" />
    <tag k="communication:amateur_radio" v="yes" />
    <tag k="communication:amateur_radio:callsign" v="LD9TB" />
    <tag k="communication:amateur_radio:repeater" v="yes" />
    <tag k="communication:amateur_radio:repeater:frequency_out" v="70.3125 MHz" />
    <tag k="communication:amateur_radio:repeater:modulation" v="20K0F2D" />
    <tag k="group" v="Harstad" />
    <tag k="name" v="LD9TB" />
    <tag k="note" v="best position from osm; missing_repeaterbook" />
    <tag k="nrrl:group_page" v="https://nrrl.no/grupper/troms/harstadgruppen/" />
    <tag k="qth" v="Tromsø" />
  </node>
  <node id="-574" visible="true" lat="69.645833" lon="18.958333">
    <tag k="callsign" v="LD9TD" />
    <tag k="communication:amateur_radio" v="yes" />
    <tag k="communication:amateur_radio:callsign" v="LD9TD" />
    <tag k="communication:amateur_radio:repeater" v="yes" />
    <tag k="communication:amateur_radio:repeater:frequency_out" v="144.8 MHz" />
    <tag k="communication:amateur_radio:repeater:modulation" v="20K0F2D" />
    <tag k="group" v="Tromsø" />
    <tag k="name" v="LD9TD" />
    <tag k="note" v="NRRL locator JP99LP; disagreement; missing_osm; missing_repeaterbook; outside_locator:aprsfi" />
    <tag k="nrrl:group_page" v="https://nrrl.no/grupper/troms/tromsogruppen/" />
    <tag k="qth" v="Fjellheisen" />
    <tag k="website" v="https://www.la3t.no/" />
  </node>
  <node id="-575" visible="true" lat="69.620167" lon="18.999000">
    <tag k="best_source" v="aprsfi" />
    <tag k="callsign" v="LD9TD" />
    <tag k="communication:amateur_radio" v="yes" />
    <tag k="communication:amateur_radio:callsign" v="LD9TD" />
    <tag k="communication:amateur_radio:repeater" v="yes" />
    <tag k="communication:amateur_radio:repeater:frequency_out" v="144.8 MHz" />
    <tag k="communication:amateur_radio:repeater:modulation" v="20K0F2D" />
    <tag k="group" v="Tromsø" />
    <tag k="name" v="LD9TD" />
    <tag k="note" v="best position from aprsfi; disagreement; missing_osm; missing_repeaterbook; outside_locator:aprsfi" />
    <tag k="nrrl:group_page" v="https://nrrl.no/grupper/troms/tromsogruppen/" />
    <tag k="qth" v="Fjellheisen" />
    <tag k="website" v="https://www.la3t.no/" />
  </node>
  <way id="-576" visible="true">
    <nd ref="-574" />
    <nd ref="-575" />
    <tag k="callsign" v="LD9TD" />
    <tag k="max_disagreement_m" v="3259.2" />
    <tag k="note" v="disagreement 3259.2 m; disagreement; missing_osm; missing_repeaterbook; outside_locator:aprsfi" />
    <tag k="name" v="LD9TD" />
  </way>
  <node id="-577" visible="true" lat="69.433333" lon="20.153333">
    <tag k="best_source" v="aprsfi" />
    <tag k="callsign" v="LD9TF" />
    <tag k="communication:amateur_radio" v="yes" />
    <tag k="communication:amateur_radio:callsign" v="LD9TF" />
    <tag k="communication:amateur_radio:repeater" v="yes" />
    <tag k="communication:amateur_radio:repeater:frequency_out" v="144.8 MHz" />
    <tag k="communication:amateur_radio:repeater:modulation" v="20K0F2D" />
    <tag k="group" v="Tromsø" />
    <tag k="name" v="LD9TF" />
    <tag k="note" v="best position from aprsfi; missing_osm; missing_repeaterbook" />
    <tag k="nrrl:group_page" v="https://nrrl.no/grupper/troms/tromsogruppen/" />
    <tag k="qth" v="Furuflaten" />
    <tag k="website" v="https://www.la3t.no/" />
  </node>
  <node id="-578" visible="true" lat="69.733722" lon="18.787253">
    <tag k="best_source" v="osm" />
    <tag k="callsign" v="LD9TK" />
    <tag k="communication:amateur_radio" v="yes" />
    <tag k="communication:amateur_radio:callsign" v="LD9TK" />
    <tag k="communication:amateur_radio:repeater" v="yes" />
    <tag k="communication:amateur_radio:repeater:frequency_out" v="144.8 MHz" />
    <tag k="communication:amateur_radio:repeater:modulation" v="20K0F2D" />
    <tag k="group" v="Tromsø" />
    <tag k="name" v="LD9TK" />
    <tag k="note" v="best position from osm; missing_repeaterbook" />
    <tag k="nrrl:group_page" v="https://nrrl.no/grupper/troms/tromsogruppen/" />
    <tag k="qth" v="Kjølen" />
    <tag k="website" v="https://www.la3t.no/" />
  </node>
  <node id="-579" visible="true" lat="69.645833" lon="19.041667">
    <tag k="callsign" v="LD9TN" />
    <tag k="communication:amateur_radio" v="yes" />
    <tag k="communication:amateur_radio:callsign" v="LD9TN" />
    <tag k="communication:amateur_radio:repeater" v="yes" />
    <tag k="communication:amateur_radio:repeater:frequency_out" v="434.8 MHz" />
    <tag k="communication:amateur_radio:repeater:modulation" v="7K60FXE" />
    <tag k="communication:amateur_radio:repeater:shift" v="-2 MHz" />
    <tag k="dmr_id" v="242922" />
    <tag k="group" v="Tromsø" />
    <tag k="name" v="LD9TN" />
    <tag k="note" v="NRRL locator JP99MP; disagreement; missing_osm; outside_locator:radioid; outside_locator:repeaterbook" />
    <tag k="nrrl:group_page" v="https://nrrl.no/grupper/troms/tromsogruppen/" />
    <tag k="qth" v="Fløyfjellet" />
    <tag k="website" v="https://www.la3t.no/" />
  </node>
  <node id="-580" visible="true" lat="69.633400" lon="18.848640">
    <tag k="callsign" v="LD9TN" />
    <tag k="communication:amateur_radio" v="yes" />
    <tag k="communication:amateur_radio:callsign" v="LD9TN" />
    <tag k="communication:amateur_radio:repeater" v="yes" />
    <tag k="communication:amateur_radio:repeater:frequency_out" v="434.8 MHz" />
    <tag k="communication:amateur_radio:repeater:modulation" v="7K60FXE" />
    <tag k="communication:amateur_radio:repeater:shift" v="-2 MHz" />
    <tag k="dmr_id" v="242922" />
    <tag k="group" v="Tromsø" />
    <tag k="name" v="LD9TN" />
    <tag k="note" v="position from radioid; disagreement; missing_osm; outside_locator:radioid; outside_locator:repeaterbook" />
    <tag k="nrrl:group_page" v="https://nrrl.no/grupper/troms/tromsogruppen/" />
    <tag k="qth" v="Fløyfjellet" />
    <tag k="website" v="https://www.la3t.no/" />
  </node>
  <node id="-581" visible="true" lat="69.649200" lon="18.925800">
    <tag k="callsign" v="LD9TN" />
    <tag k="communication:amateur_radio" v="yes" />
    <tag k="communication:amateur_radio:callsign" v="LD9TN" />
    <tag k="communication:amateur_radio:repeater" v="yes" />
    <tag k="communication:amateur_radio:repeater:frequency_out" v="434.8 MHz" />
    <tag k="communication:amateur_radio:repeater:modulation" v="7K60FXE" />
    <tag k="communication:amateur_radio:repeater:shift" v="-2 MHz" />
    <tag k="dmr_id" v="242922" />
    <tag k="group" v="Tromsø" />
    <tag k="name" v="LD9TN" />
    <tag k="note" v="position from repeaterbook; disagreement; missing_osm; outside_locator:radioid; outside_locator:repeaterbook" />
    <tag k="nrrl:group_page" v="https://nrrl.no/grupper/troms/tromsogruppen/" />
    <tag k="qth" v="Fløyfjellet" />
    <tag k="website" v="https://www.la3t.no/" />
  </node>
  <way id="-582" visible="true">
    <nd ref="-579" />
    <nd ref="-580" />
    <nd ref="-581" />
    <nd ref="-579" />
    <tag k="callsign" v="LD9TN" />
    <tag k="max_disagreement_m" v="7594.6" />
    <tag k="note" v="disagreement 7594.6 m; disagreement; missing_osm; outside_locator:radioid; outside_locator:repeaterbook" />
    <tag k="name" v="LD9TN" />
  </way>
  <node id="-583" visible="true" lat="69.718169" lon="19.129153">
    <tag k="best_source" v="osm" />
    <tag k="callsign" v="LD9TT" />
    <tag k="communication:amateur_radio" v="yes" />
    <tag k="communication:amateur_radio:callsign" v="LD9TT" />
    <tag k="communication:amateur_radio:repeater" v="yes" />
    <tag k="communication:amateur_radio:repeater:frequency_out" v="144.8 MHz" />
    <tag k="communication:amateur_radio:repeater:modulation" v="20K0F2D" />
    <tag k="group" v="Tromsø" />
    <tag k="name" v="LD9TT" />
    <tag k="note" v="best position from osm; missing_repeaterbook" />
    <tag k="nrrl:group_page" v="https://nrrl.no/grupper/troms/tromsogruppen/" />
    <tag k="qth" v="Tønsnes" />
    <tag k="website" v="https://www.la3t.no/" />
  </node>
  <node id="-584" visible="true" lat="70.188167" lon="19.731333">
    <tag k="best_source" v="aprsfi" />
    <tag k="callsign" v="LD9VN" />
    <tag k="communication:amateur_radio" v="yes" />
    <tag k="communication:amateur_radio:callsign" v="LD9VN" />
    <tag k="communication:amateur_radio:repeater" v="yes" />
    <tag k="communication:amateur_radio:repeater:frequency_out" v="144.8 MHz" />
    <tag k="communication:amateur_radio:repeater:modulation" v="20K0F2D" />
    <tag k="group" v="Tromsø" />
    <tag k="name" v="LD9VN" />
    <tag k="note" v="best position from aprsfi; missing_osm; missing_repeaterbook" />
    <tag k="nrrl:group_page" v="https://nrrl.no/grupper/troms/tromsogruppen/" />
    <tag k="qth" v="Vannøy/Kvalkjeften" />
    <tag k="website" v="https://www.la3t.no/" />
  </node>
  <node id="1011896359" version="8" visible="true" action="modify" changeset="189847435" timestamp="2026-10-01T20:41:20Z" user="Visaman" uid="237638" lat="60.2298669" lon="10.6066179">
    <tag k="callsign" v="LA5MR" />
    <tag k="communication:amateur_radio:callsign" v="LA5MR" />
    <tag k="communication:amateur_radio:repeater" v="yes" />
    <tag k="communication:amateur_radio:repeater:ctcss" v="88.5" />
    <tag k="communication:amateur_radio:repeater:frequency_out" v="145.6375" />
    <tag k="communication:amateur_radio:repeater:modulation" v="11K2F3E" />
    <tag k="communication:mobile_phone" v="yes" />
    <tag k="description" v="Bislingen" />
    <tag k="ele" v="683" />
    <tag k="height" v="25" />
    <tag k="man_made" v="mast" />
    <tag k="name" v="LA5MR" />
    <tag k="network" v="LA5MR" />
    <tag k="osm_relation" v="relation/18780801" />
    <tag k="ref:hinder" v="69510" />
    <tag k="source" v="Kartverket Luftfartshindre" />
    <tag k="tower:type" v="communication" />
  </node>
  <node id="11540556760" version="3" visible="true" action="modify" changeset="174673638" timestamp="2025-11-15T05:05:30Z" user="roleohibachi" uid="10076920" lat="59.0313230" lon="9.9634540">
    <tag k="callsign" v="LA3SRR" />
    <tag k="communication:amateur_radio" v="yes" />
    <tag k="communication:amateur_radio:callsign" v="LA3SRR" />
    <tag k="communication:amateur_radio:repeater" v="yes" />
    <tag k="communication:amateur_radio:repeater:ctcss" v="74.4" />
    <tag k="communication:amateur_radio:repeater:frequency_out" v="145.275 MHz" />
    <tag k="communication:amateur_radio:repeater:modulation" v="11K2F3E" />
    <tag k="communication:amateur_radio:repeater:shift" v="-0.6 MHz" />
    <tag k="ele" v="165" />
    <tag k="group" v="Sandefjord" />
    <tag k="height" v="26" />
    <tag k="man_made" v="mast" />
    <tag k="name" v="LA3SRR" />
    <tag k="network" v="Fylkesnettet" />
    <tag k="note" v="Fylkesnettet. OSM node/11540556760 (LA3SRR). NRRL still listed this as crossband.; locator_mismatch" />
    <tag k="nrrl:group_page" v="https://nrrl.no/grupper/vestfold/sandefjordgruppen/" />
    <tag k="osm_relation" v="relation/18788322" />
    <tag k="ref:hinder" v="93604" />
    <tag k="tower:type" v="communication" />
  </node>
  <node id="1199576872" version="8" visible="true" action="modify" changeset="109724110" timestamp="2021-08-16T04:55:43Z" user="NKA" uid="3497659" lat="68.4211439" lon="17.4809228">
    <tag k="aeroway:light" v="obstacle" />
    <tag k="aeroway:light:character" v="fixed" />
    <tag k="aeroway:light:colour" v="red" />
    <tag k="callsign" v="LA5WR" />
    <tag k="communication:amateur_radio" v="yes" />
    <tag k="communication:amateur_radio:callsign" v="LA5WR" />
    <tag k="communication:amateur_radio:repeater" v="yes" />
    <tag k="communication:amateur_radio:repeater:ctcss" v="123" />
    <tag k="communication:amateur_radio:repeater:frequency_out" v="434.75 MHz" />
    <tag k="communication:amateur_radio:repeater:modulation" v="11K2F3E;9K36F7W" />
    <tag k="communication:amateur_radio:repeater:shift" v="-2 MHz" />
    <tag k="communication:microwave" v="yes" />
    <tag k="communication:mobile_phone" v="yes" />
    <tag k="communication:television" v="yes" />
    <tag k="dmr_id" v="242950" />
    <tag k="ele" v="1015" />
    <tag k="group" v="Narvik" />
    <tag k="height" v="65" />
    <tag k="man_made" v="communications_tower" />
    <tag k="name" v="LA5WR" />
    <tag k="note" v="Narvik hovedsender. OSM node/1199576872." />
    <tag k="nrrl:group_page" v="https://nrrl.no/grupper/nordland/narvikgruppen/" />
    <tag k="ref:hinder" v="1386" />
    <tag k="source" v="Kartverket Luftfartshindre" />
    <tag k="tower:construction" v="freestanding" />
    <tag k="tower:type" v="communication" />
    <tag k="website" v="http://la1n.no/" />
  </node>
  <node id="1252172835" version="3" visible="true" action="modify" changeset="36229824" timestamp="2015-12-28T21:19:52Z" user="Visaman" uid="237638" lat="60.3763376" lon="11.1588579">
    <tag k="callsign" v="LD2EM" />
    <tag k="communication:amateur_radio" v="yes" />
    <tag k="communication:amateur_radio:callsign" v="LD2EM" />
    <tag k="communication:amateur_radio:repeater" v="yes" />
    <tag k="communication:amateur_radio:repeater:frequency_out" v="145.575 MHz" />
    <tag k="communication:amateur_radio:repeater:modulation" v="6K00F7W" />
    <tag k="communication:amateur_radio:repeater:shift" v="-0.6 MHz" />
    <tag k="communications_transponder:access" v="public" />
    <tag k="communications_transponder:modulation" v="D-Star" />
    <tag k="communications_transponder:service" v="amateur" />
    <tag k="dmr_id" v="242104" />
    <tag k="group" v="Gardermoen" />
    <tag k="man_made" v="communications_transponder" />
    <tag k="name" v="LD2EM" />
    <tag k="note" v="disagreement" />
    <tag k="nrrl:group_page" v="https://nrrl.no/grupper/akershus/gardermogruppen/" />
    <tag k="operator" v="Gardermogruppen LA2G" />
    <tag k="website" v="https://www.la2g.no/" />
  </node>
  <node id="12635462528" version="4" visible="true" action="modify" changeset="189847435" timestamp="2026-10-01T20:41:20Z" user="Visaman" uid="237638" lat="61.2532188" lon="8.2030446">
    <tag k="callsign" v="LA5MR" />
    <tag k="communication:amateur_radio" v="yes" />
    <tag k="communication:amateur_radio:callsign" v="LA5MR" />
    <tag k="communication:amateur_radio:repeater" v="yes" />
    <tag k="communication:amateur_radio:repeater:ctcss" v="88.5" />
    <tag k="communication:amateur_radio:repeater:frequency_out" v="145.625 MHz" />
    <tag k="communication:amateur_radio:repeater:modulation" v="11K2F3E" />
    <tag k="communication:amateur_radio:repeater:shift" v="-0.6 MHz" />
    <tag k="ele" v="1096" />
    <tag k="group" v="Innlandsnettet" />
    <tag k="man_made" v="communications_tower" />
    <tag k="name" v="LA5MR" />
    <tag k="network" v="LA5MR" />
    <tag k="note" v="Høykorset / Totenåsen. OSM node/1705107664 (LA5MR, LD2GI). Not on Bagn node/2641537344.; OSM network member (node/12635462528); osm_network:LA5MR" />
    <tag k="nrrl:group_page" v="https://nrrl.no/grupper/innlandet/sambandstjenesten-innlandet/" />
    <tag k="osm_relation" v="relation/18780801" />
  </node>
  <node id="12640560650" version="2" visible="true" action="modify" changeset="174673638" timestamp="2025-11-15T05:05:30Z" user="roleohibachi" uid="10076920" lat="59.8569683" lon="8.6486478">
    <tag k="callsign" v="LA3GRR" />
    <tag k="communication:amateur_radio" v="yes" />
    <tag k="communication:amateur_radio:callsign" v="LA3GRR" />
    <tag k="communication:amateur_radio:repeater" v="yes" />
    <tag k="communication:amateur_radio:repeater:ctcss" v="74.4" />
    <tag k="communication:amateur_radio:repeater:frequency_out" v="145.6125 MHz" />
    <tag k="communication:amateur_radio:repeater:modulation" v="11K2F3E" />
    <tag k="communication:amateur_radio:repeater:shift" v="-0.6 MHz" />
    <tag k="communication:radio" v="yes" />
    <tag k="group" v="Grenland" />
    <tag k="height" v="5" />
    <tag k="man_made" v="mast" />
    <tag k="name" v="LA3GRR" />
    <tag k="network" v="Fylkesnettet" />
    <tag k="note" v="Fylkesnettet. OSM mast node/12640560650 (LA3GRR)." />
    <tag k="nrrl:group_page" v="https://nrrl.no/grupper/telemark/grenlandgruppen/" />
    <tag k="osm_relation" v="relation/18788322" />
    <tag k="tower:type" v="communication" />
  </node>
  <node id="12666508830" version="2" visible="true" action="modify" changeset="174673638" timestamp="2025-11-15T05:05:30Z" user="roleohibachi" uid="10076920" lat="60.4109067" lon="5.3611484">
    <tag k="callsign" v="LA5BR" />
    <tag k="communication:amateur_radio" v="yes" />
    <tag k="communication:amateur_radio:callsign" v="LA5BR" />
    <tag k="communication:amateur_radio:repeater" v="yes" />
    <tag k="communication:amateur_radio:repeater:ctcss" v="97.4" />
    <tag k="communication:amateur_radio:repeater:frequency_out" v="145.75 MHz" />
    <tag k="communication:amateur_radio:repeater:modulation" v="11K2F3E" />
    <tag k="communication:amateur_radio:repeater:shift" v="-0.6 MHz" />
    <tag k="group" v="Bergen" />
    <tag k="man_made" v="antenna" />
    <tag k="name" v="LA5BR" />
    <tag k="nrrl:group_page" v="https://nrrl.no/grupper/vestland/bergensgruppen/" />
    <tag k="operator" v="LA1B" />
    <tag k="source" v="https://www.la1b.no/la5br/" />
    <tag k="website" v="https://www.la1b.no/" />
  </node>
  <node id="12666540760" version="2" visible="true" action="modify" changeset="174673638" timestamp="2025-11-15T05:05:30Z" user="roleohibachi" uid="10076920" lat="60.6940567" lon="6.4139664">
    <tag k="callsign" v="LA6WR" />
    <tag k="communication:amateur_radio" v="yes" />
    <tag k="communication:amateur_radio:callsign" v="LA6WR" />
    <tag k="communication:amateur_radio:repeater" v="yes" />
    <tag k="communication:amateur_radio:repeater:ctcss" v="123" />
    <tag k="communication:amateur_radio:repeater:frequency_out" v="145.725 MHz" />
    <tag k="communication:amateur_radio:repeater:modulation" v="11K2F3E" />
    <tag k="communication:amateur_radio:repeater:shift" v="-0.6 MHz" />
    <tag k="group" v="Voss" />
    <tag k="man_made" v="antenna" />
    <tag k="name" v="LA6WR" />
    <tag k="network" v="Bergen-voss" />
    <tag k="note" v="Bergen-voss member. OSM node/12666540760 (Lønahorgi)." />
    <tag k="source" v="https://www.la1b.no/la5lrr/" />
  </node>
  <node id="12744834761" version="2" visible="true" action="modify" changeset="174673638" timestamp="2025-11-15T05:05:30Z" user="roleohibachi" uid="10076920" lat="60.7288728" lon="10.7051873">
    <tag k="callsign" v="LA2DRR" />
    <tag k="communication:amateur_radio" v="yes" />
    <tag k="communication:amateur_radio:callsign" v="LA2DRR" />
    <tag k="communication:amateur_radio:repeater" v="yes" />
    <tag k="communication:amateur_radio:repeater:frequency_out" v="434.825 MHz" />
    <tag k="communication:amateur_radio:repeater:modulation" v="7K60FXE" />
    <tag k="communication:amateur_radio:repeater:shift" v="-2 MHz" />
    <tag k="dmr_id" v="242603" />
    <tag k="group" v="Gjøvik og Toten" />
    <tag k="height" v="12" />
    <tag k="man_made" v="mast" />
    <tag k="name" v="LA2DRR" />
    <tag k="note" v="missing_repeaterbook" />
    <tag k="nrrl:group_page" v="https://nrrl.no/grupper/innlandet/gjovik-og-totengruppa/" />
    <tag k="operator" v="LA6ETA" />
    <tag k="source" v="http://www.la5g.no/" />
    <tag k="website" v="https://www.la5g.no/" />
  </node>
  <node id="13003985929" version="1" visible="true" action="modify" changeset="169005461" timestamp="2025-07-16T10:18:05Z" user="Branite" uid="19770772" lat="78.1494045" lon="16.6582591">
    <tag k="callsign" v="JW9SRR" />
    <tag k="communication:amateur_radio" v="yes" />
    <tag k="communication:amateur_radio:callsign" v="JW9SRR" />
    <tag k="communication:amateur_radio:repeater" v="yes" />
    <tag k="communication:amateur_radio:repeater:ctcss" v="91.5" />
    <tag k="communication:amateur_radio:repeater:frequency_out" v="145.6 MHz" />
    <tag k="communication:amateur_radio:repeater:modulation" v="11K2F3E" />
    <tag k="communication:amateur_radio:repeater:shift" v="-0.6 MHz" />
    <tag k="group" v="Svalbard" />
    <tag k="man_made" v="mast" />
    <tag k="name" v="JW9SRR" />
    <tag k="note" v="OSM mast node/13003985929 (Skolten)." />
    <tag k="nrrl:group_page" v="https://nrrl.no/grupper/svalbard-og-jan-mayen/svalbardgruppen/" />
    <tag k="tower:type" v="communication" />
    <tag k="website" v="http://jw5e.com/" />
  </node>
  <node id="13509300056" version="2" visible="true" action="modify" changeset="182283670" timestamp="2026-05-06T08:28:23Z" user="_nikita" uid="20028978" lat="59.4210549" lon="5.3352939">
    <tag k="callsign" v="LA8LR" />
    <tag k="communication:amateur_radio" v="yes" />
    <tag k="communication:amateur_radio:callsign" v="LA8LR" />
    <tag k="communication:amateur_radio:repeater" v="yes" />
    <tag k="communication:amateur_radio:repeater:frequency_out" v="145.65 MHz" />
    <tag k="communication:amateur_radio:repeater:modulation" v="11K2F3E" />
    <tag k="communication:amateur_radio:repeater:shift" v="-0.6 MHz" />
    <tag k="communication:amateur_radio:repeater:toneburst" v="1750" />
    <tag k="communication:radio" v="yes" />
    <tag k="group" v="Haugaland" />
    <tag k="image" v="https://la4c.manglet.net/wp-content/uploads/2020-la5vr-ii.jpg" />
    <tag k="man_made" v="mast" />
    <tag k="name" v="LA8LR" />
    <tag k="note" v="disagreement; outside_locator:osm; outside_locator:repeaterbook" />
    <tag k="nrrl:group_page" v="https://nrrl.no/grupper/rogaland/haugalandgruppen/" />
    <tag k="tower:type" v="communication" />
  </node>
  <node id="14228508489" version="2" visible="true" action="modify" changeset="189847435" timestamp="2026-10-01T20:41:20Z" user="Visaman" uid="237638" lat="60.3242222" lon="12.1383250">
    <tag k="callsign" v="LA2XRR" />
    <tag k="communication:amateur_radio" v="yes" />
    <tag k="communication:amateur_radio:callsign" v="LA2XRR" />
    <tag k="communication:amateur_radio:repeater" v="yes" />
    <tag k="communication:amateur_radio:repeater:ctcss" v="71.9" />
    <tag k="communication:amateur_radio:repeater:frequency_out" v="145.7125 MHz" />
    <tag k="communication:amateur_radio:repeater:modulation" v="11K2F3E" />
    <tag k="communication:amateur_radio:repeater:shift" v="-0.6 MHz" />
    <tag k="group" v="Kongsvinger" />
    <tag k="name" v="LA2XRR" />
    <tag k="note" v="Rafjellet. Co-located with mast node/5576656337." />
    <tag k="nrrl:group_page" v="https://nrrl.no/grupper/innlandet/kongsvingergruppen/" />
    <tag k="website" v="https://www.la7v.org/" />
  </node>
  <node id="14228591010" version="2" visible="true" action="modify" changeset="189847435" timestamp="2026-10-01T20:41:20Z" user="Visaman" uid="237638" lat="60.3242222" lon="12.1383250">
    <tag k="callsign" v="LD2KF" />
    <tag k="communication:amateur_radio" v="yes" />
    <tag k="communication:amateur_radio:callsign" v="LD2KF" />
    <tag k="communication:amateur_radio:repeater" v="yes" />
    <tag k="communication:amateur_radio:repeater:frequency_out" v="144.8 MHz" />
    <tag k="communication:amateur_radio:repeater:modulation" v="20K0F2D" />
    <tag k="group" v="Kongsvinger" />
    <tag k="name" v="LD2KF" />
    <tag k="note" v="Rafjellet. Co-located with mast node/5576656337.; missing_repeaterbook" />
    <tag k="nrrl:group_page" v="https://nrrl.no/grupper/innlandet/kongsvingergruppen/" />
    <tag k="website" v="https://www.la7v.org/" />
  </node>
  <node id="14228591011" version="2" visible="true" action="modify" changeset="189847435" timestamp="2026-10-01T20:41:20Z" user="Visaman" uid="237638" lat="60.3242222" lon="12.1383250">
    <tag k="callsign" v="LD2KR" />
    <tag k="communication:amateur_radio" v="yes" />
    <tag k="communication:amateur_radio:callsign" v="LD2KR" />
    <tag k="communication:amateur_radio:repeater" v="yes" />
    <tag k="communication:amateur_radio:repeater:ctcss" v="71.9" />
    <tag k="communication:amateur_radio:repeater:frequency_out" v="434.5625 MHz" />
    <tag k="communication:amateur_radio:repeater:modulation" v="11K2F3E" />
    <tag k="communication:amateur_radio:repeater:shift" v="-2 MHz" />
    <tag k="group" v="Kongsvinger" />
    <tag k="name" v="LD2KR" />
    <tag k="note" v="Rafjellet. Co-located with mast node/5576656337." />
    <tag k="nrrl:group_page" v="https://nrrl.no/grupper/innlandet/kongsvingergruppen/" />
    <tag k="website" v="https://www.la7v.org/" />
  </node>
  <node id="14262214693" version="2" visible="true" action="modify" changeset="190172699" timestamp="2026-10-07T23:38:52Z" user="Visaman" uid="237638" lat="60.3456669" lon="5.3755633">
    <tag k="callsign" v="LA5CRR" />
    <tag k="communication:amateur_radio" v="yes" />
    <tag k="communication:amateur_radio:callsign" v="LA5CRR" />
    <tag k="communication:amateur_radio:repeater" v="yes" />
    <tag k="communication:amateur_radio:repeater:frequency_in" v="433.05 MHz" />
    <tag k="communication:amateur_radio:repeater:frequency_out" v="144.65 MHz" />
    <tag k="communication:amateur_radio:repeater:modulation" v="11K2F3E" />
    <tag k="group" v="Bergen" />
    <tag k="name" v="LA5CRR" />
    <tag k="network" v="Bergen-voss" />
    <tag k="note" v="Bergen-voss member. OSM node/14262214693 (Østre Nattlansfjell).; missing_repeaterbook" />
    <tag k="nrrl:group_page" v="https://nrrl.no/grupper/vestland/bergensgruppen/" />
    <tag k="website" v="https://www.la1b.no/" />
  </node>
  <node id="14266618782" version="1" visible="true" action="modify" changeset="190234228" timestamp="2026-10-09T06:17:29Z" user="Visaman" uid="237638" lat="58.4351932" lon="5.8723500">
    <tag k="callsign" v="LA4ERR" />
    <tag k="communication:amateur_radio" v="yes" />
    <tag k="communication:amateur_radio:callsign" v="LA4ERR" />
    <tag k="communication:amateur_radio:repeater" v="yes" />
    <tag k="communication:amateur_radio:repeater:ctcss" v="123" />
    <tag k="communication:amateur_radio:repeater:frequency_out" v="434.875 MHz" />
    <tag k="communication:amateur_radio:repeater:modulation" v="11K2F3E" />
    <tag k="communication:amateur_radio:repeater:shift" v="-2 MHz" />
    <tag k="group" v="Sandnes" />
    <tag k="name" v="LA4ERR" />
    <tag k="network" v="Sandnes net" />
    <tag k="note" v="Sandnes net member. OSM node/14266618782 (Egerøy)." />
    <tag k="nrrl:group_page" v="https://nrrl.no/grupper/rogaland/sandnesgruppen/" />
    <tag k="website" v="https://la9s.no/" />
  </node>
  <node id="14266618786" version="1" visible="true" action="modify" changeset="190234228" timestamp="2026-10-09T06:17:29Z" user="Visaman" uid="237638" lat="58.6331472" lon="5.9547389">
    <tag k="callsign" v="LA4SRR" />
    <tag k="communication:amateur_radio" v="yes" />
    <tag k="communication:amateur_radio:callsign" v="LA4SRR" />
    <tag k="communication:amateur_radio:repeater" v="yes" />
    <tag k="communication:amateur_radio:repeater:ctcss" v="79.7" />
    <tag k="communication:amateur_radio:repeater:frequency_out" v="145.7125 MHz" />
    <tag k="communication:amateur_radio:repeater:modulation" v="11K2F3E" />
    <tag k="communication:amateur_radio:repeater:shift" v="-0.6 MHz" />
    <tag k="group" v="Sandnes" />
    <tag k="name" v="LA4SRR" />
    <tag k="network" v="Sandnes net" />
    <tag k="note" v="Sandnes net member. OSM node/14266618786 (Bjerkreim)." />
    <tag k="nrrl:group_page" v="https://nrrl.no/grupper/rogaland/sandnesgruppen/" />
    <tag k="website" v="https://la9s.no/" />
  </node>
  <node id="14266675291" version="1" visible="true" action="modify" changeset="190235520" timestamp="2026-10-09T06:53:06Z" user="Visaman" uid="237638" lat="59.5464656" lon="10.1963617">
    <tag k="callsign" v="LA6HR" />
    <tag k="communication:amateur_radio" v="yes" />
    <tag k="communication:amateur_radio:callsign" v="LA6HR" />
    <tag k="communication:amateur_radio:repeater" v="yes" />
    <tag k="communication:amateur_radio:repeater:ctcss" v="74.4" />
    <tag k="communication:amateur_radio:repeater:frequency_out" v="434.65 MHz" />
    <tag k="communication:amateur_radio:repeater:modulation" v="11K2F3E;7K60FXE" />
    <tag k="communication:amateur_radio:repeater:shift" v="-2 MHz" />
    <tag k="dmr_id" v="242803" />
    <tag k="group" v="Horten" />
    <tag k="name" v="LA6HR" />
    <tag k="network" v="Fylkesnettet" />
    <tag k="note" v="Fylkesnettet member. OSM node/14266675291 (co-located Hvittingen with LA3XRR)." />
    <tag k="nrrl:group_page" v="https://nrrl.no/grupper/vestfold/hortengruppen/" />
    <tag k="osm_relation" v="relation/18788322" />
    <tag k="website" v="https://www.la2z.no/" />
  </node>
  <node id="14266724832" version="1" visible="true" action="modify" changeset="190235003" timestamp="2026-10-09T06:38:51Z" user="Visaman" uid="237638" lat="58.2190000" lon="7.8519700">
    <tag k="callsign" v="LA4ARR" />
    <tag k="communication:amateur_radio" v="yes" />
    <tag k="communication:amateur_radio:callsign" v="LA4ARR" />
    <tag k="communication:amateur_radio:repeater" v="yes" />
    <tag k="communication:amateur_radio:repeater:ctcss" v="123" />
    <tag k="communication:amateur_radio:repeater:frequency_out" v="434.9375 MHz" />
    <tag k="communication:amateur_radio:repeater:modulation" v="11K2F3E" />
    <tag k="communication:amateur_radio:repeater:shift" v="-2 MHz" />
    <tag k="group" v="Kristiansand" />
    <tag k="name" v="LA4ARR" />
    <tag k="network" v="Agder net" />
    <tag k="note" v="Agder net member. OSM node/14266724832." />
    <tag k="nrrl:group_page" v="https://nrrl.no/grupper/agder/kristiansandsgruppen/" />
    <tag k="website" v="https://www.la9k.net/" />
  </node>
  <node id="14266724834" version="1" visible="true" action="modify" changeset="190235003" timestamp="2026-10-09T06:38:51Z" user="Visaman" uid="237638" lat="58.1327250" lon="8.0065540">
    <tag k="callsign" v="LA4ORR" />
    <tag k="communication:amateur_radio" v="yes" />
    <tag k="communication:amateur_radio:callsign" v="LA4ORR" />
    <tag k="communication:amateur_radio:repeater" v="yes" />
    <tag k="communication:amateur_radio:repeater:ctcss" v="123" />
    <tag k="communication:amateur_radio:repeater:frequency_out" v="145.6125 MHz" />
    <tag k="communication:amateur_radio:repeater:modulation" v="11K2F3E" />
    <tag k="communication:amateur_radio:repeater:shift" v="-0.6 MHz" />
    <tag k="group" v="Kristiansand" />
    <tag k="name" v="LA4ORR" />
    <tag k="network" v="Agder net" />
    <tag k="note" v="Agder net member. OSM node/14266724834." />
    <tag k="nrrl:group_page" v="https://nrrl.no/grupper/agder/kristiansandsgruppen/" />
    <tag k="website" v="https://www.la9k.net/" />
  </node>
  <node id="14266724836" version="1" visible="true" action="modify" changeset="190235003" timestamp="2026-10-09T06:38:51Z" user="Visaman" uid="237638" lat="58.4636990" lon="8.7667000">
    <tag k="callsign" v="LA5AR" />
    <tag k="communication:amateur_radio" v="yes" />
    <tag k="communication:amateur_radio:callsign" v="LA5AR" />
    <tag k="communication:amateur_radio:repeater" v="yes" />
    <tag k="communication:amateur_radio:repeater:ctcss" v="123" />
    <tag k="communication:amateur_radio:repeater:frequency_out" v="145.7 MHz" />
    <tag k="communication:amateur_radio:repeater:modulation" v="11K2F3E" />
    <tag k="communication:amateur_radio:repeater:shift" v="-0.6 MHz" />
    <tag k="group" v="Arendal" />
    <tag k="name" v="LA5AR" />
    <tag k="network" v="Agder net" />
    <tag k="note" v="Agder net member. OSM node/14266724836." />
    <tag k="nrrl:group_page" v="https://nrrl.no/grupper/agder/arendalsgruppen/" />
  </node>
  <node id="14266724838" version="1" visible="true" action="modify" changeset="190235003" timestamp="2026-10-09T06:38:51Z" user="Visaman" uid="237638" lat="58.9950221" lon="7.7347827">
    <tag k="callsign" v="LA6JR" />
    <tag k="communication:amateur_radio" v="yes" />
    <tag k="communication:amateur_radio:callsign" v="LA6JR" />
    <tag k="communication:amateur_radio:repeater" v="yes" />
    <tag k="communication:amateur_radio:repeater:ctcss" v="123" />
    <tag k="communication:amateur_radio:repeater:frequency_out" v="145.6 MHz" />
    <tag k="communication:amateur_radio:repeater:modulation" v="11K2F3E" />
    <tag k="communication:amateur_radio:repeater:shift" v="-0.6 MHz" />
    <tag k="group" v="Kristiansand" />
    <tag k="name" v="LA6JR" />
    <tag k="network" v="Agder net" />
    <tag k="note" v="Agder net member. OSM node/14266724838." />
    <tag k="nrrl:group_page" v="https://nrrl.no/grupper/agder/kristiansandsgruppen/" />
    <tag k="website" v="https://www.la9k.net/" />
  </node>
  <node id="14266724839" version="1" visible="true" action="modify" changeset="190235003" timestamp="2026-10-09T06:38:51Z" user="Visaman" uid="237638" lat="58.2190000" lon="7.8519700">
    <tag k="callsign" v="LA6KR" />
    <tag k="communication:amateur_radio" v="yes" />
    <tag k="communication:amateur_radio:callsign" v="LA6KR" />
    <tag k="communication:amateur_radio:repeater" v="yes" />
    <tag k="communication:amateur_radio:repeater:ctcss" v="123" />
    <tag k="communication:amateur_radio:repeater:frequency_out" v="145.75 MHz" />
    <tag k="communication:amateur_radio:repeater:modulation" v="11K2F3E" />
    <tag k="communication:amateur_radio:repeater:shift" v="-0.6 MHz" />
    <tag k="group" v="Kristiansand" />
    <tag k="name" v="LA6KR" />
    <tag k="network" v="Agder net" />
    <tag k="note" v="Agder net member. OSM node/14266724839." />
    <tag k="nrrl:group_page" v="https://nrrl.no/grupper/agder/kristiansandsgruppen/" />
    <tag k="website" v="https://www.la9k.net/" />
  </node>
  <node id="1473491257" version="6" visible="true" action="modify" changeset="189847435" timestamp="2026-10-01T20:41:20Z" user="Visaman" uid="237638" lat="60.8457632" lon="10.8961777">
    <tag k="callsign" v="LA5MR" />
    <tag k="communication:amateur_radio" v="yes" />
    <tag k="communication:amateur_radio:callsign" v="LA5MR" />
    <tag k="communication:amateur_radio:repeater" v="yes" />
    <tag k="communication:amateur_radio:repeater:ctcss" v="88.5" />
    <tag k="communication:amateur_radio:repeater:frequency_out" v="145.625 MHz" />
    <tag k="communication:amateur_radio:repeater:modulation" v="11K2F3E" />
    <tag k="communication:amateur_radio:repeater:shift" v="-0.6 MHz" />
    <tag k="communication:mobile_phone" v="yes" />
    <tag k="ele" v="446" />
    <tag k="group" v="Innlandsnettet" />
    <tag k="man_made" v="mast" />
    <tag k="name" v="LA5MR" />
    <tag k="network" v="LA5MR" />
    <tag k="note" v="Høykorset / Totenåsen. OSM node/1705107664 (LA5MR, LD2GI). Not on Bagn node/2641537344.; OSM network member (node/1473491257); osm_network:LA5MR" />
    <tag k="nrrl:group_page" v="https://nrrl.no/grupper/innlandet/sambandstjenesten-innlandet/" />
    <tag k="osm_relation" v="relation/18780801" />
    <tag k="source" v="Kartverket Luftfartshindre" />
    <tag k="tower:type" v="communication" />
  </node>
  <node id="1639205778" version="9" visible="true" action="modify" changeset="90099728" timestamp="2020-08-28T20:53:39Z" user="NKA" uid="3497659" lat="65.8210467" lon="13.1874788">
    <tag k="aeroway:light" v="obstacle" />
    <tag k="aeroway:light:character" v="fixed" />
    <tag k="aeroway:light:colour" v="red" />
    <tag k="callsign" v="LA8VRR" />
    <tag k="communication:amateur_radio" v="yes" />
    <tag k="communication:amateur_radio:callsign" v="LA8VRR" />
    <tag k="communication:amateur_radio:repeater" v="yes" />
    <tag k="communication:amateur_radio:repeater:frequency_in" v="433.025 MHz" />
    <tag k="communication:amateur_radio:repeater:frequency_out" v="144.65 MHz" />
    <tag k="communication:amateur_radio:repeater:modulation" v="11K2F3E" />
    <tag k="communication:amateur_radio:repeater:toneburst" v="1750" />
    <tag k="communication:mobile_phone" v="yes" />
    <tag k="description" v="Mosjøen/Storfjellet" />
    <tag k="designation" v="2G, 3G" />
    <tag k="ele" v="418" />
    <tag k="group" v="Mosjøen" />
    <tag k="height" v="30" />
    <tag k="man_made" v="mast" />
    <tag k="name" v="LA8VRR" />
    <tag k="note" v="disagreement; outside_locator:repeaterbook" />
    <tag k="nrrl:group_page" v="https://nrrl.no/grupper/nordland/mosjoengruppen/" />
    <tag k="ref:hinder" v="1244" />
    <tag k="source" v="Kartverket Luftfartshindre" />
    <tag k="tower:type" v="communication" />
    <tag k="website" v="http://www.la2w.no/" />
  </node>
  <node id="1640276661" version="14" visible="true" action="modify" changeset="189847435" timestamp="2026-10-01T20:41:20Z" user="Visaman" uid="237638" lat="60.5695830" lon="10.9379810">
    <tag k="callsign" v="LA6GR" />
    <tag k="communication:amateur_radio" v="yes" />
    <tag k="communication:amateur_radio:callsign" v="LA6GR" />
    <tag k="communication:amateur_radio:repeater" v="yes" />
    <tag k="communication:amateur_radio:repeater:ctcss" v="71.9" />
    <tag k="communication:amateur_radio:repeater:frequency_out" v="434.75 MHz" />
    <tag k="communication:amateur_radio:repeater:modulation" v="11K2F3E" />
    <tag k="communication:amateur_radio:repeater:shift" v="-2 MHz" />
    <tag k="communication:mobile_phone" v="yes" />
    <tag k="description" v="Totenåsen" />
    <tag k="ele" v="841" />
    <tag k="group" v="Innlandsnettet" />
    <tag k="height" v="33" />
    <tag k="man_made" v="mast" />
    <tag k="name" v="LA6GR" />
    <tag k="network" v="LA5MR" />
    <tag k="note" v="Torseterkampen; missing_repeaterbook" />
    <tag k="nrrl:group_page" v="https://nrrl.no/grupper/innlandet/sambandstjenesten-innlandet/" />
    <tag k="osm_relation" v="relation/18780801" />
    <tag k="ref:hinder" v="69505" />
    <tag k="source" v="Kartverket Luftfartshindre" />
    <tag k="tower:type" v="communication" />
  </node>
  <node id="1702633586" version="4" visible="true" action="modify" changeset="184881362" timestamp="2026-06-30T22:21:35Z" user="km2bp" uid="3610826" lat="59.7560200" lon="10.2044600">
    <tag k="callsign" v="LD3DV" />
    <tag k="communication:amateur_radio" v="yes" />
    <tag k="communication:amateur_radio:callsign" v="LD3DV" />
    <tag k="communication:amateur_radio:repeater" v="yes" />
    <tag k="communication:amateur_radio:repeater:frequency_out" v="434.525 MHz" />
    <tag k="communication:amateur_radio:repeater:modulation" v="7K60FXE" />
    <tag k="communication:amateur_radio:repeater:shift" v="-2 MHz" />
    <tag k="dmr_id" v="242650" />
    <tag k="group" v="Drammen" />
    <tag k="image" v="https://photos.app.goo.gl/YyYANeZ98L2UvQwy6" />
    <tag k="man_made" v="mast" />
    <tag k="mapillary" v="201914051776869" />
    <tag k="name" v="LD3DV" />
    <tag k="note" v="Vardåsen / Drammen." />
    <tag k="nrrl:group_page" v="https://nrrl.no/grupper/buskerud/drammengruppen/" />
    <tag k="tower:type" v="communication" />
  </node>
  <node id="1705107664" version="13" visible="true" action="modify" changeset="189847435" timestamp="2026-10-01T20:41:20Z" user="Visaman" uid="237638" lat="60.4781659" lon="10.6018219">
    <tag k="aeroway:light" v="obstacle" />
    <tag k="aeroway:light:character" v="fixed" />
    <tag k="aeroway:light:colour" v="red" />
    <tag k="callsign" v="LA5MR" />
    <tag k="communication:amateur_radio" v="yes" />
    <tag k="communication:amateur_radio:callsign" v="LA5MR" />
    <tag k="communication:amateur_radio:repeater" v="yes" />
    <tag k="communication:amateur_radio:repeater:ctcss" v="88.5" />
    <tag k="communication:amateur_radio:repeater:frequency_out" v="145.625 MHz" />
    <tag k="communication:amateur_radio:repeater:modulation" v="11K2F3E" />
    <tag k="communication:amateur_radio:repeater:shift" v="-0.6 MHz" />
    <tag k="communication:microwave" v="yes" />
    <tag k="communication:mobile_phone" v="yes" />
    <tag k="ele" v="741" />
    <tag k="group" v="Innlandsnettet" />
    <tag k="height" v="78" />
    <tag k="man_made" v="tower" />
    <tag k="name" v="LA5MR" />
    <tag k="network" v="LA5MR" />
    <tag k="note" v="Høykorset / Totenåsen. OSM node/1705107664 (LA5MR, LD2GI). Not on Bagn node/2641537344.; osm_network:LA5MR" />
    <tag k="nrrl:group_page" v="https://nrrl.no/grupper/innlandet/sambandstjenesten-innlandet/" />
    <tag k="operator" v="Telenor" />
    <tag k="osm_relation" v="relation/18780801" />
    <tag k="ref:hinder" v="3398" />
    <tag k="source" v="Kartverket Luftfartshindre" />
    <tag k="tower:construction" v="lattice" />
    <tag k="tower:type" v="communication" />
  </node>
  <node id="1964429111" version="10" visible="true" action="modify" changeset="174673638" timestamp="2025-11-15T05:05:30Z" user="roleohibachi" uid="10076920" lat="59.5464681" lon="10.1963562">
    <tag k="aeroway:light" v="obstacle" />
    <tag k="aeroway:light:character" v="fixed" />
    <tag k="aeroway:light:colour" v="red" />
    <tag k="aeroway:light:icao_type" v="B" />
    <tag k="aeroway:light:intensity" v="low" />
    <tag k="callsign" v="LA3XRR" />
    <tag k="communication:amateur_radio" v="yes" />
    <tag k="communication:amateur_radio:callsign" v="LA3XRR" />
    <tag k="communication:amateur_radio:repeater" v="yes" />
    <tag k="communication:amateur_radio:repeater:ctcss" v="74.4" />
    <tag k="communication:amateur_radio:repeater:frequency_out" v="145.225 MHz" />
    <tag k="communication:amateur_radio:repeater:modulation" v="11K2F3E" />
    <tag k="communication:amateur_radio:repeater:shift" v="-0.6 MHz" />
    <tag k="communication:microwave" v="yes" />
    <tag k="communication:mobile_phone" v="yes" />
    <tag k="communication:television" v="yes" />
    <tag k="ele" v="403" />
    <tag k="group" v="Tønsberg" />
    <tag k="height" v="65" />
    <tag k="man_made" v="tower" />
    <tag k="name" v="LA3XRR" />
    <tag k="network" v="Fylkesnettet" />
    <tag k="note" v="Fylkesnettet. OSM tower node/1964429111 (Hvittingen)." />
    <tag k="nrrl:group_page" v="https://nrrl.no/grupper/vestfold/tonsberggruppen/" />
    <tag k="operator" v="Telenor" />
    <tag k="osm_relation" v="relation/18788322" />
    <tag k="ref:hinder" v="2694" />
    <tag k="tower:construction" v="lattice" />
    <tag k="tower:type" v="communication" />
    <tag k="website" v="http://la1t.no/" />
  </node>
  <node id="2641537344" version="7" visible="true" action="modify" changeset="174673638" timestamp="2025-11-15T05:05:30Z" user="roleohibachi" uid="10076920" lat="60.8086194" lon="9.6158917">
    <tag k="aeroway:light" v="obstacle" />
    <tag k="aeroway:light:character" v="fixed" />
    <tag k="aeroway:light:colour" v="red" />
    <tag k="communication:microwave" v="yes" />
    <tag k="communication:mobile_phone" v="yes" />
    <tag k="communication:tv" v="yes" />
    <tag k="ele" v="886" />
    <tag k="height" v="140" />
    <tag k="man_made" v="communications_tower" />
    <tag k="name" v="Bagn hovedsender" />
    <tag k="note" v="Hovedsender" />
    <tag k="ref:hinder" v="5033" />
    <tag k="source" v="Kartverket Luftfartshindre" />
    <tag k="tower:construction" v="freestanding" />
    <tag k="tower:type" v="communication" />
  </node>
  <node id="280140948" version="3" visible="true" action="modify" changeset="67518866" timestamp="2019-02-24T14:54:46Z" user="NKA" uid="3497659" lat="61.0189720" lon="8.9748876">
    <tag k="callsign" v="LD2FN" />
    <tag k="communication:amateur_radio" v="yes" />
    <tag k="communication:amateur_radio:callsign" v="LD2FN" />
    <tag k="communication:amateur_radio:repeater" v="yes" />
    <tag k="communication:amateur_radio:repeater:frequency_out" v="144.8 MHz" />
    <tag k="communication:amateur_radio:repeater:modulation" v="20K0F2D" />
    <tag k="communication:microwave" v="yes" />
    <tag k="communication:mobile_phone" v="yes" />
    <tag k="ele" v="1128" />
    <tag k="group" v="Lillehammer" />
    <tag k="height" v="73" />
    <tag k="man_made" v="tower" />
    <tag k="name" v="LD2FN" />
    <tag k="note" v="Operator position from JOSM review (was NRRL locator centre).; missing_repeaterbook" />
    <tag k="nrrl:group_page" v="https://nrrl.no/grupper/innlandet/lillehammergruppen/" />
    <tag k="ref:hinder" v="4987" />
    <tag k="source" v="Kartverket Luftfartshindre" />
    <tag k="tower:construction" v="lattice" />
    <tag k="tower:type" v="communication" />
    <tag k="website" v="http://la2l.no/" />
  </node>
  <node id="2905220209" version="2" visible="true" action="modify" changeset="107752183" timestamp="2021-07-10T15:20:40Z" user="zidel" uid="11560" lat="59.9186536" lon="11.0396150">
    <tag k="callsign" v="LA8CR" />
    <tag k="communication:amateur_radio" v="yes" />
    <tag k="communication:amateur_radio:callsign" v="LA8CR" />
    <tag k="communication:amateur_radio:repeater" v="yes" />
    <tag k="communication:amateur_radio:repeater:frequency_out" v="145.7625 MHz" />
    <tag k="communication:amateur_radio:repeater:modulation" v="11K2F3E" />
    <tag k="communication:amateur_radio:repeater:shift" v="-0.6 MHz" />
    <tag k="communication:amateur_radio:repeater:toneburst" v="1750" />
    <tag k="group" v="Romerike" />
    <tag k="man_made" v="mast" />
    <tag k="name" v="LA8CR" />
    <tag k="note" v="disagreement" />
    <tag k="nrrl:group_page" v="https://nrrl.no/grupper/akershus/nedre-romerikegruppen/" />
    <tag k="website" v="https://www.la9l.no/" />
  </node>
  <node id="3077077022" version="4" visible="true" action="modify" changeset="67518866" timestamp="2019-02-24T14:55:26Z" user="NKA" uid="3497659" lat="60.3909712" lon="10.6184582">
    <tag k="callsign" v="LA7UR" />
    <tag k="communication:amateur_radio" v="yes" />
    <tag k="communication:amateur_radio:callsign" v="LA7UR" />
    <tag k="communication:amateur_radio:repeater" v="yes" />
    <tag k="communication:amateur_radio:repeater:ctcss" v="71.9" />
    <tag k="communication:amateur_radio:repeater:frequency_out" v="434.675 MHz" />
    <tag k="communication:amateur_radio:repeater:modulation" v="11K2F3E" />
    <tag k="communication:amateur_radio:repeater:shift" v="-2 MHz" />
    <tag k="communication:mobile_phone" v="yes" />
    <tag k="description" v="Gran" />
    <tag k="dmr_id" v="242675" />
    <tag k="ele" v="765" />
    <tag k="group" v="Ringerike" />
    <tag k="height" v="15" />
    <tag k="man_made" v="mast" />
    <tag k="name" v="LA7UR" />
    <tag k="nrrl:group_page" v="https://nrrl.no/grupper/akershus/ringeriksgruppen/" />
    <tag k="ref:hinder" v="2405" />
    <tag k="source" v="Kartverket Luftfartshindre" />
    <tag k="tower:type" v="communication" />
  </node>
  <node id="3115922468" version="9" visible="true" action="modify" changeset="189847435" timestamp="2026-10-01T20:41:20Z" user="Visaman" uid="237638" lat="61.2803118" lon="10.3113599">
    <tag k="addr:city" v="Tretten" />
    <tag k="addr:housenumber" v="1101" />
    <tag k="addr:postcode" v="2635" />
    <tag k="addr:street" v="Kongsvegen" />
    <tag k="callsign" v="LA5ARR" />
    <tag k="communication:amateur_radio" v="yes" />
    <tag k="communication:amateur_radio:callsign" v="LA5ARR" />
    <tag k="communication:amateur_radio:repeater" v="yes" />
    <tag k="communication:amateur_radio:repeater:ctcss" v="71.9" />
    <tag k="communication:amateur_radio:repeater:frequency_out" v="434.775 MHz" />
    <tag k="communication:amateur_radio:repeater:modulation" v="11K2F3E" />
    <tag k="communication:amateur_radio:repeater:shift" v="-2 MHz" />
    <tag k="group" v="Gjøvik og Toten" />
    <tag k="name" v="LA5ARR" />
    <tag k="note" v="Tverrberget. OSM node/3115922468 (LA5ARR, LD2GS).; locator_mismatch; missing_repeaterbook" />
    <tag k="nrrl:group_page" v="https://nrrl.no/grupper/innlandet/gjovik-og-totengruppa/" />
    <tag k="website" v="https://www.la5g.no/" />
  </node>
  <node id="3252759952" version="9" visible="true" action="modify" changeset="67518866" timestamp="2019-02-24T14:55:28Z" user="NKA" uid="3497659" lat="58.2079667" lon="8.3471194">
    <tag k="callsign" v="LD4LF" />
    <tag k="communication:amateur_radio" v="yes" />
    <tag k="communication:amateur_radio:callsign" v="LD4LF" />
    <tag k="communication:amateur_radio:repeater" v="yes" />
    <tag k="communication:amateur_radio:repeater:frequency_out" v="144.8 MHz" />
    <tag k="communication:amateur_radio:repeater:modulation" v="20K0F2D" />
    <tag k="communication:mobile_phone" v="yes" />
    <tag k="description" v="Justøy/Bjoneåsen" />
    <tag k="ele" v="59" />
    <tag k="group" v="Arendal" />
    <tag k="height" v="53" />
    <tag k="man_made" v="mast" />
    <tag k="name" v="LD4LF" />
    <tag k="note" v="disagreement; missing_repeaterbook" />
    <tag k="nrrl:group_page" v="https://nrrl.no/grupper/agder/arendalsgruppen/" />
    <tag k="ref:hinder" v="3489" />
    <tag k="source" v="Kartverket Luftfartshindre" />
    <tag k="tower:type" v="communication" />
  </node>
  <node id="3429299729" version="4" visible="true" action="modify" changeset="67520228" timestamp="2019-02-24T15:44:50Z" user="NKA" uid="3497659" lat="62.9308865" lon="7.9272109">
    <tag k="callsign" v="LA6XR" />
    <tag k="communication:amateur_radio" v="yes" />
    <tag k="communication:amateur_radio:callsign" v="LA6XR" />
    <tag k="communication:amateur_radio:repeater" v="yes" />
    <tag k="communication:amateur_radio:repeater:ctcss" v="123" />
    <tag k="communication:amateur_radio:repeater:frequency_out" v="145.6 MHz" />
    <tag k="communication:amateur_radio:repeater:modulation" v="11K2F3E;9K36F7W" />
    <tag k="communication:amateur_radio:repeater:shift" v="-0.6 MHz" />
    <tag k="communication:microwave" v="yes" />
    <tag k="communication:television" v="yes" />
    <tag k="ele" v="992" />
    <tag k="group" v="Kristiansund" />
    <tag k="height" v="45" />
    <tag k="man_made" v="tower" />
    <tag k="name" v="LA6XR" />
    <tag k="nrrl:group_page" v="https://nrrl.no/grupper/more-og-romsdal/kristiansundgruppen/" />
    <tag k="ref:hinder" v="87085" />
    <tag k="source" v="Kartverket Luftfartshindre" />
    <tag k="tower:construction" v="freestanding" />
    <tag k="tower:type" v="communication" />
  </node>
  <node id="446532551" version="2" visible="true" action="modify" changeset="8672089" timestamp="2011-07-09T07:30:41Z" user="haakonst" uid="118690" lat="58.8679261" lon="9.3798701">
    <tag k="callsign" v="LA6YR" />
    <tag k="communication:amateur_radio" v="yes" />
    <tag k="communication:amateur_radio:callsign" v="LA6YR" />
    <tag k="communication:amateur_radio:repeater" v="yes" />
    <tag k="communication:amateur_radio:repeater:ctcss" v="74.4" />
    <tag k="communication:amateur_radio:repeater:frequency_out" v="434.85 MHz" />
    <tag k="communication:amateur_radio:repeater:modulation" v="11K2F3E" />
    <tag k="communication:amateur_radio:repeater:shift" v="-2 MHz" />
    <tag k="group" v="Grenland" />
    <tag k="man_made" v="mast" />
    <tag k="name" v="LA6YR" />
    <tag k="nrrl:group_page" v="https://nrrl.no/grupper/telemark/grenlandgruppen/" />
    <tag k="tower:type" v="communication" />
  </node>
  <node id="471110617" version="16" visible="true" action="modify" changeset="189847435" timestamp="2026-10-01T20:41:20Z" user="Visaman" uid="237638" lat="60.1676114" lon="11.9943920">
    <tag k="aeroway:light" v="obstacle" />
    <tag k="aeroway:light:character" v="fixed" />
    <tag k="aeroway:light:colour" v="red" />
    <tag k="alt_name" v="Kongsvinger" />
    <tag k="callsign" v="LA2RRR" />
    <tag k="communication:amateur_radio" v="yes" />
    <tag k="communication:amateur_radio:callsign" v="LA2RRR" />
    <tag k="communication:amateur_radio:repeater" v="yes" />
    <tag k="communication:amateur_radio:repeater:ctcss" v="71.9" />
    <tag k="communication:amateur_radio:repeater:frequency_out" v="51.83 MHz" />
    <tag k="communication:amateur_radio:repeater:modulation" v="11K2F3E" />
    <tag k="communication:amateur_radio:repeater:shift" v="-0.6 MHz" />
    <tag k="communication:microwave" v="yes" />
    <tag k="communication:mobile_phone" v="yes" />
    <tag k="communication:television" v="yes" />
    <tag k="ele" v="393" />
    <tag k="group" v="Kongsvinger" />
    <tag k="height" v="163" />
    <tag k="man_made" v="communications_tower" />
    <tag k="name" v="LA2RRR" />
    <tag k="note" v="Holtberget" />
    <tag k="nrrl:group_page" v="https://nrrl.no/grupper/innlandet/kongsvingergruppen/" />
    <tag k="ref:hinder" v="3259" />
    <tag k="source" v="Kartverket Luftfartshindre" />
    <tag k="tower:construction" v="guyed_lattice" />
    <tag k="tower:type" v="communication" />
    <tag k="website" v="https://www.la7v.org/" />
  </node>
  <node id="4904156635" version="7" visible="true" action="modify" changeset="174673638" timestamp="2025-11-15T05:05:30Z" user="roleohibachi" uid="10076920" lat="59.2360000" lon="9.6993900">
    <tag k="callsign" v="LA3DRR" />
    <tag k="communication:amateur_radio" v="yes" />
    <tag k="communication:amateur_radio:callsign" v="LA3DRR" />
    <tag k="communication:amateur_radio:repeater" v="yes" />
    <tag k="communication:amateur_radio:repeater:ctcss" v="74.4" />
    <tag k="communication:amateur_radio:repeater:frequency_out" v="434.6125 MHz" />
    <tag k="communication:amateur_radio:repeater:modulation" v="11K2F3E" />
    <tag k="communication:amateur_radio:repeater:shift" v="-2 MHz" />
    <tag k="communication:mobile_phone" v="yes" />
    <tag k="communication:television" v="yes" />
    <tag k="ele" v="497" />
    <tag k="group" v="Tønsberg" />
    <tag k="height" v="14" />
    <tag k="man_made" v="mast" />
    <tag k="name" v="LA3DRR" />
    <tag k="note" v="Vealøs mast. Operator position 59.2360000, 9.6993900. OSM node/4904156635 (LA3DRR)." />
    <tag k="nrrl:group_page" v="https://nrrl.no/grupper/vestfold/tonsberggruppen/" />
    <tag k="ref:hinder" v="3219" />
    <tag k="source" v="Kartverket Luftfartshindre" />
    <tag k="tower:construction" v="lattice" />
    <tag k="tower:type" v="communication" />
    <tag k="website" v="http://la1t.no/" />
  </node>
  <node id="5008797918" version="5" visible="true" action="modify" changeset="67518866" timestamp="2019-02-24T14:55:42Z" user="NKA" uid="3497659" lat="59.4896971" lon="8.0901345">
    <tag k="callsign" v="LA5ER" />
    <tag k="communication:amateur_radio" v="yes" />
    <tag k="communication:amateur_radio:callsign" v="LA5ER" />
    <tag k="communication:amateur_radio:repeater" v="yes" />
    <tag k="communication:amateur_radio:repeater:ctcss" v="74.4" />
    <tag k="communication:amateur_radio:repeater:frequency_out" v="145.7125 MHz" />
    <tag k="communication:amateur_radio:repeater:modulation" v="11K2F3E" />
    <tag k="communication:amateur_radio:repeater:shift" v="-0.6 MHz" />
    <tag k="communication:microwave" v="yes" />
    <tag k="communication:mobile_phone" v="yes" />
    <tag k="ele" v="1019" />
    <tag k="group" v="Grenland" />
    <tag k="height" v="35" />
    <tag k="man_made" v="tower" />
    <tag k="name" v="LA5ER" />
    <tag k="network" v="Fylkesnettet" />
    <tag k="note" v="Fylkesnettet. Eirefjell communications tower node/5008797918." />
    <tag k="nrrl:group_page" v="https://nrrl.no/grupper/telemark/grenlandgruppen/" />
    <tag k="osm_relation" v="relation/18788322" />
    <tag k="ref:hinder" v="2004" />
    <tag k="source" v="Kartverket Luftfartshindre" />
    <tag k="tower:construction" v="freestanding" />
    <tag k="tower:type" v="communication" />
  </node>
  <node id="5331403754" version="12" visible="true" action="modify" changeset="189847435" timestamp="2026-10-01T20:41:20Z" user="Visaman" uid="237638" lat="60.9937379" lon="11.3393806">
    <tag k="callsign" v="LD2GN" />
    <tag k="communication:amateur_radio" v="yes" />
    <tag k="communication:amateur_radio:callsign" v="LD2GN" />
    <tag k="communication:amateur_radio:repeater" v="yes" />
    <tag k="communication:amateur_radio:repeater:frequency_out" v="144.8 MHz" />
    <tag k="communication:amateur_radio:repeater:modulation" v="20K0F2D" />
    <tag k="communication:microwave" v="yes" />
    <tag k="communication:mobile_phone" v="yes" />
    <tag k="group" v="Gjøvik og Toten" />
    <tag k="man_made" v="mast" />
    <tag k="name" v="LD2GN" />
    <tag k="note" v="Nordhue. OSM mast node/5331403754 (also hosts LD2WA).; missing_repeaterbook" />
    <tag k="nrrl:group_page" v="https://nrrl.no/grupper/innlandet/gjovik-og-totengruppa/" />
    <tag k="source" v="Kartverket Luftfartshindre" />
    <tag k="tower:type" v="communication" />
    <tag k="website" v="https://www.la5g.no/" />
  </node>
  <node id="5415066172" version="6" visible="true" action="modify" changeset="67518866" timestamp="2019-02-24T14:56:14Z" user="NKA" uid="3497659" lat="58.3783147" lon="8.5893918">
    <tag k="callsign" v="LD4FH" />
    <tag k="communication:amateur_radio" v="yes" />
    <tag k="communication:amateur_radio:callsign" v="LD4FH" />
    <tag k="communication:amateur_radio:repeater" v="yes" />
    <tag k="communication:amateur_radio:repeater:frequency_out" v="434.7 MHz" />
    <tag k="communication:amateur_radio:repeater:modulation" v="7K60FXE;6K00F7W" />
    <tag k="communication:amateur_radio:repeater:shift" v="-2 MHz" />
    <tag k="communication:microwave" v="yes" />
    <tag k="communication:mobile_phone" v="yes" />
    <tag k="dmr_id" v="242702" />
    <tag k="ele" v="161" />
    <tag k="group" v="Arendal" />
    <tag k="height" v="57" />
    <tag k="man_made" v="tower" />
    <tag k="name" v="LD4FH" />
    <tag k="note" v="OSM tower node/5415066172 (Fjæreheia)." />
    <tag k="nrrl:group_page" v="https://nrrl.no/grupper/agder/arendalsgruppen/" />
    <tag k="ref:hinder" v="3493" />
    <tag k="source" v="Kartverket Luftfartshindre" />
    <tag k="tower:construction" v="lattice" />
    <tag k="tower:type" v="communication" />
  </node>
  <node id="5417275137" version="6" visible="true" action="modify" changeset="174673638" timestamp="2025-11-15T05:05:30Z" user="roleohibachi" uid="10076920" lat="59.2219841" lon="8.9776441">
    <tag k="callsign" v="LA3BRR" />
    <tag k="communication:amateur_radio" v="yes" />
    <tag k="communication:amateur_radio:callsign" v="LA3BRR" />
    <tag k="communication:amateur_radio:repeater" v="yes" />
    <tag k="communication:amateur_radio:repeater:ctcss" v="74.4" />
    <tag k="communication:amateur_radio:repeater:frequency_out" v="145.5625 MHz" />
    <tag k="communication:amateur_radio:repeater:modulation" v="11K2F3E" />
    <tag k="communication:amateur_radio:repeater:shift" v="-0.6 MHz" />
    <tag k="communication:microwave" v="yes" />
    <tag k="communication:mobile_phone" v="yes" />
    <tag k="ele" v="676" />
    <tag k="group" v="Grenland" />
    <tag k="height" v="42" />
    <tag k="man_made" v="tower" />
    <tag k="name" v="LA3BRR" />
    <tag k="network" v="Fylkesnettet" />
    <tag k="note" v="Fylkesnettet. OSM tower node/5417275137 (Bronane)." />
    <tag k="nrrl:group_page" v="https://nrrl.no/grupper/telemark/grenlandgruppen/" />
    <tag k="osm_relation" v="relation/18788322" />
    <tag k="ref:hinder" v="3335" />
    <tag k="source" v="Kartverket Luftfartshindre" />
    <tag k="tower:construction" v="lattice" />
    <tag k="tower:type" v="communication" />
  </node>
  <node id="5573993132" version="4" visible="true" action="modify" changeset="89854842" timestamp="2020-08-24T11:31:43Z" user="7rst1" uid="3483525" lat="59.1912759" lon="9.9502663">
    <tag k="callsign" v="LD3JS" />
    <tag k="communication:amateur_radio" v="yes" />
    <tag k="communication:amateur_radio:callsign" v="LD3JS" />
    <tag k="communication:amateur_radio:repeater" v="yes" />
    <tag k="communication:amateur_radio:repeater:frequency_out" v="144.8 MHz" />
    <tag k="communication:amateur_radio:repeater:modulation" v="20K0F2D" />
    <tag k="communication:mobile_phone" v="yes" />
    <tag k="description" v="Jordstøyp" />
    <tag k="ele" v="316" />
    <tag k="group" v="Sandefjord" />
    <tag k="height" v="25" />
    <tag k="man_made" v="mast" />
    <tag k="name" v="LD3JS" />
    <tag k="note" v="missing_repeaterbook" />
    <tag k="nrrl:group_page" v="https://nrrl.no/grupper/vestfold/sandefjordgruppen/" />
    <tag k="ref:hinder" v="3454" />
    <tag k="start_date" v="2009-08-20" />
    <tag k="tower:type" v="communication" />
  </node>
  <node id="5574482764" version="3" visible="true" action="modify" changeset="67518866" timestamp="2019-02-24T14:58:17Z" user="NKA" uid="3497659" lat="59.7802919" lon="11.0038215">
    <tag k="callsign" v="LA5YR" />
    <tag k="communication:amateur_radio" v="yes" />
    <tag k="communication:amateur_radio:callsign" v="LA5YR" />
    <tag k="communication:amateur_radio:repeater" v="yes" />
    <tag k="communication:amateur_radio:repeater:frequency_out" v="434.9 MHz" />
    <tag k="communication:amateur_radio:repeater:modulation" v="11K2F3E" />
    <tag k="communication:amateur_radio:repeater:shift" v="-2 MHz" />
    <tag k="communication:amateur_radio:repeater:toneburst" v="1750" />
    <tag k="communication:microwave" v="yes" />
    <tag k="description" v="Andersrudåsen" />
    <tag k="dmr_id" v="242102" />
    <tag k="ele" v="328" />
    <tag k="group" v="Follo" />
    <tag k="height" v="15" />
    <tag k="man_made" v="mast" />
    <tag k="name" v="LA5YR" />
    <tag k="note" v="OSM mast node/5574482764." />
    <tag k="nrrl:group_page" v="https://nrrl.no/grupper/akershus/follogruppen/" />
    <tag k="ref:hinder" v="2985" />
    <tag k="tower:type" v="communication" />
    <tag k="website" v="https://la3f.no/" />
  </node>
  <node id="5576440532" version="3" visible="true" action="modify" changeset="87611046" timestamp="2020-07-06T16:31:55Z" user="km2bp" uid="3610826" lat="59.6710302" lon="9.5765838">
    <tag k="callsign" v="LD3KR" />
    <tag k="communication:amateur_radio" v="yes" />
    <tag k="communication:amateur_radio:callsign" v="LD3KR" />
    <tag k="communication:amateur_radio:repeater" v="yes" />
    <tag k="communication:amateur_radio:repeater:frequency_out" v="434.8375 MHz" />
    <tag k="communication:amateur_radio:repeater:modulation" v="7K60FXE" />
    <tag k="communication:amateur_radio:repeater:shift" v="-2 MHz" />
    <tag k="communication:mobile_phone" v="yes" />
    <tag k="dmr_id" v="242606" />
    <tag k="ele" v="596" />
    <tag k="group" v="Kongsberg" />
    <tag k="height" v="19" />
    <tag k="man_made" v="mast" />
    <tag k="name" v="LD3KR" />
    <tag k="note" v="OSM mast node/5576440532." />
    <tag k="nrrl:group_page" v="https://nrrl.no/grupper/buskerud/kongsberggruppen/" />
    <tag k="ref:hinder" v="72089" />
    <tag k="source" v="Kartverket Luftfartshindre" />
    <tag k="tower:type" v="communication" />
    <tag k="website" v="https://www.la8z.com" />
  </node>
  <node id="5576441611" version="3" visible="true" action="modify" changeset="67518866" timestamp="2019-02-24T14:59:01Z" user="NKA" uid="3497659" lat="59.7327952" lon="10.1140636">
    <tag k="callsign" v="LD3DN" />
    <tag k="communication:amateur_radio" v="yes" />
    <tag k="communication:amateur_radio:callsign" v="LD3DN" />
    <tag k="communication:amateur_radio:repeater" v="yes" />
    <tag k="communication:amateur_radio:repeater:frequency_out" v="144.8 MHz" />
    <tag k="communication:amateur_radio:repeater:modulation" v="20K0F2D" />
    <tag k="communication:mobile_phone" v="yes" />
    <tag k="description" v="Konnerudkollen" />
    <tag k="ele" v="410" />
    <tag k="group" v="Drammen" />
    <tag k="height" v="30" />
    <tag k="man_made" v="mast" />
    <tag k="name" v="LD3DN" />
    <tag k="note" v="disagreement; missing_repeaterbook" />
    <tag k="nrrl:group_page" v="https://nrrl.no/grupper/buskerud/drammengruppen/" />
    <tag k="ref:hinder" v="3096" />
    <tag k="source" v="Kartverket Luftfartshindre" />
    <tag k="tower:type" v="communication" />
  </node>
  <node id="5576442555" version="3" visible="true" action="modify" changeset="67518866" timestamp="2019-02-24T14:59:07Z" user="NKA" uid="3497659" lat="60.5405333" lon="8.1990611">
    <tag k="callsign" v="LD3HR" />
    <tag k="communication:amateur_radio" v="yes" />
    <tag k="communication:amateur_radio:callsign" v="LD3HR" />
    <tag k="communication:amateur_radio:repeater" v="yes" />
    <tag k="communication:amateur_radio:repeater:frequency_out" v="434.65 MHz" />
    <tag k="communication:amateur_radio:repeater:modulation" v="7K60FXE" />
    <tag k="communication:amateur_radio:repeater:shift" v="-2 MHz" />
    <tag k="communication:mobile_phone" v="yes" />
    <tag k="description" v="Geilotoppen" />
    <tag k="dmr_id" v="242635" />
    <tag k="ele" v="1058" />
    <tag k="group" v="Hallingdal" />
    <tag k="height" v="40" />
    <tag k="man_made" v="mast" />
    <tag k="name" v="LD3HR" />
    <tag k="note" v="disagreement" />
    <tag k="nrrl:group_page" v="https://nrrl.no/grupper/buskerud/hallingdalsgruppa/" />
    <tag k="ref:hinder" v="5001" />
    <tag k="source" v="Kartverket Luftfartshindre" />
    <tag k="tower:type" v="communication" />
  </node>
  <node id="5576442558" version="5" visible="true" action="modify" changeset="174673638" timestamp="2025-11-15T05:05:30Z" user="roleohibachi" uid="10076920" lat="60.5366765" lon="9.0617188">
    <tag k="callsign" v="LA6NR" />
    <tag k="communication:amateur_radio" v="yes" />
    <tag k="communication:amateur_radio:callsign" v="LA6NR" />
    <tag k="communication:amateur_radio:repeater" v="yes" />
    <tag k="communication:amateur_radio:repeater:ctcss" v="88.5" />
    <tag k="communication:amateur_radio:repeater:frequency_out" v="145.775 MHz" />
    <tag k="communication:amateur_radio:repeater:modulation" v="11K2F3E" />
    <tag k="communication:amateur_radio:repeater:shift" v="-0.6 MHz" />
    <tag k="communication:mobile_phone" v="yes" />
    <tag k="description" v="Syningen" />
    <tag k="ele" v="1101" />
    <tag k="group" v="Hallingdal" />
    <tag k="height" v="32" />
    <tag k="man_made" v="mast" />
    <tag k="name" v="LA6NR" />
    <tag k="network" v="LA5MR" />
    <tag k="note" v="disagreement" />
    <tag k="nrrl:group_page" v="https://nrrl.no/grupper/buskerud/hallingdalsgruppa/" />
    <tag k="osm_relation" v="relation/18780801" />
    <tag k="ref:hinder" v="4978" />
    <tag k="source" v="Kartverket Luftfartshindre" />
    <tag k="tower:type" v="communication" />
  </node>
  <node id="5576503609" version="5" visible="true" action="modify" changeset="189847435" timestamp="2026-10-01T20:41:20Z" user="Visaman" uid="237638" lat="61.0184625" lon="8.9739277">
    <tag k="callsign" v="LA5MR" />
    <tag k="communication:amateur_radio" v="yes" />
    <tag k="communication:amateur_radio:callsign" v="LA5MR" />
    <tag k="communication:amateur_radio:repeater" v="yes" />
    <tag k="communication:amateur_radio:repeater:ctcss" v="88.5" />
    <tag k="communication:amateur_radio:repeater:frequency_out" v="145.625 MHz" />
    <tag k="communication:amateur_radio:repeater:modulation" v="11K2F3E" />
    <tag k="communication:amateur_radio:repeater:shift" v="-0.6 MHz" />
    <tag k="communication:mobile_phone" v="yes" />
    <tag k="ele" v="1135" />
    <tag k="group" v="Innlandsnettet" />
    <tag k="height" v="18" />
    <tag k="man_made" v="mast" />
    <tag k="name" v="LA5MR" />
    <tag k="network" v="LA5MR" />
    <tag k="note" v="Høykorset / Totenåsen. OSM node/1705107664 (LA5MR, LD2GI). Not on Bagn node/2641537344.; OSM network member (node/5576503609); osm_network:LA5MR" />
    <tag k="nrrl:group_page" v="https://nrrl.no/grupper/innlandet/sambandstjenesten-innlandet/" />
    <tag k="osm_relation" v="relation/18780801" />
    <tag k="ref:hinder" v="68670" />
    <tag k="source" v="Kartverket Luftfartshindre" />
    <tag k="tower:type" v="communication" />
  </node>
  <node id="5576503615" version="3" visible="true" action="modify" changeset="67518866" timestamp="2019-02-24T14:59:26Z" user="NKA" uid="3497659" lat="62.2125134" lon="9.5389151">
    <tag k="aeroway:light" v="obstacle" />
    <tag k="callsign" v="LA2HRR" />
    <tag k="communication:amateur_radio" v="yes" />
    <tag k="communication:amateur_radio:callsign" v="LA2HRR" />
    <tag k="communication:amateur_radio:repeater" v="yes" />
    <tag k="communication:amateur_radio:repeater:ctcss" v="88.5" />
    <tag k="communication:amateur_radio:repeater:frequency_out" v="145.7 MHz" />
    <tag k="communication:amateur_radio:repeater:modulation" v="11K2F3E" />
    <tag k="communication:amateur_radio:repeater:shift" v="-0.6 MHz" />
    <tag k="communication:mobile_phone" v="yes" />
    <tag k="description" v="Geitberget" />
    <tag k="ele" v="1226" />
    <tag k="group" v="Gudbrandsdal" />
    <tag k="height" v="49" />
    <tag k="man_made" v="mast" />
    <tag k="name" v="LA2HRR" />
    <tag k="note" v="Operator position from JOSM review (was NRRL locator centre)." />
    <tag k="nrrl:group_page" v="https://nrrl.no/grupper/innlandet/gudbrandsdalsgruppen/" />
    <tag k="ref:hinder" v="4585" />
    <tag k="source" v="Kartverket Luftfartshindre" />
    <tag k="tower:type" v="communication" />
    <tag k="website" v="https://www.la7g.no/" />
  </node>
  <node id="5576506182" version="14" visible="true" action="modify" changeset="189847435" timestamp="2026-10-01T20:41:20Z" user="Visaman" uid="237638" lat="61.0075560" lon="10.1918000">
    <tag k="callsign" v="LA2TRR;LD2LK" />
    <tag k="communication:amateur_radio" v="yes" />
    <tag k="communication:amateur_radio:callsign" v="LA2TRR;LD2LK" />
    <tag k="communication:amateur_radio:repeater" v="yes" />
    <tag k="communication:amateur_radio:repeater:ctcss" v="88.5" />
    <tag k="communication:amateur_radio:repeater:frequency_out" v="145.2375 MHz;144.8 MHz" />
    <tag k="communication:amateur_radio:repeater:modulation" v="11K2F3E;20K0F2D" />
    <tag k="communication:microwave" v="yes" />
    <tag k="communication:mobile_phone" v="yes" />
    <tag k="description" v="Kråkhugukampen" />
    <tag k="ele" v="950" />
    <tag k="group" v="Innlandsnettet" />
    <tag k="height" v="35" />
    <tag k="man_made" v="mast" />
    <tag k="name" v="LA2TRR;LD2LK" />
    <tag k="note" v="LA2TRR:; LD2LK: Kråkhugukampen. missing_repeaterbook" />
    <tag k="nrrl:group_page" v="https://nrrl.no/grupper/innlandet/sambandstjenesten-innlandet/" />
    <tag k="ref:hinder" v="4011" />
    <tag k="source" v="Kartverket Luftfartshindre" />
    <tag k="tower:type" v="communication" />
  </node>
  <node id="5576656337" version="17" visible="true" action="modify" changeset="189847435" timestamp="2026-10-01T20:41:20Z" user="Visaman" uid="237638" lat="60.3242222" lon="12.1383250">
    <tag k="callsign" v="LA2KRR" />
    <tag k="communication:amateur_radio" v="yes" />
    <tag k="communication:amateur_radio:callsign" v="LA2KRR" />
    <tag k="communication:amateur_radio:repeater" v="yes" />
    <tag k="communication:amateur_radio:repeater:ctcss" v="71.9" />
    <tag k="communication:amateur_radio:repeater:frequency_out" v="434.65 MHz" />
    <tag k="communication:amateur_radio:repeater:modulation" v="11K2F3E;9K36F7W" />
    <tag k="communication:amateur_radio:repeater:shift" v="-2 MHz" />
    <tag k="communication:mobile_phone" v="yes" />
    <tag k="description" v="Rafjell RL-repeater" />
    <tag k="ele" v="577" />
    <tag k="group" v="Kongsvinger" />
    <tag k="height" v="15" />
    <tag k="man_made" v="mast" />
    <tag k="name" v="LA2KRR" />
    <tag k="network" v="LA5MR" />
    <tag k="note" v="Rafjellet mast. Restore amateur-radio tags for LA2KRR on node/5576656337 if missing (siblings are separate nodes)." />
    <tag k="nrrl:group_page" v="https://nrrl.no/grupper/innlandet/kongsvingergruppen/" />
    <tag k="osm_relation" v="relation/18780801" />
    <tag k="ref:hinder" v="54399" />
    <tag k="source" v="Kartverket Luftfartshindre" />
    <tag k="tower:type" v="communication" />
    <tag k="website" v="https://www.la7v.org/" />
  </node>
  <node id="5576656387" version="4" visible="true" action="modify" changeset="67518866" timestamp="2019-02-24T15:00:04Z" user="NKA" uid="3497659" lat="59.9609046" lon="12.0953198">
    <tag k="callsign" v="LA7XR" />
    <tag k="communication:amateur_radio" v="yes" />
    <tag k="communication:amateur_radio:callsign" v="LA7XR" />
    <tag k="communication:amateur_radio:repeater" v="yes" />
    <tag k="communication:amateur_radio:repeater:ctcss" v="77.0" />
    <tag k="communication:amateur_radio:repeater:frequency_in" v="433.05 MHz" />
    <tag k="communication:amateur_radio:repeater:frequency_out" v="144.6625 MHz" />
    <tag k="communication:amateur_radio:repeater:modulation" v="11K2F3E" />
    <tag k="communication:microwave" v="yes" />
    <tag k="communication:mobile_phone" v="yes" />
    <tag k="communication:television" v="yes" />
    <tag k="description" v="Kroksjøen" />
    <tag k="ele" v="254" />
    <tag k="group" v="Kongsvinger" />
    <tag k="height" v="54" />
    <tag k="man_made" v="mast" />
    <tag k="name" v="LA7XR" />
    <tag k="note" v="Operator position." />
    <tag k="nrrl:group_page" v="https://nrrl.no/grupper/innlandet/kongsvingergruppen/" />
    <tag k="ref:hinder" v="2921" />
    <tag k="source" v="Kartverket Luftfartshindre" />
    <tag k="tower:type" v="communication" />
    <tag k="website" v="https://www.la7v.org/" />
  </node>
  <node id="5576656416" version="4" visible="true" action="modify" changeset="175619448" timestamp="2025-12-07T11:54:57Z" user="Visaman" uid="237638" lat="61.3195136" lon="12.1889850">
    <tag k="communication:mobile_phone" v="yes" />
    <tag k="ele" v="1020" />
    <tag k="height" v="20" />
    <tag k="man_made" v="mast" />
    <tag k="source" v="Kartverket Luftfartshindre" />
    <tag k="tower:type" v="communication" />
  </node>
  <node id="5576656903" version="8" visible="true" action="modify" changeset="189693189" timestamp="2026-09-28T18:42:26Z" user="Visaman" uid="237638" lat="61.3193750" lon="12.1901472">
    <tag k="communication:mobile_phone" v="yes" />
    <tag k="ele" v="1012" />
    <tag k="height" v="18" />
    <tag k="man_made" v="mast" />
    <tag k="ref:hinder" v="62233" />
    <tag k="source" v="Kartverket Luftfartshindre" />
    <tag k="tower:type" v="communication" />
  </node>
  <node id="5576657770" version="10" visible="true" action="modify" changeset="189847435" timestamp="2026-10-01T20:41:20Z" user="Visaman" uid="237638" lat="61.3320012" lon="11.0941649">
    <tag k="callsign" v="LA5HRR" />
    <tag k="communication:amateur_radio" v="yes" />
    <tag k="communication:amateur_radio:callsign" v="LA5HRR" />
    <tag k="communication:amateur_radio:repeater" v="yes" />
    <tag k="communication:amateur_radio:repeater:ctcss" v="88.5" />
    <tag k="communication:amateur_radio:repeater:frequency_out" v="145.65 MHz" />
    <tag k="communication:amateur_radio:repeater:modulation" v="11K2F3E" />
    <tag k="communication:amateur_radio:repeater:shift" v="-0.6 MHz" />
    <tag k="communication:microwave" v="yes" />
    <tag k="communication:mobile_phone" v="yes" />
    <tag k="ele" v="1030" />
    <tag k="group" v="Gjøvik og Toten" />
    <tag k="height" v="48" />
    <tag k="man_made" v="tower" />
    <tag k="name" v="LA5HRR" />
    <tag k="note" v="Storhorta / Horta; missing_repeaterbook" />
    <tag k="nrrl:group_page" v="https://nrrl.no/grupper/innlandet/gjovik-og-totengruppa/" />
    <tag k="ref:hinder" v="4097" />
    <tag k="source" v="Kartverket Luftfartshindre" />
    <tag k="tower:construction" v="lattice" />
    <tag k="tower:type" v="communication" />
    <tag k="website" v="https://www.la5g.no/" />
  </node>
  <node id="5578772892" version="6" visible="true" action="modify" changeset="110466719" timestamp="2021-08-30T15:02:06Z" user="NKA" uid="3497659" lat="61.4369702" lon="5.8577037">
    <tag k="aeroway:light" v="obstacle" />
    <tag k="callsign" v="LD6FR" />
    <tag k="communication:amateur_radio" v="yes" />
    <tag k="communication:amateur_radio:callsign" v="LD6FR" />
    <tag k="communication:amateur_radio:repeater" v="yes" />
    <tag k="communication:amateur_radio:repeater:frequency_out" v="434.65 MHz" />
    <tag k="communication:amateur_radio:repeater:modulation" v="7K60FXE" />
    <tag k="communication:amateur_radio:repeater:shift" v="-2 MHz" />
    <tag k="communication:mobile_phone" v="yes" />
    <tag k="communication:television" v="yes" />
    <tag k="dmr_id" v="242012" />
    <tag k="ele" v="705" />
    <tag k="group" v="Firda" />
    <tag k="height" v="124" />
    <tag k="man_made" v="mast" />
    <tag k="name" v="LD6FR" />
    <tag k="note" v="OSM mast node/5578772892 (Hafstadfjellet).; missing_repeaterbook" />
    <tag k="nrrl:group_page" v="https://nrrl.no/grupper/vestland/firdagruppen/" />
    <tag k="ref:hinder" v="5041" />
    <tag k="source" v="Kartverket Luftfartshindre" />
    <tag k="tower:construction" v="guyed_lattice" />
    <tag k="tower:type" v="communication" />
    <tag k="website" v="http://la6f.blogspot.com/" />
  </node>
  <node id="5582173868" version="3" visible="true" action="modify" changeset="67518866" timestamp="2019-02-24T15:02:37Z" user="NKA" uid="3497659" lat="59.6125778" lon="6.2058077">
    <tag k="callsign" v="LA9LR" />
    <tag k="communication:amateur_radio" v="yes" />
    <tag k="communication:amateur_radio:callsign" v="LA9LR" />
    <tag k="communication:amateur_radio:repeater" v="yes" />
    <tag k="communication:amateur_radio:repeater:ctcss" v="91.5" />
    <tag k="communication:amateur_radio:repeater:frequency_out" v="145.7 MHz" />
    <tag k="communication:amateur_radio:repeater:modulation" v="11K2F3E;7K60FXE" />
    <tag k="communication:amateur_radio:repeater:shift" v="-0.6 MHz" />
    <tag k="communication:mobile_phone" v="yes" />
    <tag k="description" v="Ramnafjell" />
    <tag k="dmr_id" v="242302" />
    <tag k="ele" v="982" />
    <tag k="group" v="STF Sauda" />
    <tag k="height" v="30" />
    <tag k="man_made" v="mast" />
    <tag k="name" v="LA9LR" />
    <tag k="note" v="OSM mast node/5582173868." />
    <tag k="ref:hinder" v="67980" />
    <tag k="source" v="Kartverket Luftfartshindre" />
    <tag k="tower:type" v="communication" />
  </node>
  <node id="5582173874" version="3" visible="true" action="modify" changeset="177844521" timestamp="2026-01-29T12:08:58Z" user="_nikita" uid="20028978" lat="59.3685879" lon="5.3266895">
    <tag k="callsign" v="LD5HH" />
    <tag k="communication:amateur_radio" v="yes" />
    <tag k="communication:amateur_radio:callsign" v="LD5HH" />
    <tag k="communication:amateur_radio:repeater" v="yes" />
    <tag k="communication:amateur_radio:repeater:frequency_out" v="434.75 MHz" />
    <tag k="communication:amateur_radio:repeater:modulation" v="7K60FXE" />
    <tag k="communication:amateur_radio:repeater:shift" v="-2 MHz" />
    <tag k="communication:mobile_phone" v="yes" />
    <tag k="dmr_id" v="242323" />
    <tag k="ele" v="127" />
    <tag k="group" v="Haugaland" />
    <tag k="height" v="24" />
    <tag k="man_made" v="mast" />
    <tag k="name" v="LD5HH" />
    <tag k="note" v="OSM mast node/5582173874." />
    <tag k="nrrl:group_page" v="https://nrrl.no/grupper/rogaland/haugalandgruppen/" />
    <tag k="ref:hinder" v="68045" />
    <tag k="source" v="Kartverket Luftfartshindre" />
    <tag k="tower:type" v="communication" />
  </node>
  <node id="5583842945" version="6" visible="true" action="modify" changeset="174673638" timestamp="2025-11-15T05:05:30Z" user="roleohibachi" uid="10076920" lat="60.5120710" lon="4.9133330">
    <tag k="aeroway:light" v="obstacle" />
    <tag k="aeroway:light:character" v="fixed" />
    <tag k="aeroway:light:colour" v="red" />
    <tag k="callsign" v="LA5LRR" />
    <tag k="communication:amateur_radio" v="yes" />
    <tag k="communication:amateur_radio:callsign" v="LA5LRR" />
    <tag k="communication:amateur_radio:repeater" v="yes" />
    <tag k="communication:amateur_radio:repeater:ctcss" v="123.0" />
    <tag k="communication:amateur_radio:repeater:frequency_out" v="145.125 MHz" />
    <tag k="communication:amateur_radio:repeater:modulation" v="11K2F3E" />
    <tag k="communication:amateur_radio:repeater:shift" v="0.6 MHz" />
    <tag k="communication:mobile_phone" v="yes" />
    <tag k="description" v="Rong" />
    <tag k="ele" v="42" />
    <tag k="group" v="Bergen" />
    <tag k="height" v="30" />
    <tag k="man_made" v="mast" />
    <tag k="name" v="LA5LRR" />
    <tag k="network" v="Bergen-voss" />
    <tag k="note" v="Bergen-voss member. Crossband link. Club page: Rong i Øygarden. OSM mast node/5583842945. https://www.la1b.no/la5lrr/; missing_repeaterbook" />
    <tag k="nrrl:group_page" v="https://nrrl.no/grupper/vestland/bergensgruppen/" />
    <tag k="ref:hinder" v="4243" />
    <tag k="source" v="Kartverket Luftfartshindre" />
    <tag k="tower:type" v="communication" />
    <tag k="website" v="https://www.la1b.no/" />
  </node>
  <node id="5585891479" version="2" visible="true" action="modify" changeset="67518866" timestamp="2019-02-24T15:04:13Z" user="NKA" uid="3497659" lat="63.8068357" lon="9.7369552">
    <tag k="callsign" v="LA8UR" />
    <tag k="communication:amateur_radio" v="yes" />
    <tag k="communication:amateur_radio:callsign" v="LA8UR" />
    <tag k="communication:amateur_radio:repeater" v="yes" />
    <tag k="communication:amateur_radio:repeater:frequency_out" v="434.775 MHz" />
    <tag k="communication:amateur_radio:repeater:modulation" v="11K2F3E" />
    <tag k="communication:amateur_radio:repeater:shift" v="-2 MHz" />
    <tag k="communication:amateur_radio:repeater:toneburst" v="1750" />
    <tag k="ele" v="473" />
    <tag k="group" v="Fosen" />
    <tag k="height" v="22" />
    <tag k="man_made" v="tower" />
    <tag k="name" v="LA8UR" />
    <tag k="nrrl:group_page" v="https://nrrl.no/grupper/trondelag/fosengruppen/" />
    <tag k="ref:hinder" v="5356" />
    <tag k="source" v="Kartverket Luftfartshindre" />
    <tag k="tower:construction" v="dome" />
    <tag k="tower:type" v="radar" />
  </node>
  <node id="5585891791" version="3" visible="true" action="modify" changeset="67518866" timestamp="2019-02-24T15:04:24Z" user="NKA" uid="3497659" lat="63.0639965" lon="11.1459525">
    <tag k="callsign" v="LA8QR" />
    <tag k="communication:amateur_radio" v="yes" />
    <tag k="communication:amateur_radio:callsign" v="LA8QR" />
    <tag k="communication:amateur_radio:repeater" v="yes" />
    <tag k="communication:amateur_radio:repeater:ctcss" v="85.4" />
    <tag k="communication:amateur_radio:repeater:frequency_out" v="145.7125 MHz" />
    <tag k="communication:amateur_radio:repeater:modulation" v="11K2F3E" />
    <tag k="communication:amateur_radio:repeater:shift" v="-0.6 MHz" />
    <tag k="communication:mobile_phone" v="yes" />
    <tag k="description" v="Bringen" />
    <tag k="ele" v="1040" />
    <tag k="group" v="Trondheim" />
    <tag k="height" v="25" />
    <tag k="man_made" v="mast" />
    <tag k="name" v="LA8QR" />
    <tag k="nrrl:group_page" v="https://nrrl.no/grupper/trondelag/trondheimsgruppen/" />
    <tag k="ref:hinder" v="5220" />
    <tag k="source" v="Kartverket Luftfartshindre" />
    <tag k="tower:type" v="communication" />
    <tag k="website" v="http://www.la2t.no/" />
  </node>
  <node id="5585894080" version="2" visible="true" action="modify" changeset="67518866" timestamp="2019-02-24T15:05:41Z" user="NKA" uid="3497659" lat="63.2610271" lon="10.3574930">
    <tag k="callsign" v="LD7TD" />
    <tag k="communication:amateur_radio" v="yes" />
    <tag k="communication:amateur_radio:callsign" v="LD7TD" />
    <tag k="communication:amateur_radio:repeater" v="yes" />
    <tag k="communication:amateur_radio:repeater:frequency_out" v="434.7 MHz" />
    <tag k="communication:amateur_radio:repeater:modulation" v="7K60FXE" />
    <tag k="communication:amateur_radio:repeater:shift" v="-2 MHz" />
    <tag k="communication:mobile_phone" v="yes" />
    <tag k="dmr_id" v="242018" />
    <tag k="ele" v="709" />
    <tag k="group" v="Trondheim" />
    <tag k="height" v="107" />
    <tag k="man_made" v="tower" />
    <tag k="name" v="LD7TD" />
    <tag k="nrrl:group_page" v="https://nrrl.no/grupper/trondelag/trondheimsgruppen/" />
    <tag k="ref:hinder" v="5235" />
    <tag k="source" v="Kartverket Luftfartshindre" />
    <tag k="tower:construction" v="lattice" />
    <tag k="tower:type" v="communication" />
    <tag k="website" v="http://www.la2t.no/" />
  </node>
  <node id="5587508724" version="2" visible="true" action="modify" changeset="67520228" timestamp="2019-02-24T15:46:13Z" user="NKA" uid="3497659" lat="67.3150067" lon="14.4797666">
    <tag k="callsign" v="LD8KV" />
    <tag k="communication:amateur_radio" v="yes" />
    <tag k="communication:amateur_radio:callsign" v="LD8KV" />
    <tag k="communication:amateur_radio:repeater" v="yes" />
    <tag k="communication:amateur_radio:repeater:frequency_out" v="144.8 MHz" />
    <tag k="communication:amateur_radio:repeater:modulation" v="20K0F2D" />
    <tag k="communication:mobile_phone" v="yes" />
    <tag k="ele" v="360" />
    <tag k="group" v="Bodø" />
    <tag k="height" v="18" />
    <tag k="man_made" v="mast" />
    <tag k="name" v="LD8KV" />
    <tag k="note" v="missing_repeaterbook" />
    <tag k="nrrl:group_page" v="https://nrrl.no/grupper/nordland/bodogruppen/" />
    <tag k="ref:hinder" v="53862" />
    <tag k="source" v="Kartverket Luftfartshindre" />
    <tag k="tower:type" v="communication" />
  </node>
  <node id="5587511477" version="2" visible="true" action="modify" changeset="67520228" timestamp="2019-02-24T15:46:27Z" user="NKA" uid="3497659" lat="65.8784833" lon="13.3027111">
    <tag k="callsign" v="LD8MV" />
    <tag k="communication:amateur_radio" v="yes" />
    <tag k="communication:amateur_radio:callsign" v="LD8MV" />
    <tag k="communication:amateur_radio:repeater" v="yes" />
    <tag k="communication:amateur_radio:repeater:frequency_out" v="434.825 MHz" />
    <tag k="communication:amateur_radio:repeater:modulation" v="7K60FXE" />
    <tag k="communication:amateur_radio:repeater:shift" v="-2 MHz" />
    <tag k="communication:mobile_phone" v="yes" />
    <tag k="dmr_id" v="242902" />
    <tag k="ele" v="630" />
    <tag k="group" v="Mosjøen" />
    <tag k="height" v="16" />
    <tag k="man_made" v="mast" />
    <tag k="name" v="LD8MV" />
    <tag k="note" v="DMR repeater. Position 65.8784833, 13.3027111. DMR ID 242902. OSM mast node/5587511477 (not peak Vardefjell)." />
    <tag k="nrrl:group_page" v="https://nrrl.no/grupper/nordland/mosjoengruppen/" />
    <tag k="ref:hinder" v="71448" />
    <tag k="source" v="Kartverket Luftfartshindre" />
    <tag k="tower:type" v="communication" />
    <tag k="website" v="http://www.la2w.no/" />
  </node>
  <node id="5588495794" version="3" visible="true" action="modify" changeset="67518866" timestamp="2019-02-24T15:07:49Z" user="NKA" uid="3497659" lat="69.6863620" lon="19.7877746">
    <tag k="callsign" v="LD9TU" />
    <tag k="communication:amateur_radio" v="yes" />
    <tag k="communication:amateur_radio:callsign" v="LD9TU" />
    <tag k="communication:amateur_radio:repeater" v="yes" />
    <tag k="communication:amateur_radio:repeater:frequency_out" v="144.8 MHz" />
    <tag k="communication:amateur_radio:repeater:modulation" v="20K0F2D" />
    <tag k="communication:mobile_phone" v="yes" />
    <tag k="description" v="Ullsnes" />
    <tag k="ele" v="200" />
    <tag k="group" v="Tromsø" />
    <tag k="height" v="30" />
    <tag k="man_made" v="mast" />
    <tag k="name" v="LD9TU" />
    <tag k="note" v="missing_repeaterbook" />
    <tag k="nrrl:group_page" v="https://nrrl.no/grupper/troms/tromsogruppen/" />
    <tag k="ref:hinder" v="1002" />
    <tag k="source" v="Kartverket Luftfartshindre" />
    <tag k="tower:type" v="communication" />
    <tag k="website" v="https://www.la3t.no/" />
  </node>
  <node id="5588495799" version="4" visible="true" action="modify" changeset="90099728" timestamp="2020-08-28T20:53:39Z" user="NKA" uid="3497659" lat="68.8746080" lon="18.4157610">
    <tag k="aeroway:light" v="obstacle" />
    <tag k="aeroway:light:character" v="fixed" />
    <tag k="aeroway:light:colour" v="red" />
    <tag k="callsign" v="LD9MM" />
    <tag k="communication:amateur_radio" v="yes" />
    <tag k="communication:amateur_radio:callsign" v="LD9MM" />
    <tag k="communication:amateur_radio:repeater" v="yes" />
    <tag k="communication:amateur_radio:repeater:frequency_out" v="434.6125 MHz" />
    <tag k="communication:amateur_radio:repeater:modulation" v="7K60FXE" />
    <tag k="communication:amateur_radio:repeater:shift" v="-2 MHz" />
    <tag k="communication:mobile_phone" v="yes" />
    <tag k="description" v="Holtet Bardu" />
    <tag k="dmr_id" v="242014" />
    <tag k="ele" v="533" />
    <tag k="group" v="Midt-Troms" />
    <tag k="height" v="41" />
    <tag k="man_made" v="mast" />
    <tag k="name" v="LD9MM" />
    <tag k="note" v="DMR repeater on air. OSM mast https://www.openstreetmap.org/node/5588495799 (Holtet Bardu). TX 434.6125 / RX 432.6125. DMR ID 242014. NRRL still says planlagt/QRT.; missing_repeaterbook" />
    <tag k="nrrl:group_page" v="https://nrrl.no/grupper/troms/midt-tromsgruppen/" />
    <tag k="ref:hinder" v="995" />
    <tag k="source" v="Kartverket Luftfartshindre" />
    <tag k="tower:type" v="communication" />
    <tag k="website" v="http://www.la6m.no/" />
  </node>
  <node id="5588496689" version="1" visible="true" action="modify" changeset="58555142" timestamp="2018-04-30T13:24:54Z" user="NKA_import" uid="3842253" lat="69.1278060" lon="18.5175560">
    <tag k="aeroway:light" v="obstacle" />
    <tag k="aeroway:light:character" v="fixed" />
    <tag k="aeroway:light:colour" v="red" />
    <tag k="callsign" v="LA9FRR" />
    <tag k="communication:amateur_radio" v="yes" />
    <tag k="communication:amateur_radio:callsign" v="LA9FRR" />
    <tag k="communication:amateur_radio:repeater" v="yes" />
    <tag k="communication:amateur_radio:repeater:ctcss" v="123" />
    <tag k="communication:amateur_radio:repeater:frequency_out" v="145.6125 MHz" />
    <tag k="communication:amateur_radio:repeater:modulation" v="11K2F3E" />
    <tag k="communication:amateur_radio:repeater:shift" v="-0.6 MHz" />
    <tag k="ele" v="650" />
    <tag k="group" v="Midt-Troms" />
    <tag k="height" v="33" />
    <tag k="man_made" v="tower" />
    <tag k="name" v="LA9FRR" />
    <tag k="note" v="FM repeater on Andsfjell (Midt-Troms). TX 145.6125 / RX 145.0125, CTCSS 123. Same site as LA9ZR/LA8ZR/LD9AF/LD9AB. https://www.la6m.no/andsfjell/; missing_repeaterbook" />
    <tag k="nrrl:group_page" v="https://nrrl.no/grupper/troms/midt-tromsgruppen/" />
    <tag k="source" v="Kartverket Luftfartshindre" />
    <tag k="tower:construction" v="dome" />
    <tag k="tower:type" v="radar" />
    <tag k="website" v="http://www.la6m.no/" />
  </node>
  <node id="5810152676" version="9" visible="true" action="modify" changeset="189847435" timestamp="2026-10-01T20:41:20Z" user="Visaman" uid="237638" lat="61.5138590" lon="9.7946565">
    <tag k="callsign" v="LA7GR" />
    <tag k="communication:amateur_radio" v="yes" />
    <tag k="communication:amateur_radio:callsign" v="LA7GR" />
    <tag k="communication:amateur_radio:repeater" v="yes" />
    <tag k="communication:amateur_radio:repeater:ctcss" v="71.9" />
    <tag k="communication:amateur_radio:repeater:frequency_out" v="145.725 MHz" />
    <tag k="communication:amateur_radio:repeater:modulation" v="11K2F3E" />
    <tag k="communication:amateur_radio:repeater:shift" v="-0.6 MHz" />
    <tag k="group" v="Gudbrandsdal" />
    <tag k="man_made" v="tower" />
    <tag k="name" v="LA7GR" />
    <tag k="note" v="Gålå-tårnet. OSM node/5810152676 (LA7GR, LD2GG)." />
    <tag k="nrrl:group_page" v="https://nrrl.no/grupper/innlandet/gudbrandsdalsgruppen/" />
    <tag k="tower:type" v="observation" />
    <tag k="website" v="https://www.la7g.no/" />
  </node>
  <node id="807130318" version="9" visible="true" action="modify" changeset="173368137" timestamp="2025-10-16T14:09:10Z" user="km2bp" uid="3610826" lat="59.9886351" lon="10.6681328">
    <tag k="aeroway:light" v="obstacle" />
    <tag k="aeroway:light:character" v="fixed" />
    <tag k="aeroway:light:colour" v="red" />
    <tag k="callsign" v="LA5OR" />
    <tag k="communication:amateur_radio" v="yes" />
    <tag k="communication:amateur_radio:callsign" v="LA5OR" />
    <tag k="communication:amateur_radio:repeater" v="yes" />
    <tag k="communication:amateur_radio:repeater:ctcss" v="123" />
    <tag k="communication:amateur_radio:repeater:frequency_out" v="145.6 MHz" />
    <tag k="communication:amateur_radio:repeater:modulation" v="11K2F3E" />
    <tag k="communication:amateur_radio:repeater:shift" v="-0.6 MHz" />
    <tag k="communication:microwave" v="yes" />
    <tag k="ele" v="530" />
    <tag k="group" v="Oslo" />
    <tag k="height" v="120" />
    <tag k="image" v="https://photos.app.goo.gl/B3eqcbh95UjR3NzJ7" />
    <tag k="man_made" v="tower" />
    <tag k="mapillary" v="508499690511360" />
    <tag k="name" v="LA5OR" />
    <tag k="note" v="disagreement" />
    <tag k="nrrl:group_page" v="https://nrrl.no/grupper/oslo/oslogruppen/" />
    <tag k="operator" v="Telenor" />
    <tag k="tower:construction" v="freestanding" />
    <tag k="tower:type" v="communication" />
    <tag k="website" v="https://la4o.no/" />
    <tag k="wikidata" v="Q1415884" />
  </node>
  <node id="912390742" version="7" visible="true" action="modify" changeset="67518866" timestamp="2019-02-24T14:54:52Z" user="NKA" uid="3497659" lat="59.9188886" lon="10.5160766">
    <tag k="aeroway:light" v="obstacle" />
    <tag k="callsign" v="LA1KRR" />
    <tag k="communication:amateur_radio" v="yes" />
    <tag k="communication:amateur_radio:callsign" v="LA1KRR" />
    <tag k="communication:amateur_radio:repeater" v="yes" />
    <tag k="communication:amateur_radio:repeater:ctcss" v="110.9" />
    <tag k="communication:amateur_radio:repeater:frequency_out" v="434.925 MHz" />
    <tag k="communication:amateur_radio:repeater:modulation" v="11K2F3E;7K60FXE" />
    <tag k="communication:amateur_radio:repeater:shift" v="-2 MHz" />
    <tag k="communication:mobile_phone" v="yes" />
    <tag k="dmr_id" v="242101" />
    <tag k="ele" v="342" />
    <tag k="group" v="Asker og Bærum" />
    <tag k="height" v="35" />
    <tag k="man_made" v="tower" />
    <tag k="name" v="LA1KRR" />
    <tag k="note" v="OSM tower node/912390742 (Kolsås Bærum)." />
    <tag k="nrrl:group_page" v="https://nrrl.no/grupper/akershus/asker-og-baerumgruppen/" />
    <tag k="ref:hinder" v="3364" />
    <tag k="source" v="Norkring" />
    <tag k="tower:type" v="communication" />
    <tag k="website" v="http://www.la2ab.net/" />
  </node>
  <node id="914066743" version="8" visible="true" action="modify" changeset="188926764" timestamp="2026-09-12T17:25:36Z" user="mueschel" uid="616774" lat="61.0769918" lon="9.7883893">
    <tag k="callsign" v="LA6ZR" />
    <tag k="communication:amateur_radio" v="yes" />
    <tag k="communication:amateur_radio:callsign" v="LA6ZR" />
    <tag k="communication:amateur_radio:repeater" v="yes" />
    <tag k="communication:amateur_radio:repeater:ctcss" v="91.5" />
    <tag k="communication:amateur_radio:repeater:frequency_out" v="145.75 MHz" />
    <tag k="communication:amateur_radio:repeater:modulation" v="11K2F3E" />
    <tag k="communication:amateur_radio:repeater:shift" v="-0.6 MHz" />
    <tag k="communication:mobile_phone" v="yes" />
    <tag k="description" v="Spåtind" />
    <tag k="ele" v="1408" />
    <tag k="group" v="Lillehammer" />
    <tag k="height" v="26" />
    <tag k="man_made" v="mast" />
    <tag k="name" v="LA6ZR" />
    <tag k="note" v="Operator position from JOSM review (was NRRL locator centre)." />
    <tag k="nrrl:group_page" v="https://nrrl.no/grupper/innlandet/lillehammergruppen/" />
    <tag k="ref:hinder" v="4191" />
    <tag k="source" v="Kartverket Luftfartshindre" />
    <tag k="tower:type" v="communication" />
    <tag k="website" v="http://la2l.no/" />
  </node>
  <node id="9276920329" version="3" visible="true" action="modify" changeset="189689568" timestamp="2026-09-28T17:02:29Z" user="Visaman" uid="237638" lat="62.1741886" lon="10.6952682" />
  <node id="9276920330" version="3" visible="true" action="modify" changeset="189689568" timestamp="2026-09-28T17:02:29Z" user="Visaman" uid="237638" lat="62.1742119" lon="10.6952788" />
  <node id="9276920331" version="3" visible="true" action="modify" changeset="189689568" timestamp="2026-09-28T17:02:29Z" user="Visaman" uid="237638" lat="62.1742324" lon="10.6953047" />
  <node id="9276920332" version="3" visible="true" action="modify" changeset="189689568" timestamp="2026-09-28T17:02:29Z" user="Visaman" uid="237638" lat="62.1742480" lon="10.6953433" />
  <node id="9276920333" version="3" visible="true" action="modify" changeset="189689568" timestamp="2026-09-28T17:02:29Z" user="Visaman" uid="237638" lat="62.1742571" lon="10.6953904" />
  <node id="9276920334" version="3" visible="true" action="modify" changeset="189689568" timestamp="2026-09-28T17:02:29Z" user="Visaman" uid="237638" lat="62.1742522" lon="10.6954923" />
  <node id="9276920335" version="3" visible="true" action="modify" changeset="189689568" timestamp="2026-09-28T17:02:29Z" user="Visaman" uid="237638" lat="62.1742383" lon="10.6955359" />
  <node id="9276920336" version="3" visible="true" action="modify" changeset="189689568" timestamp="2026-09-28T17:02:29Z" user="Visaman" uid="237638" lat="62.1742185" lon="10.6955673" />
  <node id="9276920337" version="3" visible="true" action="modify" changeset="189689568" timestamp="2026-09-28T17:02:29Z" user="Visaman" uid="237638" lat="62.1741950" lon="10.6955830" />
  <node id="9276920338" version="3" visible="true" action="modify" changeset="189689568" timestamp="2026-09-28T17:02:29Z" user="Visaman" uid="237638" lat="62.1741704" lon="10.6955812" />
  <node id="9276920339" version="3" visible="true" action="modify" changeset="189689568" timestamp="2026-09-28T17:02:29Z" user="Visaman" uid="237638" lat="62.1741262" lon="10.6955215" />
  <node id="9276920340" version="3" visible="true" action="modify" changeset="189689568" timestamp="2026-09-28T17:02:29Z" user="Visaman" uid="237638" lat="62.1741138" lon="10.6954666" />
  <node id="9276920341" version="3" visible="true" action="modify" changeset="189689568" timestamp="2026-09-28T17:02:29Z" user="Visaman" uid="237638" lat="62.1741119" lon="10.6954058" />
  <node id="9276920342" version="3" visible="true" action="modify" changeset="189689568" timestamp="2026-09-28T17:02:29Z" user="Visaman" uid="237638" lat="62.1741210" lon="10.6953479" />
  <node id="9276920343" version="3" visible="true" action="modify" changeset="189689568" timestamp="2026-09-28T17:02:29Z" user="Visaman" uid="237638" lat="62.1741396" lon="10.6953018" />
  <node id="9276920344" version="3" visible="true" action="modify" changeset="189689568" timestamp="2026-09-28T17:02:29Z" user="Visaman" uid="237638" lat="62.1741474" lon="10.6955622" />
  <node id="9276920345" version="3" visible="true" action="modify" changeset="189689568" timestamp="2026-09-28T17:02:29Z" user="Visaman" uid="237638" lat="62.1741649" lon="10.6952741" />
  <node id="9276920346" version="3" visible="true" action="modify" changeset="189689568" timestamp="2026-09-28T17:02:29Z" user="Visaman" uid="237638" lat="62.1742586" lon="10.6954414" />
  <way id="1005486272" version="11" visible="true" action="modify" changeset="189693189" timestamp="2026-09-28T18:42:26Z" user="Visaman" uid="237638">
    <nd ref="9276920345" />
    <nd ref="9276920343" />
    <nd ref="9276920342" />
    <nd ref="9276920341" />
    <nd ref="9276920340" />
    <nd ref="9276920339" />
    <nd ref="9276920344" />
    <nd ref="9276920338" />
    <nd ref="9276920337" />
    <nd ref="9276920336" />
    <nd ref="9276920335" />
    <nd ref="9276920334" />
    <nd ref="9276920346" />
    <nd ref="9276920333" />
    <nd ref="9276920332" />
    <nd ref="9276920331" />
    <nd ref="9276920330" />
    <nd ref="9276920329" />
    <nd ref="9276920345" />
    <tag k="building" v="service" />
    <tag k="communication:microwave" v="yes" />
    <tag k="communication:mobile_phone" v="yes" />
    <tag k="communication:television" v="yes" />
    <tag k="ele" v="1653" />
    <tag k="height" v="49" />
    <tag k="man_made" v="tower" />
    <tag k="name" v="Tron hovedsender" />
    <tag k="ref:hinder" v="5102" />
    <tag k="source" v="Kartverket Luftfartshindre" />
    <tag k="tower:construction" v="freestanding" />
    <tag k="tower:type" v="communication" />
  </way>
  <node id="11090568828" version="1" visible="true" action="modify" changeset="139460839" timestamp="2023-08-04T23:18:25Z" user="AndersAndersson" uid="113813" lat="61.8978016" lon="9.2834051" />
  <node id="11090568829" version="1" visible="true" action="modify" changeset="139460839" timestamp="2023-08-04T23:18:25Z" user="AndersAndersson" uid="113813" lat="61.8977832" lon="9.2834322" />
  <node id="11090568830" version="1" visible="true" action="modify" changeset="139460839" timestamp="2023-08-04T23:18:25Z" user="AndersAndersson" uid="113813" lat="61.8978299" lon="9.2836740" />
  <node id="11090568831" version="1" visible="true" action="modify" changeset="139460839" timestamp="2023-08-04T23:18:25Z" user="AndersAndersson" uid="113813" lat="61.8978511" lon="9.2836664" />
  <node id="11090568832" version="1" visible="true" action="modify" changeset="139460839" timestamp="2023-08-04T23:18:25Z" user="AndersAndersson" uid="113813" lat="61.8977700" lon="9.2834707" />
  <node id="11090568833" version="1" visible="true" action="modify" changeset="139460839" timestamp="2023-08-04T23:18:25Z" user="AndersAndersson" uid="113813" lat="61.8977637" lon="9.2835163" />
  <node id="11090568834" version="1" visible="true" action="modify" changeset="139460839" timestamp="2023-08-04T23:18:25Z" user="AndersAndersson" uid="113813" lat="61.8977648" lon="9.2835638" />
  <node id="11090568835" version="1" visible="true" action="modify" changeset="139460839" timestamp="2023-08-04T23:18:25Z" user="AndersAndersson" uid="113813" lat="61.8977733" lon="9.2836077" />
  <node id="11090568836" version="1" visible="true" action="modify" changeset="139460839" timestamp="2023-08-04T23:18:25Z" user="AndersAndersson" uid="113813" lat="61.8977882" lon="9.2836432" />
  <node id="11090568837" version="1" visible="true" action="modify" changeset="139460839" timestamp="2023-08-04T23:18:25Z" user="AndersAndersson" uid="113813" lat="61.8978078" lon="9.2836662" />
  <node id="11090568838" version="1" visible="true" action="modify" changeset="139460839" timestamp="2023-08-04T23:18:25Z" user="AndersAndersson" uid="113813" lat="61.8978701" lon="9.2836449" />
  <node id="11090568839" version="1" visible="true" action="modify" changeset="139460839" timestamp="2023-08-04T23:18:25Z" user="AndersAndersson" uid="113813" lat="61.8978848" lon="9.2836117" />
  <node id="11090568840" version="1" visible="true" action="modify" changeset="139460839" timestamp="2023-08-04T23:18:25Z" user="AndersAndersson" uid="113813" lat="61.8978938" lon="9.2835702" />
  <node id="11090568841" version="1" visible="true" action="modify" changeset="139460839" timestamp="2023-08-04T23:18:25Z" user="AndersAndersson" uid="113813" lat="61.8978960" lon="9.2835248" />
  <node id="11090568842" version="1" visible="true" action="modify" changeset="139460839" timestamp="2023-08-04T23:18:25Z" user="AndersAndersson" uid="113813" lat="61.8978913" lon="9.2834803" />
  <node id="11090568843" version="1" visible="true" action="modify" changeset="139460839" timestamp="2023-08-04T23:18:25Z" user="AndersAndersson" uid="113813" lat="61.8978802" lon="9.2834412" />
  <node id="11090568844" version="1" visible="true" action="modify" changeset="139460839" timestamp="2023-08-04T23:18:25Z" user="AndersAndersson" uid="113813" lat="61.8978637" lon="9.2834118" />
  <node id="11090568845" version="1" visible="true" action="modify" changeset="139460839" timestamp="2023-08-04T23:18:25Z" user="AndersAndersson" uid="113813" lat="61.8978437" lon="9.2833951" />
  <node id="11090568846" version="1" visible="true" action="modify" changeset="139460839" timestamp="2023-08-04T23:18:25Z" user="AndersAndersson" uid="113813" lat="61.8978223" lon="9.2833928" />
  <way id="1194875539" version="4" visible="true" action="modify" changeset="175619448" timestamp="2025-12-07T11:54:57Z" user="Visaman" uid="237638">
    <nd ref="11090568838" />
    <nd ref="11090568839" />
    <nd ref="11090568840" />
    <nd ref="11090568841" />
    <nd ref="11090568842" />
    <nd ref="11090568843" />
    <nd ref="11090568844" />
    <nd ref="11090568845" />
    <nd ref="11090568846" />
    <nd ref="11090568828" />
    <nd ref="11090568829" />
    <nd ref="11090568832" />
    <nd ref="11090568833" />
    <nd ref="11090568834" />
    <nd ref="11090568835" />
    <nd ref="11090568836" />
    <nd ref="11090568837" />
    <nd ref="11090568830" />
    <nd ref="11090568831" />
    <nd ref="11090568838" />
    <tag k="building:levels" v="4" />
    <tag k="building:material" v="concrete" />
    <tag k="building:min_level" v="1" />
    <tag k="building:part" v="yes" />
    <tag k="callsign" v="LA6JRR" />
    <tag k="communication:amateur_radio" v="yes" />
    <tag k="communication:amateur_radio:callsign" v="LA6JRR" />
    <tag k="communication:amateur_radio:repeater" v="yes" />
    <tag k="communication:amateur_radio:repeater:ctcss" v="88.5" />
    <tag k="communication:amateur_radio:repeater:frequency_out" v="145.662500" />
    <tag k="communication:amateur_radio:repeater:modulation" v="11K2F3E" />
    <tag k="communication:amateur_radio:repeater:shift" v="-0,6 Mhz" />
    <tag k="ele" v="1617" />
    <tag k="name" v="LA6JRR" />
    <tag k="network" v="LA5MR" />
    <tag k="osm_relation" v="relation/18780801" />
  </way>
  <node id="3594659819" version="3" visible="true" action="modify" changeset="115528096" timestamp="2021-12-29T16:29:39Z" user="NKA" uid="3497659" lat="58.8101437" lon="5.7447417" />
  <node id="5933925630" version="2" visible="true" action="modify" changeset="115528096" timestamp="2021-12-29T16:29:39Z" user="NKA" uid="3497659" lat="58.8101141" lon="5.7447790" />
  <node id="5933925631" version="2" visible="true" action="modify" changeset="115528096" timestamp="2021-12-29T16:29:39Z" user="NKA" uid="3497659" lat="58.8101351" lon="5.7448411" />
  <node id="5933925632" version="2" visible="true" action="modify" changeset="115528096" timestamp="2021-12-29T16:29:39Z" user="NKA" uid="3497659" lat="58.8101647" lon="5.7448039" />
  <way id="628543477" version="1" visible="true" action="modify" changeset="62973940" timestamp="2018-09-27T11:13:15Z" user="Odiz" uid="665490">
    <nd ref="3594659819" />
    <nd ref="5933925630" />
    <nd ref="5933925631" />
    <nd ref="5933925632" />
    <nd ref="3594659819" />
    <tag k="amenity" v="shelter" />
    <tag k="building" v="yes" />
    <tag k="callsign" v="LA4WRR" />
    <tag k="communication:amateur_radio" v="yes" />
    <tag k="communication:amateur_radio:callsign" v="LA4WRR" />
    <tag k="communication:amateur_radio:repeater" v="yes" />
    <tag k="communication:amateur_radio:repeater:ctcss" v="123" />
    <tag k="communication:amateur_radio:repeater:frequency_out" v="434.85 MHz" />
    <tag k="communication:amateur_radio:repeater:modulation" v="11K2F3E" />
    <tag k="communication:amateur_radio:repeater:shift" v="-2 MHz" />
    <tag k="group" v="Sandnes" />
    <tag k="name" v="LA4WRR" />
    <tag k="network" v="Sandnes net" />
    <tag k="note" v="Sandnes net member. OSM way/628543477 (Bogafjell)." />
    <tag k="nrrl:group_page" v="https://nrrl.no/grupper/rogaland/sandnesgruppen/" />
    <tag k="website" v="https://la9s.no/" />
  </way>
  <node id="2877228667" version="7" visible="true" action="modify" changeset="87622301" timestamp="2020-07-06T23:24:51Z" user="km2bp" uid="3610826" lat="59.6710507" lon="9.5219887" />
  <node id="7689637186" version="1" visible="true" action="modify" changeset="87622301" timestamp="2020-07-06T23:24:51Z" user="km2bp" uid="3610826" lat="59.6710368" lon="9.5219038" />
  <node id="7689637187" version="1" visible="true" action="modify" changeset="87622301" timestamp="2020-07-06T23:24:51Z" user="km2bp" uid="3610826" lat="59.6710205" lon="9.5218730" />
  <node id="7689637188" version="1" visible="true" action="modify" changeset="87622301" timestamp="2020-07-06T23:24:51Z" user="km2bp" uid="3610826" lat="59.6710000" lon="9.5218543" />
  <node id="7689637189" version="1" visible="true" action="modify" changeset="87622301" timestamp="2020-07-06T23:24:51Z" user="km2bp" uid="3610826" lat="59.6709776" lon="9.5218497" />
  <node id="7689637190" version="1" visible="true" action="modify" changeset="87622301" timestamp="2020-07-06T23:24:51Z" user="km2bp" uid="3610826" lat="59.6709556" lon="9.5218597" />
  <node id="7689637191" version="1" visible="true" action="modify" changeset="87622301" timestamp="2020-07-06T23:24:51Z" user="km2bp" uid="3610826" lat="59.6709365" lon="9.5218831" />
  <node id="7689637192" version="1" visible="true" action="modify" changeset="87622301" timestamp="2020-07-06T23:24:51Z" user="km2bp" uid="3610826" lat="59.6709221" lon="9.5219175" />
  <node id="7689637193" version="1" visible="true" action="modify" changeset="87622301" timestamp="2020-07-06T23:24:51Z" user="km2bp" uid="3610826" lat="59.6709332" lon="9.5220827" />
  <node id="7689637194" version="1" visible="true" action="modify" changeset="87622301" timestamp="2020-07-06T23:24:51Z" user="km2bp" uid="3610826" lat="59.6709519" lon="9.5221089" />
  <node id="7689637195" version="1" visible="true" action="modify" changeset="87622301" timestamp="2020-07-06T23:24:51Z" user="km2bp" uid="3610826" lat="59.6709738" lon="9.5221215" />
  <node id="7689637196" version="1" visible="true" action="modify" changeset="87622301" timestamp="2020-07-06T23:24:51Z" user="km2bp" uid="3610826" lat="59.6709966" lon="9.5221192" />
  <node id="7689637197" version="1" visible="true" action="modify" changeset="87622301" timestamp="2020-07-06T23:24:51Z" user="km2bp" uid="3610826" lat="59.6710178" lon="9.5221022" />
  <node id="7689637198" version="1" visible="true" action="modify" changeset="87622301" timestamp="2020-07-06T23:24:51Z" user="km2bp" uid="3610826" lat="59.6710351" lon="9.5220725" />
  <node id="7689637199" version="1" visible="true" action="modify" changeset="87622301" timestamp="2020-07-06T23:24:51Z" user="km2bp" uid="3610826" lat="59.6710464" lon="9.5220332" />
  <node id="7689637200" version="1" visible="true" action="modify" changeset="87622301" timestamp="2020-07-06T23:24:51Z" user="km2bp" uid="3610826" lat="59.6709142" lon="9.5219593" />
  <node id="7689637201" version="1" visible="true" action="modify" changeset="87622301" timestamp="2020-07-06T23:24:51Z" user="km2bp" uid="3610826" lat="59.6709135" lon="9.5220039" />
  <node id="7689637202" version="1" visible="true" action="modify" changeset="87622301" timestamp="2020-07-06T23:24:51Z" user="km2bp" uid="3610826" lat="59.6709200" lon="9.5220465" />
  <node id="7689637203" version="1" visible="true" action="modify" changeset="87622301" timestamp="2020-07-06T23:24:51Z" user="km2bp" uid="3610826" lat="59.6710473" lon="9.5219439" />
  <way id="823622041" version="6" visible="true" action="modify" changeset="152435777" timestamp="2024-06-09T00:08:22Z" user="km2bp" uid="3610826">
    <nd ref="2877228667" />
    <nd ref="7689637203" />
    <nd ref="7689637186" />
    <nd ref="7689637187" />
    <nd ref="7689637188" />
    <nd ref="7689637189" />
    <nd ref="7689637190" />
    <nd ref="7689637191" />
    <nd ref="7689637192" />
    <nd ref="7689637200" />
    <nd ref="7689637201" />
    <nd ref="7689637202" />
    <nd ref="7689637193" />
    <nd ref="7689637194" />
    <nd ref="7689637195" />
    <nd ref="7689637196" />
    <nd ref="7689637197" />
    <nd ref="7689637198" />
    <nd ref="7689637199" />
    <nd ref="2877228667" />
    <tag k="aeroway:light" v="obstacle" />
    <tag k="aeroway:light:character" v="fixed" />
    <tag k="aeroway:light:colour" v="red" />
    <tag k="building" v="yes" />
    <tag k="callsign" v="LA8KR" />
    <tag k="communication:amateur_radio" v="yes" />
    <tag k="communication:amateur_radio:callsign" v="LA8KR" />
    <tag k="communication:amateur_radio:repeater" v="yes" />
    <tag k="communication:amateur_radio:repeater:ctcss" v="74.4" />
    <tag k="communication:amateur_radio:repeater:frequency_out" v="145.7 MHz" />
    <tag k="communication:amateur_radio:repeater:modulation" v="11K2F3E" />
    <tag k="communication:amateur_radio:repeater:shift" v="-0.6 MHz" />
    <tag k="communication:microwave" v="yes" />
    <tag k="communication:mobile_phone" v="yes" />
    <tag k="communication:television" v="yes" />
    <tag k="ele" v="900" />
    <tag k="group" v="Kongsberg" />
    <tag k="height" v="103" />
    <tag k="image" v="https://photos.app.goo.gl/9H1rbcUNKfbcVWxh6" />
    <tag k="loc_name" v="Knutetårnet" />
    <tag k="man_made" v="tower" />
    <tag k="mapillary" v="1098700850614995" />
    <tag k="name" v="LA8KR" />
    <tag k="note" v="disagreement" />
    <tag k="nrrl:group_page" v="https://nrrl.no/grupper/buskerud/kongsberggruppen/" />
    <tag k="ref:hinder" v="3171" />
    <tag k="source" v="Kartverket Luftfartshindre" />
    <tag k="tower:construction" v="freestanding" />
    <tag k="tower:type" v="communication" />
    <tag k="website" v="https://www.la8z.com" />
  </way>
  <relation id="18780801" version="3" visible="true" action="modify" changeset="163381158" timestamp="2025-03-08T22:09:44Z" user="Visaman" uid="237638">
    <member type="node" ref="5576656337" role="" />
    <member type="node" ref="1011896359" role="" />
    <member type="node" ref="-62" role="" />
    <member type="node" ref="1640276661" role="" />
    <member type="node" ref="5576442558" role="" />
    <member type="node" ref="-190" role="" />
    <tag k="communication:amateur_radio:repeater" v="yes" />
    <tag k="name" v="LA5MR" />
    <tag k="operator" v="Sambandstjenesten Innlandet" />
    <tag k="type" v="network" />
    <tag k="website" v="https://innlandsnettet.no/" />
  </relation>
  <relation id="18788322" version="1" visible="true" action="modify" changeset="163282024" timestamp="2025-03-06T11:45:44Z" user="Visaman" uid="237638">
    <member type="node" ref="5417275137" role="" />
    <member type="node" ref="12640560650" role="" />
    <member type="node" ref="11540556760" role="" />
    <member type="node" ref="1964429111" role="" />
    <member type="node" ref="5008797918" role="" />
    <member type="node" ref="-44" role="" />
    <member type="node" ref="14266675291" role="" />
    <tag k="communication:amateur_radio:repeater" v="yes" />
    <tag k="name" v="Fylkesnettet" />
    <tag k="source" v="Grenlandgruppen av Norsk Radio Relæ Liga" />
    <tag k="type" v="network" />
  </relation>
  <relation id="-585" visible="true" action="modify">
    <member type="node" ref="14266724832" role="" />
    <member type="node" ref="14266724834" role="" />
    <member type="node" ref="14266724836" role="" />
    <member type="node" ref="14266724838" role="" />
    <member type="node" ref="14266724839" role="" />
    <member type="node" ref="14270013283" role="" />
    <tag k="communication:amateur_radio:repeater" v="yes" />
    <tag k="name" v="Agder net" />
    <tag k="source" v="local knowledge / repeater-crosscheck" />
    <tag k="type" v="network" />
  </relation>
  <relation id="-586" visible="true" action="modify">
    <member type="node" ref="14266618782" role="" />
    <member type="node" ref="14266618786" role="" />
    <member type="way" ref="628543477" role="" />
    <tag k="communication:amateur_radio:repeater" v="yes" />
    <tag k="name" v="Sandnes net" />
    <tag k="source" v="local knowledge / repeater-crosscheck" />
    <tag k="type" v="network" />
  </relation>
  <relation id="-587" visible="true" action="modify">
    <member type="node" ref="14262214693" role="" />
    <member type="node" ref="5583842945" role="" />
    <member type="node" ref="12666540760" role="" />
    <tag k="communication:amateur_radio:repeater" v="yes" />
    <tag k="name" v="Bergen-voss" />
    <tag k="source" v="local knowledge / repeater-crosscheck" />
    <tag k="type" v="network" />
  </relation>
<node id="14270013283" timestamp="2026-10-10T08:42:54Z" uid="237638" user="Visaman" visible="true" version="1" changeset="190288395" lat="58.770802" lon="9.125">
    <tag k="best_source" v="local" />
    <tag k="callsign" v="LA6SR" />
    <tag k="communication:amateur_radio" v="yes" />
    <tag k="communication:amateur_radio:callsign" v="LA6SR" />
    <tag k="communication:amateur_radio:repeater" v="yes" />
    <tag k="communication:amateur_radio:repeater:ctcss" v="123" />
    <tag k="communication:amateur_radio:repeater:frequency_out" v="145.775 MHz" />
    <tag k="communication:amateur_radio:repeater:modulation" v="11K2F3E" />
    <tag k="communication:amateur_radio:repeater:shift" v="-0.6 MHz" />
    <tag k="group" v="Arendal" />
    <tag k="name" v="LA6SR" />
    <tag k="network" v="Agder net" />
    <tag k="note" v="Agder net member. Position from RepeaterBook (no dedicated OSM node yet).; operator override position" />
    <tag k="website" v="https://nrrl.no/grupper/agder/arendalsgruppen/" />
  </node>
  </osm>
